id,price
9086520,5490000
9086521,10950000
9086522,10500000
9086523,6200000
9086524,3100000
9086525,2500000
9086526,3030000
9086527,4283339
9086528,39055555
9086529,2950000
9086530,1450000
9086531,4360000
9086532,4226000
9086533,1300000
9086534,2400000
9086535,3921600
9086536,2990000
9086537,2500000
9086538,3012651
9086539,4400000
9086540,1700000
9086541,4000000
9086542,3350000
9086543,11500000
9086544,4900000
9086545,4600000
9086546,3000000
9086547,2750000
9086548,1390000
9086549,16400000
9086550,1430000
9086551,1600000
9086552,3090000
9086553,2900000
9086554,4520000
9086555,1750000
9086556,10500000
9086557,1950000
9086558,2900000
9086559,4300000
9086560,2800000
9086561,6530000
9086562,4150000
9086563,1680000
9086564,3600000
9086565,3300000
9086566,2500000
9086567,2760000
9086568,5300000
9086569,9500000
9086570,6500000
9086571,3760000
9086572,2840000
9086573,1200000
9086574,3350000
9086575,3500000
9086576,3300000
9086577,5430000
9086578,4850000
9086579,1800000
9086580,1800000
9086581,3370000
9086582,2650000
9086583,4600000
9086584,4200000
9086585,9000000
9086586,790000
9086587,3900000
9086588,7300000
9086589,2050000
9086590,3300000
9086591,6500000
9086592,6700000
9086593,2200000
9086594,2650000
9086595,6590000
9086596,3850000
9086597,890000
9086598,4200000
9086599,2950000
9086600,1490000
9086601,850000
9086602,16500000
9086603,6700000
9086604,4791000
9086605,2650000
9086606,3900000
9086607,9620000
9086608,6100000
9086609,7000000
9086610,7000000
9086611,8180880
9086612,7000000
9086613,8500000
9086614,3000000
9086615,1660000
9086616,5000000
9086617,4300000
9086618,11590000
9086619,3400000
9086620,20000000
9086621,6900000
9086622,10500000
9086623,9800000
9086624,2550000
9086625,3200000
9086626,2070000
9086627,4900000
9086628,3000000
9086629,29172298
9086630,7700000
9086631,5000000
9086632,4100000
9086633,2900000
9086634,4400000
9086635,580000
9086636,2550000
9086637,1950000
9086638,5670000
9086639,4500000
9086640,5650000
9086641,5650000
9086642,40202653
9086643,5790000
9086644,2170000
9086645,5100000
9086646,4200000
9086647,1400000
9086648,1130000
9086649,3250000
9086650,18200000
9086651,3350000
9086652,4400000
9086653,4850000
9086654,5100000
9086655,3850000
9086656,1050000
9086657,6700000
9086658,6200000
9086659,3500000
9086660,18300000
9086661,3116700
9086662,2490000
9086663,12000000
9086664,2750000
9086665,3290000
9086666,3268800
9086667,10500000
9086668,5300000
9086669,3500000
9086670,6900000
9086671,1150000
9086672,4900000
9086673,13000000
9086674,11200000
9086675,6340246
9086676,5990000
9086677,6900000
9086678,1120000
9086679,1650000
9086680,5700000
9086681,1700000
9086682,4970000
9086683,7700000
9086684,2200000
9086685,7800000
9086686,2490000
9086687,2700000
9086688,9740000
9086689,1350000
9086690,2799000
9086691,8000000
9086692,3700000
9086693,3050000
9086694,11600000
9086695,3490000
9086696,6938740
9086697,2900000
9086698,6600000
9086699,4750000
9086700,2500000
9086701,3370000
9086702,5690000
9086703,2361000
9086704,3258000
9086705,3258900
9086706,3305684
9086707,2923200
9086708,3100000
9086709,1799000
9086710,4000000
9086711,156577080
9086712,2750000
9086713,2000000
9086714,12385000
9086715,5300000
9086716,12300000
9086717,14900000
9086718,3246300
9086719,3500000
9086720,9250000
9086721,2250000
9086722,2600000
9086723,12300000
9086724,450000
9086725,1450000
9086726,9250000
9086727,3650000
9086728,3600000
9086729,7000000
9086730,12799000
9086731,2430000
9086732,2361000
9086733,2000000
9086734,8500000
9086735,3090000
9086736,3980000
9086737,13000000
9086738,15000000
9086739,3600000
9086740,1000001
9086741,2800000
9086742,3600000
9086743,3180000
9086744,5250000
9086745,2900000
9086746,2450000
9086747,2334000
9086748,9450203
9086749,2390000
9086750,2690000
9086751,10500000
9086752,1250000
9086753,2700000
9086754,1400000
9086755,2330710
9086756,2680000
9086757,2360000
9086758,4537000
9086759,1600000
9086760,2990000
9086761,2450000
9086762,1550000
9086763,3650000
9086764,3862800
9086765,3150000
9086766,2427000
9086767,4300000
9086768,4850000
9086769,2300000
9086770,3250000
9086771,6740000
9086772,4160000
9086773,3841960
9086774,2690000
9086775,3200000
9086776,3450000
9086777,1500000
9086778,3150000
9086779,1499000
9086780,3750000
9086781,3400000
9086782,3900000
9086783,3653100
9086784,4500000
9086785,4850000
9086786,4283339
9086787,5250000
9086788,10190000
9086789,3700000
9086790,3140000
9086791,3350000
9086792,2400000
9086793,4850000
9086794,17000000
9086795,5315316
9086796,2426000
9086797,6724000
9086798,3500000
9086799,2460000
9086800,2850000
9086801,3450000
9086802,8300000
9086803,1850000
9086804,4100000
9086805,3846550
9086806,1100000
9086807,850000
9086808,2380000
9086809,3510000
9086810,4386000
9086811,10700000
9086812,3600000
9086813,3200000
9086814,1350000
9086815,9600000
9086816,3657500
9086817,4250000
9086818,3700000
9086819,4350000
9086820,12000000
9086821,2883600
9086822,3600000
9086823,47000000
9086824,3500000
9086825,3890000
9086826,3158100
9086827,3339547
9086828,1700000
9086829,4650000
9086830,2100000
9086831,1320000
9086832,4150000
9086833,5900000
9086834,9800000
9086835,2790000
9086836,4480000
9086837,1200000
9086838,3420000
9086839,5449999
9086840,7500000
9086841,2331100
9086842,2819000
9086843,15300000
9086844,2450000
9086845,3500000
9086846,2999000
9086847,4440002
9086848,19900000
9086849,4677550
9086850,3300000
9086851,2200000
9086852,4785000
9086853,3300000
9086854,3999000
9086855,15700000
9086856,4500000
9086857,4780000
9086858,5600000
9086859,1700000
9086860,3417150
9086861,5500000
9086862,2550000
9086863,4780000
9086864,14200000
9086865,3850000
9086866,2000000
9086867,1050000
9086868,2000000
9086869,5995000
9086870,10150000
9086871,1850000
9086872,7200000
9086873,2100000
9086874,5000000
9086875,7200000
9086876,3400000
9086877,6500000
9086878,3700000
9086879,3900000
9086880,21990000
9086881,3450000
9086882,1590000
9086883,1450000
9086884,2590000
9086885,3190000
9086886,3450000
9086887,3480000
9086888,3100000
9086889,4950000
9086890,5800000
9086891,4165939
9086892,1400000
9086893,1350000
9086894,10700000
9086895,2986560
9086896,4100000
9086897,2600000
9086898,2318000
9086899,4700000
9086900,2490000
9086901,4094000
9086902,3444300
9086903,5350000
9086904,3400000
9086905,2141440
9086906,1650000
9086907,2427000
9086908,3000000
9086909,2300000
9086910,2600000
9086911,3700000
9086912,1750000
9086913,2100000
9086914,5790000
9086915,3249900
9086916,5329160
9086917,7200000
9086918,15000000
9086919,4200000
9086920,4800000
9086921,2050000
9086922,9300000
9086923,2050000
9086924,12000000
9086925,10100000
9086926,10000000
9086927,5350000
9086928,3499000
9086929,3401060
9086930,2700000
9086931,1600000
9086932,1700000
9086933,1150000
9086934,2500000
9086935,400000
9086936,3450000
9086937,4400000
9086938,5010720
9086939,5180000
9086940,3550000
9086941,6100000
9086942,3100000
9086943,8100000
9086944,4323000
9086945,2550794
9086946,8100000
9086947,14000000
9086948,3750000
9086949,7500000
9086950,6367000
9086951,13000000
9086952,17000000
9086953,12270917
9086954,5350000
9086955,2000000
9086956,4480000
9086957,5100000
9086958,3500000
9086959,3100000
9086960,2150000
9086961,4100000
9086962,6100000
9086963,2980000
9086964,14700000
9086965,7500000
9086966,3500000
9086967,9200000
9086968,11000000
9086969,2380000
9086970,3350000
9086971,2997900
9086972,4150000
9086973,1300000
9086974,5680800
9086975,3790000
9086976,3920000
9086977,2400000
9086978,480000
9086979,4888000
9086980,2100000
9086981,8900000
9086982,4000000
9086983,5600000
9086984,2900000
9086985,2930000
9086986,5950000
9086987,5000000
9086988,4200000
9086989,3990000
9086990,6990000
9086991,2150000
9086992,6000000
9086993,1980000
9086994,12100000
9086995,5350000
9086996,2100000
9086997,2350000
9086998,249000
9086999,5550000
9087000,3100000
9087001,5555555
9087002,7000000
9087003,5650000
9087004,7095000
9087005,7095000
9087006,22500000
9087007,5350000
9087008,4900000
9087009,10500000
9087010,9300000
9087011,3962000
9087012,3000000
9087013,8900000
9087014,13000000
9087015,3000000
9087016,3250000
9087017,2650000
9087018,3250000
9087019,3850000
9087020,7990000
9087021,3350000
9087022,3600000
9087023,8990000
9087024,990000
9087025,5500000
9087026,499999
9087027,1450000
9087028,9300000
9087029,3158100
9087030,5695690
9087031,4048110
9087032,1800000
9087033,2885850
9087034,3500000
9087035,2850000
9087036,930000
9087037,7499000
9087038,4400000
9087039,17900000
9087040,31500000
9087041,15500000
9087042,4600000
9087043,1700000
9087044,35000000
9087045,1950000
9087046,7300000
9087047,5125000
9087048,4800000
9087049,7000000
9087050,4800000
9087051,9100000
9087052,4599000
9087053,3850000
9087054,4900000
9087055,2150000
9087056,5178195
9087057,4080000
9087058,6000000
9087059,4350000
9087060,4600000
9087061,2078504
9087062,3100000
9087063,6750000
9087064,5600000
9087065,10000000
9087066,9900000
9087067,4550000
9087068,2500000
9087069,4500000
9087070,4650000
9087071,35750000
9087072,7000000
9087073,2400000
9087074,4150000
9087075,7800000
9087076,1800000
9087077,4050000
9087078,3800000
9087079,4100000
9087080,9200000
9087081,9500000
9087082,16300000
9087083,4567870
9087084,1650000
9087085,3172500
9087086,5062373
9087087,9495000
9087088,9250000
9087089,3100000
9087090,3470000
9087091,3900000
9087092,3160000
9087093,4600000
9087094,5000000
9087095,3275100
9087096,1660000
9087097,12790000
9087098,9650000
9087099,1600000
9087100,3700000
9087101,2668050
9087102,850000
9087103,2850000
9087104,4300000
9087105,2550000
9087106,3750000
9087107,2100000
9087108,1750000
9087109,2500000
9087110,3750000
9087111,34000000
9087112,9912495
9087113,3380000
9087114,3200000
9087115,6539000
9087116,6900000
9087117,3100000
9087118,6800000
9087119,7963200
9087120,13500000
9087121,4480000
9087122,3350000
9087123,3100000
9087124,4850000
9087125,3607500
9087126,4300000
9087127,5500000
9087128,71717647
9087129,3560000
9087130,4290000
9087131,800000
9087132,37200000
9087133,31500000
9087134,6200000
9087135,3200000
9087136,47500000
9087137,8250000
9087138,2200000
9087139,8250000
9087140,5800000
9087141,15700000
9087142,12500000
9087143,3790000
9087144,3569487
9087145,3790000
9087146,8050000
9087147,4850000
9087148,6800000
9087149,4662000
9087150,10400000
9087151,12000000
9087152,3000000
9087153,2300000
9087154,5700000
9087155,1600000
9087156,9560000
9087157,7784000
9087158,2650000
9087159,3900000
9087160,7600000
9087161,2060000
9087162,3500000
9087163,8450000
9087164,6200000
9087165,8600000
9087166,3596978
9087167,1900000
9087168,490000
9087169,2945000
9087170,3250000
9087171,4190000
9087172,2450000
9087173,6400000
9087174,640000
9087175,7000000
9087176,15099000
9087177,7650000
9087178,1600000
9087179,9715200
9087180,8100000
9087181,2600000
9087182,4413800
9087183,2050000
9087184,2294500
9087185,2900000
9087186,4500000
9087187,3000000
9087188,7350000
9087189,4392000
9087190,3969000
9087191,6113968
9087192,4634000
9087193,3474000
9087194,5139000
9087195,6149360
9087196,6136720
9087197,4850000
9087198,6750000
9087199,6750000
9087200,4800000
9087201,2399000
9087202,6136720
9087203,6113968
9087204,3246380
9087205,1750000
9087206,3594000
9087207,2294500
9087208,1499900
9087209,8000000
9087210,2800000
9087211,14200000
9087212,16200000
9087213,7500000
9087214,13500000
9087215,2300000
9087216,2100000
9087217,7825000
9087218,1700000
9087219,7470000
9087220,3150000
9087221,2640000
9087222,3900000
9087223,4500000
9087224,5250000
9087225,9000000
9087226,6650000
9087227,5850000
9087228,2700000
9087229,1299999
9087230,12480000
9087231,9150000
9087232,3000000
9087233,4950000
9087234,3300000
9087235,220000
9087236,4600000
9087237,3000000
9087238,5560000
9087239,2294500
9087240,2262000
9087241,2970000
9087242,8600000
9087243,4050000
9087244,1850000
9087245,1880000
9087246,3700000
9087247,3830000
9087248,2700000
9087249,2700000
9087250,6999000
9087251,8700000
9087252,4100000
9087253,5500000
9087254,10800000
9087255,12400000
9087256,4700000
9087257,5150000
9087258,5150000
9087259,6700000
9087260,2000000
9087261,3061000
9087262,3073000
9087263,2994000
9087264,3250000
9087265,3050000
9087266,3064000
9087267,2500000
9087268,2230000
9087269,7000000
9087270,27435200
9087271,11700000
9087272,1450000
9087273,2900000
9087274,3650000
9087275,3900000
9087276,4980000
9087277,13000000
9087278,5400000
9087279,8630000
9087280,12400000
9087281,6150000
9087282,1800000
9087283,3150000
9087284,2450000
9087285,2000000
9087286,4900000
9087287,3850000
9087288,3200000
9087289,4850000
9087290,4200000
9087291,6100000
9087292,1550000
9087293,7000000
9087294,3050000
9087295,2050000
9087296,3000000
9087297,3300000
9087298,8600000
9087299,3060000
9087300,33900000
9087301,2500000
9087302,2490000
9087303,2600000
9087304,1950000
9087305,4750000
9087306,4100000
9087307,18000000
9087308,31000000
9087309,16900000
9087310,5500000
9087311,5500000
9087312,5300000
9087313,1299000
9087314,2700000
9087315,10700000
9087316,4100000
9087317,5500000
9087318,4650000
9087319,5500000
9087320,7000000
9087321,4150000
9087322,18000000
9087323,15000000
9087324,30000000
9087325,7400000
9087326,2300000
9087327,1100000
9087328,5100000
9087329,3900000
9087330,2350000
9087331,4400000
9087332,3200000
9087333,9120000
9087334,2900000
9087335,1886000
9087336,179000000
9087337,1400000
9087338,1690000
9087339,1350000
9087340,2690000
9087341,3580000
9087342,5200000
9087343,11000000
9087344,3628087
9087345,7203196
9087346,3404000
9087347,5300000
9087348,4500000
9087349,7000000
9087350,2900000
9087351,3300000
9087352,3500000
9087353,3970000
9087354,3250000
9087355,5500000
9087356,2600000
9087357,6650000
9087358,4200000
9087359,3999000
9087360,5000000
9087361,2650000
9087362,2750000
9087363,4430000
9087364,7800000
9087365,1500000
9087366,3700000
9087367,5700000
9087368,2200000
9087369,14700000
9087370,5500000
9087371,10500000
9087372,3950000
9087373,3400000
9087374,2450000
9087375,6700000
9087376,2900000
9087377,1900000
9087378,2150000
9087379,10700000
9087380,2450000
9087381,23100000
9087382,2290000
9087383,2730000
9087384,5930000
9087385,1600000
9087386,3500000
9087387,3190290
9087388,7590000
9087389,14500000
9087390,4300000
9087391,2550000
9087392,13500000
9087393,1900000
9087394,17700000
9087395,5900000
9087396,3800000
9087397,17148529
9087398,7490000
9087399,7800000
9087400,19999476
9087401,8380000
9087402,3800000
9087403,2900000
9087404,1850000
9087405,3219000
9087406,1850000
9087407,4850000
9087408,11600000
9087409,4650000
9087410,1500000
9087411,4980000
9087412,4590000
9087413,14000000
9087414,76900000
9087415,4950000
9087416,14700000
9087417,6000000
9087418,3450000
9087419,1850000
9087420,2067000
9087421,13200000
9087422,3700000
9087423,5100000
9087424,9400000
9087425,1995000
9087426,4600000
9087427,11000000
9087428,10500000
9087429,1400000
9087430,2850000
9087431,5550000
9087432,2650000
9087433,9600000
9087434,4450000
9087435,12500000
9087436,5000000
9087437,400000
9087438,2250000
9087439,2100000
9087440,3000000
9087441,1500000
9087442,6430000
9087443,13200000
9087444,16250000
9087445,15000000
9087446,2800000
9087447,2400000
9087448,3980000
9087449,2801400
9087450,2267760
9087451,1470000
9087452,2841855
9087453,1900000
9087454,6200000
9087455,5299999
9087456,1500000
9087457,3199000
9087458,5000000
9087459,1540000
9087460,2200000
9087461,3100000
9087462,4600000
9087463,3000000
9087464,5280000
9087465,3280000
9087466,5600000
9087467,5800000
9087468,5050000
9087469,12990000
9087470,1780000
9087471,3150000
9087472,2670000
9087473,1500000
9087474,3200000
9087475,3850000
9087476,6000000
9087477,1635000
9087478,3000000
9087479,2600000
9087480,1600000
9087481,3440000
9087482,1850000
9087483,5600000
9087484,6900000
9087485,14000000
9087486,4450000
9087487,4400000
9087488,3800000
9087489,2950000
9087490,2950000
9087491,2300000
9087492,40900000
9087493,17500000
9087494,10600000
9087495,4250000
9087496,3000000
9087497,3750000
9087498,6655000
9087499,2120000
9087500,13500000
9087501,1700000
9087502,3150000
9087503,2599999
9087504,12000000
9087505,11999000
9087506,2500000
9087507,5292700
9087508,950000
9087509,5060000
9087510,6800000
9087511,11200000
9087512,5800000
9087513,2000000
9087514,3100000
9087515,4999000
9087516,3990000
9087517,1220000
9087518,3050000
9087519,2900000
9087520,2300000
9087521,1300000
9087522,1890000
9087523,1850000
9087524,1400000
9087525,3700000
9087526,3400000
9087527,6800000
9087528,3300000
9087529,4500000
9087530,12200000
9087531,2200000
9087532,5900000
9087533,2000000
9087534,5570000
9087535,5500000
9087536,3750000
9087537,6000000
9087538,3220000
9087539,3060000
9087540,4900000
9087541,1650000
9087542,5100000
9087543,2950000
9087544,25000000
9087545,3000000
9087546,3800000
9087547,1155000
9087548,650000
9087549,2300000
9087550,14850000
9087551,2710000
9087552,20500000
9087553,8850000
9087554,3000000
9087555,5800000
9087556,3920000
9087557,4700000
9087558,970000
9087559,570000
9087560,3198000
9087561,3050000
9087562,1050000
9087563,7943000
9087564,2450000
9087565,3990000
9087566,2350000
9087567,1200000
9087568,4000000
9087569,3400000
9087570,16250000
9087571,9421800
9087572,985000
9087573,6200000
9087574,7899000
9087575,6100000
9087576,2800000
9087577,2450000
9087578,2700000
9087579,2700000
9087580,5900000
9087581,3050000
9087582,2000000
9087583,5050000
9087584,2600000
9087585,7990000
9087586,20200000
9087587,5800000
9087588,9000000
9087589,1600000
9087590,2800000
9087591,4500000
9087592,5500000
9087593,2900000
9087594,4900000
9087595,8400000
9087596,1350000
9087597,13340000
9087598,2900000
9087599,1590000
9087600,1360000
9087601,1390000
9087602,1590000
9087603,1590000
9087604,4145000
9087605,5100000
9087606,6400000
9087607,2000000
9087608,2100000
9087609,2700000
9087610,2350000
9087611,4300000
9087612,5200000
9087613,3190000
9087614,2850000
9087615,4100000
9087616,17300000
9087617,3100000
9087618,3500000
9087619,3500000
9087620,12518400
9087621,1420000
9087622,8400000
9087623,930000
9087624,1400000
9087625,3952700
9087626,3814800
9087627,10000000
9087628,10200000
9087629,1620000
9087630,7085000
9087631,2300000
9087632,1550000
9087633,5200000
9087634,7900000
9087635,5500000
9087636,4500000
9087637,1390000
9087638,1950000
9087639,9950000
9087640,5800000
9087641,2000000
9087642,8300000
9087643,3555636
9087644,5800000
9087645,2650000
9087646,8500000
9087647,2850000
9087648,6700000
9087649,4450000
9087650,6500000
9087651,4750000
9087652,5950000
9087653,6500000
9087654,4200000
9087655,4600000
9087656,8600000
9087657,5100000
9087658,2250000
9087659,5700000
9087660,3380000
9087661,1400000
9087662,4600000
9087663,3490000
9087664,3100000
9087665,6200000
9087666,10300000
9087667,4250000
9087668,4800000
9087669,3550000
9087670,2336100
9087671,4034800
9087672,2363750
9087673,4780400
9087674,5079650
9087675,2642640
9087676,4200000
9087677,6250000
9087678,11000000
9087679,4200000
9087680,10300000
9087681,2700000
9087682,1934130
9087683,2679200
9087684,3750000
9087685,2900000
9087686,2300000
9087687,8200000
9087688,5040000
9087689,4680000
9087690,900000
9087691,21300000
9087692,4170000
9087693,970000
9087694,3388450
9087695,10400000
9087696,5520000
9087697,9600000
9087698,10700000
9087699,5900000
9087700,11000000
9087701,8850000
9087702,8600000
9087703,17385000
9087704,5520000
9087705,7000000
9087706,5520000
9087707,6000000
9087708,6500000
9087709,5040000
9087710,4920000
9087711,6500000
9087712,16000000
9087713,5760000
9087714,5640000
9087715,21837000
9087716,13500000
9087717,13600000
9087718,7700000
9087719,37000000
9087720,12500000
9087721,8900000
9087722,13108000
9087723,4034900
9087724,6000000
9087725,2650000
9087726,11340000
9087727,11100000
9087728,4300000
9087729,10990000
9087730,1600000
9087731,3350000
9087732,1750000
9087733,2400000
9087734,17000000
9087735,46000000
9087736,65000000
9087737,6000000
9087738,2300000
9087739,9900000
9087740,5890000
9087741,1210000
9087742,6950000
9087743,4390000
9087744,2600000
9087745,5990000
9087746,2280000
9087747,2500000
9087748,9912000
9087749,2300000
9087750,1300000
9087751,12350000
9087752,2150000
9087753,2800000
9087754,7999999
9087755,3999000
9087756,12700000
9087757,2900000
9087758,2660000
9087759,3280000
9087760,4400000
9087761,8460000
9087762,18300000
9087763,17300000
9087764,4300000
9087765,2750000
9087766,4050000
9087767,2000000
9087768,3690000
9087769,8000000
9087770,3260000
9087771,5000000
9087772,30000000
9087773,5100000
9087774,2870000
9087775,1900000
9087776,4488000
9087777,4869000
9087778,7600000
9087779,5426400
9087780,5639600
9087781,3927000
9087782,7822300
9087783,10249975
9087784,3959200
9087785,14100000
9087786,4966200
9087787,3300000
9087788,3800000
9087789,4650000
9087790,10650000
9087791,2579000
9087792,3160000
9087793,4300000
9087794,770000
9087795,4750000
9087796,2385000
9087797,3900000
9087798,4450000
9087799,4700000
9087800,3570000
9087801,2477970
9087802,2520000
9087803,10500000
9087804,25000000
9087805,5000000
9087806,4700000
9087807,1590000
9087808,4500000
9087809,2417350
9087810,6000000
9087811,31000000
9087812,11099000
9087813,2800000
9087814,1500000
9087815,1750000
9087816,3300000
9087817,7800000
9087818,3300000
9087819,3250000
9087820,2850000
9087821,7600000
9087822,1600000
9087823,2600000
9087824,13992000
9087825,2760000
9087826,3100000
9087827,5800000
9087828,1300000
9087829,6000000
9087830,4550000
9087831,2700000
9087832,4000000
9087833,1350000
9087834,12300000
9087835,3300000
9087836,3399999
9087837,2350000
9087838,3952000
9087839,10500000
9087840,12400000
9087841,9252282
9087842,850000
9087843,8800000
9087844,590000
9087845,3300000
9087846,2700000
9087847,5850000
9087848,3150000
9087849,10500000
9087850,4000000
9087851,6236000
9087852,2620000
9087853,9720000
9087854,3300000
9087855,2356200
9087856,3600000
9087857,5212400
9087858,3529200
9087859,45000000
9087860,3385800
9087861,2900000
9087862,1400000
9087863,2850000
9087864,4100000
9087865,3488400
9087866,3529200
9087867,8900000
9087868,6529000
9087869,4665390
9087870,5550000
9087871,4200000
9087872,4700000
9087873,2960000
9087874,2390000
9087875,3970000
9087876,19000000
9087877,10800000
9087878,1700000
9087879,7000000
9087880,7670000
9087881,800000
9087882,1400000
9087883,4500000
9087884,7300000
9087885,5600000
9087886,8800000
9087887,5249000
9087888,3550000
9087889,10400000
9087890,5044000
9087891,3400000
9087892,9750000
9087893,17500000
9087894,2100000
9087895,3850000
9087896,3800000
9087897,2250000
9087898,2950000
9087899,3800000
9087900,7190000
9087901,4380000
9087902,6350000
9087903,6600000
9087904,6212525
9087905,4771691
9087906,4974569
9087907,6200123
9087908,6814257
9087909,6202378
9087910,6076120
9087911,6076120
9087912,5741628
9087913,6078330
9087914,6076120
9087915,6076120
9087916,2000000
9087917,8100000
9087918,2400000
9087919,2700000
9087920,4500000
9087921,4650000
9087922,8000000
9087923,6190370
9087924,7000000
9087925,2450000
9087926,4050000
9087927,8500000
9087928,2500000
9087929,7440237
9087930,6188000
9087931,4100000
9087932,5000000
9087933,2350000
9087934,8400000
9087935,3690000
9087936,6500000
9087937,2270000
9087938,11333200
9087939,2700000
9087940,4450000
9087941,3900000
9087942,980000
9087943,5670000
9087944,11800000
9087945,3700000
9087946,5890000
9087947,2200000
9087948,3000000
9087949,5290000
9087950,4999000
9087951,4000000
9087952,2070000
9087953,2500000
9087954,3400000
9087955,3300000
9087956,5000888
9087957,11329500
9087958,11647000
9087959,15962500
9087960,9587000
9087961,2350000
9087962,9500000
9087963,1545000
9087964,1545000
9087965,9800000
9087966,3770000
9087967,2700000
9087968,11200000
9087969,2499000
9087970,1550000
9087971,3100000
9087972,1700000
9087973,73999000
9087974,8200000
9087975,5600000
9087976,3100000
9087977,5000000
9087978,1349999
9087979,2800000
9087980,11200000
9087981,4900000
9087982,2100000
9087983,5650000
9087984,2300000
9087985,3000000
9087986,7500000
9087987,1150000
9087988,13500000
9087989,8400000
9087990,910000
9087991,5360000
9087992,6590000
9087993,37800000
9087994,10900000
9087995,3800000
9087996,4600000
9087997,3580000
9087998,7800000
9087999,15000000
9088000,10800000
9088001,5040000
9088002,8377000
9088003,3300000
9088004,2500000
9088005,1160000
9088006,9400000
9088007,2426000
9088008,3550000
9088009,7200000
9088010,1300000
9088011,3550000
9088012,5326186
9088013,4550000
9088014,2650000
9088015,3952520
9088016,4805240
9088017,2450000
9088018,3934605
9088019,3428600
9088020,2600000
9088021,3750000
9088022,2262000
9088023,4790000
9088024,3190000
9088025,4700000
9088026,4790000
9088027,11800000
9088028,27000000
9088029,13500000
9088030,6950000
9088031,2303360
9088032,4159000
9088033,23999220
9088034,46142620
9088035,39652796
9088036,18356491
9088037,8550000
9088038,6650000
9088039,2689999
9088040,6300000
9088041,2500000
9088042,2450000
9088043,7070000
9088044,11840000
9088045,4000000
9088046,11499444
9088047,7990000
9088048,2300000
9088049,2000000
9088050,3550000
9088051,1550000
9088052,4850000
9088053,3050000
9088054,1150000
9088055,3350000
9088056,3020000
9088057,1600000
9088058,800000
9088059,5335200
9088060,5491200
9088061,3350000
9088062,2960000
9088063,8773000
9088064,7305000
9088065,9400000
9088066,16500000
9088067,10500000
9088068,1499000
9088069,900000
9088070,2875000
9088071,3750000
9088072,1300000
9088073,2350000
9088074,3350000
9088075,6600000
9088076,5600000
9088077,4763000
9088078,5350000
9088079,2800000
9088080,1750000
9088081,6800000
9088082,1300000
9088083,1200000
9088084,1860000
9088085,10000000
9088086,7800000
9088087,10200000
9088088,3900000
9088089,3920000
9088090,2450000
9088091,3450000
9088092,5688000
9088093,7190000
9088094,1599999
9088095,1500000
9088096,4250000
9088097,2550000
9088098,2400000
9088099,6200000
9088100,5600000
9088101,2080000
9088102,7999000
9088103,14000000
9088104,2830000
9088105,2280000
9088106,8100000
9088107,2380000
9088108,2200000
9088109,710000
9088110,1550000
9088111,2550000
9088112,1520000
9088113,8565000
9088114,1600000
9088115,1690000
9088116,3700000
9088117,1690000
9088118,5750000
9088119,2290000
9088120,1850000
9088121,3200000
9088122,4350000
9088123,2500000
9088124,6400000
9088125,640000
9088126,7500000
9088127,5000000
9088128,900000
9088129,2700000
9088130,3300000
9088131,3600000
9088132,3600000
9088133,4250000
9088134,5550840
9088135,3700000
9088136,7560000
9088137,4700000
9088138,11110000
9088139,4800000
9088140,4800000
9088141,5083000
9088142,5000000
9088143,4250000
9088144,2890000
9088145,3815900
9088146,3815900
9088147,4326050
9088148,10980000
9088149,2900000
9088150,5800000
9088151,2350000
9088152,1950000
9088153,2100000
9088154,3300000
9088155,2950000
9088156,1800000
9088157,5400000
9088158,9800000
9088159,1650000
9088160,4542400
9088161,3100000
9088162,10500000
9088163,4329600
9088164,7550000
9088165,9157640
9088166,2400000
9088167,12200000
9088168,5250000
9088169,4300000
9088170,5000000
9088171,21550000
9088172,10850000
9088173,2600000
9088174,7700000
9088175,12700000
9088176,4050000
9088177,5500000
9088178,6200000
9088179,7500000
9088180,1499000
9088181,12500000
9088182,1650000
9088183,1800000
9088184,1530000
9088185,2800000
9088186,2800000
9088187,3450000
9088188,3820000
9088189,3650000
9088190,3200000
9088191,1700000
9088192,1700000
9088193,2590000
9088194,1200000
9088195,3420000
9088196,1850000
9088197,6500000
9088198,1150000
9088199,1880000
9088200,2350000
9088201,950000
9088202,2350000
9088203,27500000
9088204,2000000
9088205,19900000
9088206,2050000
9088207,2050000
9088208,3650000
9088209,8900000
9088210,3994000
9088211,2100000
9088212,3200000
9088213,1550000
9088214,23500000
9088215,15000000
9088216,5950000
9088217,5650000
9088218,7800000
9088219,4400000
9088220,4290000
9088221,7830000
9088222,2500000
9088223,3999000
9088224,9200000
9088225,9400000
9088226,9500000
9088227,9500000
9088228,16575000
9088229,2800000
9088230,8200000
9088231,5100000
9088232,1800000
9088233,5490000
9088234,13000000
9088235,10250000
9088236,9000000
9088237,8300000
9088238,14000000
9088239,9900000
9088240,2350000
9088241,9800000
9088242,2500000
9088243,14990000
9088244,6200000
9088245,4650000
9088246,8939184
9088247,6044280
9088248,8733816
9088249,5138144
9088250,4861320
9088251,1500000
9088252,9275392
9088253,4861320
9088254,3790000
9088255,6000000
9088256,6890000
9088257,13500000
9088258,4780000
9088259,7800000
9088260,2050000
9088261,1888750
9088262,5700000
9088263,32725000
9088264,2950000
9088265,3200000
9088266,4300000
9088267,3380000
9088268,3400000
9088269,3380000
9088270,2300000
9088271,13950000
9088272,2294500
9088273,2262000
9088274,3900000
9088275,4800000
9088276,4200000
9088277,3870000
9088278,2250000
9088279,4900000
9088280,3063420
9088281,7650000
9088282,3087700
9088283,3900000
9088284,2294500
9088285,2294500
9088286,2294500
9088287,2750000
9088288,6400000
9088289,3534000
9088290,2280000
9088291,2262000
9088292,3800000
9088293,2294500
9088294,7884000
9088295,2700000
9088296,4700000
9088297,3534000
9088298,2100000
9088299,3534000
9088300,2262000
9088301,3300000
9088302,2262000
9088303,7300000
9088304,6500000
9088305,2262000
9088306,4530000
9088307,2262000
9088308,4500000
9088309,2500000
9088310,2262000
9088311,3534000
9088312,2294500
9088313,3534000
9088314,2262000
9088315,17800000
9088316,3370000
9088317,2294500
9088318,4413800
9088319,2300000
9088320,1800000
9088321,2260000
9088322,2300000
9088323,5609998
9088324,2300000
9088325,4050000
9088326,2262000
9088327,2262000
9088328,1300000
9088329,1650000
9088330,6700000
9088331,2618700
9088332,30550000
9088333,4560000
9088334,11750000
9088335,2294500
9088336,6980000
9088337,200000
9088338,2500000
9088339,3190000
9088340,3680000
9088341,5150000
9088342,5900000
9088343,5490000
9088344,2600000
9088345,8800000
9088346,3534000
9088347,3200000
9088348,3800000
9088349,1750000
9088350,1750000
9088351,2262000
9088352,3700000
9088353,3650000
9088354,2580000
9088355,270000
9088356,3850000
9088357,7300000
9088358,1900000
9088359,2262000
9088360,2750000
9088361,3800000
9088362,3534000
9088363,2600000
9088364,2349000
9088365,5100000
9088366,3500000
9088367,2700000
9088368,5400000
9088369,3300000
9088370,3400000
9088371,3950000
9088372,34000000
9088373,6300000
9088374,2700000
9088375,5000000
9088376,3670000
9088377,2262000
9088378,10000000
9088379,2100000
9088380,15000000
9088381,3450000
9088382,2262000
9088383,2262000
9088384,1500000
9088385,5500000
9088386,2262000
9088387,4899000
9088388,4200000
9088389,2480000
9088390,4500000
9088391,5600000
9088392,22000000
9088393,8950000
9088394,1700000
9088395,12000000
9088396,2600000
9088397,9500000
9088398,5700000
9088399,2900000
9088400,4500000
9088401,4272100
9088402,10200000
9088403,3800000
9088404,2599000
9088405,3700000
9088406,2000000
9088407,4900000
9088408,5550000
9088409,6899000
9088410,3400000
9088411,4850000
9088412,3300000
9088413,18089510
9088414,13100000
9088415,2800000
9088416,2000000
9088417,7941240
9088418,4240000
9088419,3190000
9088420,4250000
9088421,3100000
9088422,3000000
9088423,2150000
9088424,3099000
9088425,9900000
9088426,800000
9088427,6100000
9088428,3100000
9088429,2100000
9088430,4050000
9088431,550000
9088432,3900000
9088433,3990000
9088434,3808730
9088435,2590000
9088436,8100000
9088437,2400000
9088438,5500000
9088439,2650000
9088440,3630000
9088441,10500000
9088442,1580000
9088443,5898000
9088444,6200000
9088445,2550000
9088446,7500000
9088447,2450000
9088448,1320000
9088449,4300000
9088450,6760000
9088451,2340000
9088452,4772795
9088453,9890000
9088454,6130000
9088455,6584500
9088456,2040000
9088457,3500000
9088458,5900000
9088459,4976556
9088460,2590000
9088461,2650000
9088462,8000000
9088463,4950000
9088464,1150000
9088465,3757000
9088466,1132000
9088467,4240000
9088468,3050000
9088469,2000000
9088470,4650000
9088471,9300000
9088472,2100000
9088473,3390000
9088474,2870000
9088475,13800000
9088476,9200000
9088477,6500000
9088478,3080000
9088479,3150000
9088480,1300000
9088481,4750000
9088482,4750000
9088483,3150000
9088484,8000000
9088485,12000000
9088486,4520000
9088487,1890000
9088488,5007240
9088489,3700000
9088490,6350000
9088491,4839800
9088492,4798080
9088493,3070000
9088494,71000000
9088495,3000000
9088496,3150000
9088497,1950000
9088498,4756090
9088499,680000
9088500,750000
9088501,3700000
9088502,9000000
9088503,2450000
9088504,4300000
9088505,780000
9088506,7350000
9088507,2800000
9088508,11500000
9088509,3050000
9088510,7500000
9088511,3800000
9088512,1550000
9088513,3290000
9088514,3400000
9088515,6500000
9088516,3290000
9088517,6685800
9088518,5800000
9088519,1700000
9088520,7400000
9088521,2700000
9088522,1350000
9088523,8700000
9088524,30500000
9088525,1400000
9088526,9400000
9088527,2100000
9088528,6344000
9088529,5300000
9088530,3400000
9088531,13360000
9088532,1980000
9088533,2400000
9088534,1980000
9088535,3250000
9088536,1550000
9088537,10950000
9088538,2400000
9088539,3000000
9088540,4300000
9088541,4980000
9088542,2700000
9088543,3650000
9088544,6600000
9088545,2500000
9088546,13000000
9088547,1900000
9088548,4470400
9088549,1600000
9088550,1200000
9088551,7044264
9088552,9522000
9088553,1300000
9088554,7900000
9088555,6200000
9088556,1200000
9088557,6100000
9088558,7200000
9088559,5500000
9088560,2670000
9088561,3750000
9088562,8725000
9088563,10000000
9088564,3200000
9088565,4417854
9088566,8300000
9088567,3950000
9088568,8350000
9088569,15900000
9088570,35000000
9088571,3250000
9088572,9800000
9088573,7250000
9088574,5800000
9088575,3333000
9088576,3100000
9088577,2800000
9088578,3700000
9088579,3812540
9088580,4800000
9088581,1550000
9088582,4300000
9088583,12992320
9088584,3800000
9088585,3390000
9088586,3850000
9088587,2050000
9088588,23000000
9088589,3650000
9088590,2000000
9088591,5200000
9088592,1920000
9088593,3270000
9088594,9300000
9088595,1850000
9088596,3320000
9088597,16900000
9088598,9300000
9088599,2270000
9088600,4100000
9088601,2650000
9088602,3950000
9088603,1900000
9088604,5685400
9088605,4491997
9088606,3808730
9088607,2597150
9088608,3100000
9088609,4150000
9088610,13500000
9088611,1500000
9088612,13500000
9088613,5600000
9088614,4000050
9088615,4200000
9088616,3600000
9088617,3300000
9088618,3100000
9088619,2979500
9088620,2979500
9088621,3500000
9088622,6500000
9088623,15000000
9088624,1999000
9088625,20000000
9088626,2555000
9088627,22000000
9088628,14800000
9088629,25000000
9088630,3150000
9088631,3808730
9088632,2800000
9088633,6990000
9088634,360000
9088635,3640000
9088636,2749000
9088637,5390000
9088638,6500000
9088639,6900000
9088640,7024800
9088641,6750000
9088642,4500000
9088643,1850000
9088644,7600000
9088645,7100000
9088646,9500000
9088647,2250000
9088648,3200000
9088649,1700000
9088650,3730000
9088651,3850000
9088652,4000000
9088653,7154400
9088654,1450000
9088655,1010000
9088656,3850000
9088657,10100000
9088658,2700000
9088659,10450000
9088660,4400000
9088661,12000000
9088662,10850000
9088663,2350000
9088664,3750000
9088665,2988279
9088666,2700000
9088667,3600000
9088668,3900000
9088669,1500000
9088670,4600000
9088671,5900000
9088672,27490000
9088673,8050000
9088674,5600000
9088675,3995920
9088676,2150000
9088677,1750000
9088678,3400000
9088679,4700000
9088680,3600000
9088681,3100000
9088682,1700000
9088683,2500000
9088684,12500000
9088685,50000000
9088686,2310000
9088687,2000000
9088688,1620000
9088689,3550000
9088690,4245000
9088691,2700000
9088692,2120000
9088693,4590000
9088694,3950000
9088695,15000000
9088696,2000000
9088697,21000000
9088698,3850000
9088699,4238640
9088700,2445000
9088701,12000000
9088702,4350000
9088703,4410000
9088704,21300000
9088705,5440000
9088706,2730000
9088707,2000000
9088708,6703673
9088709,4099000
9088710,6300000
9088711,2980000
9088712,3990000
9088713,1790000
9088714,3400000
9088715,6000000
9088716,2580000
9088717,2980000
9088718,3850000
9088719,3890000
9088720,2066752
9088721,3900000
9088722,2950000
9088723,2230000
9088724,2500000
9088725,3150000
9088726,2250000
9088727,4100000
9088728,4160000
9088729,2560000
9088730,3570000
9088731,4350000
9088732,4650000
9088733,6500000
9088734,6600000
9088735,4500000
9088736,3600000
9088737,3100000
9088738,6250000
9088739,4100000
9088740,11900000
9088741,2980000
9088742,4500000
9088743,3500000
9088744,1800000
9088745,6300000
9088746,4800000
9088747,4330000
9088748,2800000
9088749,8900000
9088750,5500000
9088751,1350000
9088752,1800000
9088753,3800000
9088754,3070000
9088755,2141852
9088756,4500000
9088757,13250000
9088758,2350000
9088759,1690000
9088760,4750000
9088761,1650000
9088762,3900000
9088763,4200000
9088764,2100000
9088765,7190000
9088766,2600000
9088767,2050000
9088768,16000000
9088769,2550000
9088770,3700000
9088771,3800000
9088772,670000
9088773,3500000
9088774,6950000
9088775,72846208
9088776,3500000
9088777,3900000
9088778,66460792
9088779,65475572
9088780,78805169
9088781,73582257
9088782,6248000
9088783,2450000
9088784,10100000
9088785,11000000
9088786,2206024
9088787,4594066
9088788,1900000
9088789,18500000
9088790,11000000
9088791,7600000
9088792,5500000
9088793,1050000
9088794,20700000
9088795,4800000
9088796,2150000
9088797,2190000
9088798,1380000
9088799,4320723
9088800,5000000
9088801,3900000
9088802,6900000
9088803,3200000
9088804,4650000
9088805,2550000
9088806,5500000
9088807,1420000
9088808,13990000
9088809,2650000
9088810,3500000
9088811,4500000
9088812,1550000
9088813,5500000
9088814,1350000
9088815,2050000
9088816,6500000
9088817,5900000
9088818,660000
9088819,2450000
9088820,4579858
9088821,1220000
9088822,5500000
9088823,4806525
9088824,6600000
9088825,26900000
9088826,3371000
9088827,3750000
9088828,3850000
9088829,5500000
9088830,8500000
9088831,6450000
9088832,1450000
9088833,2350000
9088834,13300000
9088835,4500000
9088836,11990000
9088837,4300000
9088838,8545560
9088839,3299000
9088840,4967250
9088841,1650000
9088842,2050000
9088843,3000000
9088844,10000000
9088845,8150000
9088846,4350000
9088847,4627956
9088848,1790000
9088849,1600000
9088850,5600000
9088851,3200000
9088852,1650000
9088853,9400000
9088854,2500000
9088855,4280000
9088856,4850000
9088857,1300000
9088858,4610975
9088859,19090000
9088860,4200000
9088861,4200000
9088862,9650000
9088863,2640000
9088864,2700000
9088865,2900000
9088866,2100000
9088867,3280000
9088868,1650000
9088869,6000000
9088870,2240000
9088871,12700000
9088872,2150000
9088873,2550000
9088874,28000000
9088875,2800000
9088876,2800000
9088877,11500000
9088878,3999000
9088879,4900000
9088880,2200000
9088881,7200000
9088882,5500000
9088883,1600000
9088884,6450000
9088885,6200000
9088886,2650000
9088887,3050000
9088888,1450000
9088889,3590000
9088890,12992320
9088891,2900000
9088892,2600000
9088893,4950000
9088894,3360000
9088895,4900000
9088896,2950000
9088897,3900000
9088898,10700000
9088899,2500000
9088900,2500000
9088901,7399000
9088902,5916199
9088903,300000
9088904,1835000
9088905,3090000
9088906,9200000
9088907,4500000
9088908,1900000
9088909,25500000
9088910,5350000
9088911,11000000
9088912,27500000
9088913,3050000
9088914,23000000
9088915,49850000
9088916,49000000
9088917,36500000
9088918,48500000
9088919,22800000
9088920,22800000
9088921,46700000
9088922,10000000
9088923,2950000
9088924,3995100
9088925,2300000
9088926,10500000
9088927,5500000
9088928,25900000
9088929,2100000
9088930,24900000
9088931,1300000
9088932,10100000
9088933,6300000
9088934,5650000
9088935,2550000
9088936,2800000
9088937,3250000
9088938,5590000
9088939,4200000
9088940,6950000
9088941,600000
9088942,3100004
9088943,3600000
9088944,8500000
9088945,3400000
9088946,1550000
9088947,3700000
9088948,17700000
9088949,4100000
9088950,9000000
9088951,7500000
9088952,8500000
9088953,3800000
9088954,1250000
9088955,41000000
9088956,2368001
9088957,15687000
9088958,86999999
9088959,9225000
9088960,2400000
9088961,2796000
9088962,3524488
9088963,2600000
9088964,2460000
9088965,6300000
9088966,3250000
9088967,3070000
9088968,4000000
9088969,6650000
9088970,3700168
9088971,160000000
9088972,5950000
9088973,8800000
9088974,4100000
9088975,4414740
9088976,2050000
9088977,6700000
9088978,3050000
9088979,2050000
9088980,3600000
9088981,5100000
9088982,10000000
9088983,2250000
9088984,3970000
9088985,11300000
9088986,1750000
9088987,3200000
9088988,5629858
9088989,650000
9088990,5000000
9088991,3050000
9088992,3500000
9088993,5800000
9088994,3500000
9088995,6200000
9088996,8400000
9088997,4000000
9088998,2300000
9088999,4772274
9089000,7620000
9089001,2050000
9089002,5500000
9089003,5100000
9089004,4320000
9089005,2910000
9089006,2920000
9089007,4100000
9089008,6300000
9089009,2970000
9089010,4385748
9089011,8450000
9089012,8200000
9089013,4500000
9089014,16700000
9089015,4443733
9089016,13600000
9089017,1400000
9089018,4750000
9089019,26500000
9089020,45000000
9089021,18000000
9089022,2050000
9089023,3475000
9089024,5511342
9089025,15200000
9089026,13150000
9089027,13300000
9089028,4500000
9089029,3490000
9089030,3450000
9089031,2730000
9089032,4847480
9089033,1900000
9089034,2800000
9089035,2050000
9089036,24000000
9089037,4200000
9089038,2192500
9089039,3000000
9089040,3500002
9089041,2000000
9089042,1850000
9089043,3460000
9089044,4550000
9089045,2850000
9089046,1150000
9089047,10800000
9089048,1900000
9089049,4676038
9089050,8250000
9089051,13500000
9089052,800000
9089053,5100000
9089054,6150000
9089055,5899000
9089056,4700000
9089057,3950000
9089058,1300000
9089059,8600000
9089060,4770000
9089061,5000000
9089062,5300000
9089063,3400000
9089064,1700000
9089065,11601000
9089066,2590000
9089067,2300000
9089068,4870000
9089069,2000000
9089070,1550000
9089071,3300000
9089072,6050000
9089073,11600000
9089074,2550000
9089075,2140000
9089076,710000
9089077,25650000
9089078,17049500
9089079,20940000
9089080,17049500
9089081,21289000
9089082,11500000
9089083,9990000
9089084,600000
9089085,5800000
9089086,2340000
9089087,3150000
9089088,9200000
9089089,1740000
9089090,5350000
9089091,1700000
9089092,4400000
9089093,4500000
9089094,5499000
9089095,2150000
9089096,3900000
9089097,3300000
9089098,1100000
9089099,3690000
9089100,1945000
9089101,2555000
9089102,5800000
9089103,3890000
9089104,1690000
9089105,9800000
9089106,11000000
9089107,6000000
9089108,16500000
9089109,3700000
9089110,4500000
9089111,1850000
9089112,5200000
9089113,3580000
9089114,4150000
9089115,3590000
9089116,7600000
9089117,2700000
9089118,580000
9089119,2900000
9089120,4800000
9089121,3400000
9089122,3150000
9089123,2400000
9089124,4100000
9089125,1200000
9089126,6200000
9089127,4100000
9089128,5600000
9089129,4891655
9089130,4320000
9089131,1560000
9089132,3930000
9089133,1560000
9089134,7600000
9089135,2000000
9089136,10800000
9089137,3000000
9089138,4200000
9089139,3120000
9089140,2450000
9089141,4150000
9089142,3850000
9089143,3260000
9089144,3995100
9089145,5938091
9089146,4096960
9089147,7400000
9089148,9450000
9089149,14100000
9089150,5350000
9089151,6444830
9089152,2500000
9089153,250000
9089154,4400000
9089155,6805304
9089156,6543092
9089157,4200000
9089158,3600000
9089159,4400000
9089160,4300000
9089161,2920000
9089162,4500000
9089163,8400000
9089164,2990000
9089165,12000000
9089166,2796000
9089167,7300000
9089168,3130000
9089169,2359000
9089170,3845350
9089171,1120131
9089172,6450000
9089173,6000000
9089174,2300000
9089175,3400000
9089176,5000000
9089177,6329000
9089178,1650000
9089179,3700000
9089180,18500000
9089181,4000000
9089182,2290000
9089183,3860000
9089184,24600000
9089185,5250000
9089186,3850000
9089187,4200000
9089188,4990000
9089189,18800000
9089190,3200000
9089191,1630000
9089192,1690000
9089193,2450000
9089194,5750000
9089195,2650000
9089196,5483394
9089197,8769280
9089198,4200000
9089199,1650000
9089200,11300000
9089201,5600000
9089202,19500000
9089203,20799000
9089204,9900000
9089205,2750000
9089206,1570000
9089207,2988279
9089208,11500000
9089209,4100000
9089210,3700000
9089211,5100000
9089212,15000000
9089213,1150000
9089214,800000
9089215,3350000
9089216,5950000
9089217,3100000
9089218,4500000
9089219,3000000
9089220,6300000
9089221,3870000
9089222,6550000
9089223,5800000
9089224,5200000
9089225,24300000
9089226,5510000
9089227,8200000
9089228,1670000
9089229,5500000
9089230,4250000
9089231,4550000
9089232,2600000
9089233,10100000
9089234,4900000
9089235,3300000
9089236,1700000
9089237,4450000
9089238,5843200
9089239,3500000
9089240,780000
9089241,11000000
9089242,3500000
9089243,2800000
9089244,6600000
9089245,1160000
9089246,1900000
9089247,4900000
9089248,6700000
9089249,3120000
9089250,4600000
9089251,11200000
9089252,1400000
9089253,5000000
9089254,5600000
9089255,9300000
9089256,3700000
9089257,9000000
9089258,18590000
9089259,27300000
9089260,4050000
9089261,8000000
9089262,9600000
9089263,13800000
9089264,7290000
9089265,1350000
9089266,5240300
9089267,1700000
9089268,3270000
9089269,2290000
9089270,1700000
9089271,8243200
9089272,4000000
9089273,2900000
9089274,4480000
9089275,4900000
9089276,7163800
9089277,5800000
9089278,6300000
9089279,2300000
9089280,4660054
9089281,36439758
9089282,2799000
9089283,9472140
9089284,3150000
9089285,6500000
9089286,2800000
9089287,3060000
9089288,4900000
9089289,4200000
9089290,4500000
9089291,3700000
9089292,5300000
9089293,6100000
9089294,8400000
9089295,12500000
9089296,4390000
9089297,13600000
9089298,4530144
9089299,5600000
9089300,3000000
9089301,22500000
9089302,8500000
9089303,5262400
9089304,10500000
9089305,6400000
9089306,7700000
9089307,3999999
9089308,27900000
9089309,7700000
9089310,850000
9089311,8400000
9089312,6400000
9089313,950000
9089314,35000000
9089315,12500000
9089316,23220540
9089317,4300000
9089318,7163800
9089319,4200000
9089320,700200
9089321,2800000
9089322,1850000
9089323,4150176
9089324,4800000
9089325,4600000
9089326,2590000
9089327,7150000
9089328,4130000
9089329,3070000
9089330,980000
9089331,4500000
9089332,4190000
9089333,15200000
9089334,4200000
9089335,32000000
9089336,2350000
9089337,1900000
9089338,6990000
9089339,6837389
9089340,7220000
9089341,2700000
9089342,10700000
9089343,4000000
9089344,3152240
9089345,6227531
9089346,3500000
9089347,2050000
9089348,2500000
9089349,8199000
9089350,2270000
9089351,6350000
9089352,2670000
9089353,3300000
9089354,3700000
9089355,1500000
9089356,3425000
9089357,1600000
9089358,8243200
9089359,5200000
9089360,4990000
9089361,13500000
9089362,10850000
9089363,11050216
9089364,12650441
9089365,9200000
9089366,2400000
9089367,9600000
9089368,2550000
9089369,5550377
9089370,2800000
9089371,1600000
9089372,3493500
9089373,1400000
9089374,1730000
9089375,6000000
9089376,2850000
9089377,2500000
9089378,4200000
9089379,4600000
9089380,3950000
9089381,2400000
9089382,1900000
9089383,1990000
9089384,1700000
9089385,5150000
9089386,4500000
9089387,6200000
9089388,950000
9089389,1740000
9089390,2290000
9089391,3200000
9089392,725000
9089393,1850000
9089394,6900000
9089395,2300000
9089396,4200000
9089397,1200000
9089398,3845600
9089399,5300000
9089400,2600000
9089401,700000
9089402,2650000
9089403,170312016
9089404,5325000
9089405,3850000
9089406,7611200
9089407,1550000
9089408,2300000
9089409,5500000
9089410,3100000
9089411,4250000
9089412,3300000
9089413,6851241
9089414,3550000
9089415,2950000
9089416,16000000
9089417,3980000
9089418,3100000
9089419,660000
9089420,4087000
9089421,3300000
9089422,8000000
9089423,5900000
9089424,5550238
9089425,13300000
9089426,5250000
9089427,1700000
9089428,5945000
9089429,15865000
9089430,2050000
9089431,2980000
9089432,2980000
9089433,2796000
9089434,5795442
9089435,7050750
9089436,5402000
9089437,3000000
9089438,79000000
9089439,5500000
9089440,6000000
9089441,2350000
9089442,1670000
9089443,5753000
9089444,1450000
9089445,8950000
9089446,6000000
9089447,16800000
9089448,10750000
9089449,29400000
9089450,4190000
9089451,5500000
9089452,1810000
9089453,14800000
9089454,2750000
9089455,2810000
9089456,11000000
9089457,12300000
9089458,2050000
9089459,400000
9089460,3300000
9089461,2100000
9089462,44900000
9089463,3500000
9089464,4100000
9089465,2200000
9089466,90000000
9089467,3200000
9089468,1980000
9089469,63000000
9089470,5300000
9089471,3550000
9089472,8750000
9089473,10000000
9089474,7000000
9089475,10900000
9089476,5800000
9089477,20550000
9089478,1320000
9089479,11300000
9089480,1210000
9089481,5800000
9089482,2450000
9089483,5700000
9089484,2450000
9089485,3100000
9089486,3565000
9089487,7000000
9089488,10500000
9089489,13350000
9089490,4200000
9089491,2400000
9089492,4360000
9089493,9400000
9089494,4600000
9089495,3320000
9089496,3800000
9089497,2210000
9089498,10500000
9089499,5100000
9089500,3520000
9089501,21500000
9089502,1450000
9089503,3100000
9089504,4191520
9089505,9700000
9089506,5300000
9089507,5150000
9089508,2650000
9089509,2050000
9089510,999000
9089511,5200000
9089512,2400000
9089513,4642092
9089514,5200000
9089515,4800000
9089516,3800000
9089517,3260000
9089518,4950000
9089519,5700000
9089520,3800000
9089521,4177200
9089522,4809938
9089523,4968478
9089524,5828116
9089525,2830000
9089526,4500000
9089527,3852761
9089528,3050000
9089529,1700000
9089530,35850000
9089531,13500000
9089532,2750000
9089533,7500000
9089534,5100000
9089535,9100000
9089536,10500000
9089537,5300000
9089538,3650000
9089539,5700000
9089540,7000000
9089541,3900000
9089542,2000000
9089543,5690000
9089544,2050000
9089545,2200000
9089546,8389000
9089547,1500000
9089548,6500000
9089549,3190000
9089550,7500000
9089551,3900000
9089552,2650000
9089553,5150000
9089554,3000000
9089555,5850000
9089556,8073777
9089557,2730000
9089558,4603907
9089559,6123191
9089560,5343284
9089561,8503238
9089562,6376405
9089563,6576089
9089564,8200000
9089565,2100000
9089566,3600000
9089567,3150000
9089568,1980000
9089569,4600000
9089570,6095000
9089571,1150000
9089572,3800000
9089573,3900000
9089574,3500000
9089575,2300000
9089576,9027000
9089577,1000000
9089578,1950000
9089579,2000000
9089580,4440000
9089581,13666667
9089582,3032600
9089583,1230000
9089584,8354000
9089585,8052000
9089586,8263400
9089587,8505000
9089588,8142600
9089589,3850000
9089590,1850000
9089591,2300000
9089592,3000000
9089593,1900000
9089594,3500000
9089595,3550000
9089596,5550000
9089597,4200000
9089598,3800000
9089599,10800000
9089600,2500000
9089601,1350000
9089602,4500004
9089603,5340000
9089604,3900000
9089605,2500000
9089606,3900000
9089607,4500000
9089608,2270000
9089609,7999000
9089610,16900000
9089611,4500000
9089612,2400000
9089613,3900000
9089614,8000000
9089615,5550000
9089616,3150000
9089617,4854380
9089618,4999999
9089619,4550000
9089620,1875500
9089621,5270940
9089622,5230080
9089623,450000
9089624,3770000
9089625,4000000
9089626,200000
9089627,4781790
9089628,2750000
9089629,2800000
9089630,5059200
9089631,17900000
9089632,4891100
9089633,3100000
9089634,4980150
9089635,4994430
9089636,12192000
9089637,4450000
9089638,5453820
9089639,5239000
9089640,11800000
9089641,11100000
9089642,5060560
9089643,4938300
9089644,4869170
9089645,4200000
9089646,6000000
9089647,4641400
9089648,4200000
9089649,8000000
9089650,2830000
9089651,5453820
9089652,2000000
9089653,3309000
9089654,6950000
9089655,3200000
9089656,4300000
9089657,7300000
9089658,4850000
9089659,3100000
9089660,14850000
9089661,5600000
9089662,5700000
9089663,5056900
9089664,4642080
9089665,1680000
9089666,5750000
9089667,5200000
9089668,2260000
9089669,3800000
9089670,8200000
9089671,4560000
9089672,2450000
9089673,1800000
9089674,8900000
9089675,2240000
9089676,4650000
9089677,3300000
9089678,2550000
9089679,2350000
9089680,4560000
9089681,4500000
9089682,4894640
9089683,2950000
9089684,4980150
9089685,9000000
9089686,1500000
9089687,5851830
9089688,4894640
9089689,1950000
9089690,2700000
9089691,3000000
9089692,3690000
9089693,6100000
9089694,2650000
9089695,1450000
9089696,950000
9089697,2700000
9089698,18005000
9089699,2350000
9089700,4450000
9089701,5400000
9089702,3145000
9089703,1500000
9089704,4250000
9089705,3700000
9089706,1200000
9089707,25300000
9089708,2800000
9089709,3090000
9089710,2670000
9089711,12500000
9089712,4010000
9089713,15000000
9089714,3550000
9089715,1550000
9089716,1900000
9089717,3550000
9089718,3150000
9089719,3200000
9089720,3350000
9089721,2700000
9089722,7257000
9089723,3570000
9089724,8700000
9089725,2560000
9089726,3030000
9089727,4800000
9089728,2980000
9089729,1950000
9089730,1300000
9089731,2700000
9089732,6900000
9089733,4500000
9089734,15000000
9089735,7600000
9089736,350000
9089737,2350000
9089738,2590000
9089739,1850000
9089740,5450000
9089741,8000000
9089742,3000000
9089743,3500000
9089744,750000
9089745,1700000
9089746,3000030
9089747,2100000
9089748,59598456
9089749,2600000
9089750,3700000
9089751,3300000
9089752,2300000
9089753,2170000
9089754,2600000
9089755,1280000
9089756,1400000
9089757,5350000
9089758,3199999
9089759,9550000
9089760,2570000
9089761,1580000
9089762,6200000
9089763,3000000
9089764,17500000
9089765,7450000
9089766,5900000
9089767,13000000
9089768,1800000
9089769,8500000
9089770,15300000
9089771,13600000
9089772,3350000
9089773,4250000
9089774,4623000
9089775,5454900
9089776,3900000
9089777,5900000
9089778,8600000
9089779,5400000
9089780,8249999
9089781,3780000
9089782,3400000
9089783,27000000
9089784,7725000
9089785,5470000
9089786,10950000
9089787,1550000
9089788,2650000
9089789,4950000
9089790,1350000
9089791,4300000
9089792,2820000
9089793,1900000
9089794,3000000
9089795,3999000
9089796,15721500
9089797,1870000
9089798,2300000
9089799,11500000
9089800,5750000
9089801,2700000
9089802,1430000
9089803,970000
9089804,4100000
9089805,1409100
9089806,1433550
9089807,7500000
9089808,4350000
9089809,3200000
9089810,2900000
9089811,2510000
9089812,750000
9089813,10250000
9089814,4370832
9089815,730000
9089816,6595000
9089817,3850000
9089818,4350000
9089819,5500000
9089820,25000000
9089821,4570000
9089822,4700000
9089823,2090000
9089824,7000000
9089825,6500000
9089826,8300000
9089827,4790760
9089828,8100000
9089829,3800000
9089830,3000000
9089831,6340125
9089832,3200000
9089833,3200000
9089834,7670000
9089835,5600000
9089836,5200000
9089837,4800000
9089838,850000
9089839,5800000
9089840,2600000
9089841,3670000
9089842,2500000
9089843,11300000
9089844,2520000
9089845,9800000
9089846,3650000
9089847,2900000
9089848,1640000
9089849,1050000
9089850,1850000
9089851,1706832
9089852,1750000
9089853,4250000
9089854,3850000
9089855,4200000
9089856,3960000
9089857,2500000
9089858,1050000
9089859,12900000
9089860,6150000
9089861,1950000
9089862,3000000
9089863,4590000
9089864,470000
9089865,3550000
9089866,9600000
9089867,1900000
9089868,6973739
9089869,3100000
9089870,12300000
9089871,9400000
9089872,2100000
9089873,8025620
9089874,4550000
9089875,23500000
9089876,1160000
9089877,3600000
9089878,9300000
9089879,8500000
9089880,3850000
9089881,3600000
9089882,2663640
9089883,5200000
9089884,3200000
9089885,1805650
9089886,3450000
9089887,1150000
9089888,4350000
9089889,4200000
9089890,15600000
9089891,2500000
9089892,7750000
9089893,3250000
9089894,2150000
9089895,6200000
9089896,3850000
9089897,1700000
9089898,11000000
9089899,2600000
9089900,3780000
9089901,12990000
9089902,7800000
9089903,3500000
9089904,3150000
9089905,4800000
9089906,19000000
9089907,850000
9089908,3100000
9089909,4300000
9089910,7600000
9089911,5300000
9089912,6700000
9089913,4030000
9089914,9500000
9089915,950000
9089916,4489900
9089917,4080000
9089918,4489900
9089919,4489900
9089920,5900000
9089921,5470000
9089922,12500000
9089923,3110000
9089924,1900000
9089925,2480000
9089926,16000000
9089927,5800000
9089928,6790000
9089929,5000000
9089930,3500000
9089931,3950000
9089932,19000000
9089933,2000000
9089934,2050000
9089935,5100000
9089936,1680000
9089937,33000000
9089938,2970000
9089939,4150000
9089940,2750000
9089941,1950000
9089942,4700000
9089943,1610000
9089944,11350575
9089945,7126020
9089946,2300000
9089947,6575310
9089948,2850000
9089949,9700000
9089950,5390080
9089951,4957540
9089952,10200000
9089953,4199000
9089954,1250000
9089955,14000000
9089956,1950000
9089957,5112995
9089958,55000000
9089959,32000000
9089960,18075000
9089961,3050000
9089962,9800000
9089963,6250000
9089964,18800000
9089965,13600000
9089966,13600000
9089967,3650000
9089968,2750000
9089969,3500000
9089970,9000000
9089971,6425100
9089972,2550000
9089973,5350000
9089974,2950000
9089975,5600000
9089976,5100000
9089977,2482450
9089978,2750000
9089979,2458500
9089980,1749000
9089981,2600000
9089982,143674700
9089983,650000
9089984,6199000
9089985,3300000
9089986,5300000
9089987,7085000
9089988,3190000
9089989,9100000
9089990,12400000
9089991,1500000
9089992,3550000
9089993,2350000
9089994,3000000
9089995,1900000
9089996,8700000
9089997,5500000
9089998,2540000
9089999,1100000
9090000,1000000
9090001,3000000
9090002,33300000
9090003,1000000
9090004,159299800
9090005,154879040
9090006,186790500
9090007,15600000
9090008,3150002
9090009,2100000
9090010,3654000
9090011,106000000
9090012,3030000
9090013,9300000
9090014,8900000
9090015,17750000
9090016,3590000
9090017,4750000
9090018,33200000
9090019,24760000
9090020,1700000
9090021,10300000
9090022,3950000
9090023,8450000
9090024,11500000
9090025,8300000
9090026,5100000
9090027,20000000
9090028,6200000
9090029,30800000
9090030,62000000
9090031,61000000
9090032,3750000
9090033,8750000
9090034,3100000
9090035,4000000
9090036,3750000
9090037,900000
9090038,3450000
9090039,3300000
9090040,6750000
9090041,4000000
9090042,1400000
9090043,2500000
9090044,5200000
9090045,4700000
9090046,4800000
9090047,10350000
9090048,210000000
9090049,5500000
9090050,5800000
9090051,1800000
9090052,7100000
9090053,31000000
9090054,6300000
9090055,4000000
9090056,4305000
9090057,2600000
9090058,8800000
9090059,6900000
9090060,4700000
9090061,8500000
9090062,6500000
9090063,9900000
9090064,10800000
9090065,10500000
9090066,3700000
9090067,4780000
9090068,6156222
9090069,2420000
9090070,10096948
9090071,1025000
9090072,3580000
9090073,1970000
9090074,11200000
9090075,1850000
9090076,2750000
9090077,3500000
9090078,21300000
9090079,3250000
9090080,4800000
9090081,4700000
9090082,4250000
9090083,3445000
9090084,3800000
9090085,1130000
9090086,4300000
9090087,11500000
9090088,11990000
9090089,5800000
9090090,14500000
9090091,2430000
9090092,8350000
9090093,3400000
9090094,10000000
9090095,3995000
9090096,5709350
9090097,9800000
9090098,7200000
9090099,810000
9090100,24500000
9090101,2800000
9090102,5900000
9090103,3300000
9090104,4500000
9090105,2450000
9090106,3000000
9090107,4900000
9090108,5307009
9090109,4100000
9090110,8200000
9090111,11500000
9090112,4098640
9090113,2470000
9090114,5500000
9090115,5400000
9090116,6800000
9090117,2900000
9090118,50000000
9090119,20000000
9090120,36500000
9090121,15000000
9090122,4999000
9090123,7500000
9090124,2450000
9090125,3700000
9090126,2990000
9090127,18000000
9090128,5400000
9090129,10300000
9090130,670000
9090131,1400000
9090132,8360000
9090133,7650000
9090134,2600000
9090135,10990000
9090136,1049000
9090137,9100000
9090138,8700000
9090139,1050000
9090140,1145000
9090141,765000
9090142,2150000
9090143,1990000
9090144,1150000
9090145,4869170
9090146,5453820
9090147,2300000
9090148,3100000
9090149,56490000
9090150,8500000
9090151,3700000
9090152,2200000
9090153,5930240
9090154,2370000
9090155,3300000
9090156,5490000
9090157,7686880
9090158,5650000
9090159,2500000
9090160,4150000
9090161,25500000
9090162,10300000
9090163,16500000
9090164,16500000
9090165,9700000
9090166,104000000
9090167,5850000
9090168,4700000
9090169,7650000
9090170,6600000
9090171,1550000
9090172,19800000
9090173,56990000
9090174,2290000
9090175,3200000
9090176,480000
9090177,1170000
9090178,1600000
9090179,6900000
9090180,6050000
9090181,2470000
9090182,1800000
9090183,5949000
9090184,10000000
9090185,6100000
9090186,880000
9090187,2195000
9090188,2680000
9090189,19540000
9090190,2700000
9090191,1850000
9090192,9490000
9090193,3930000
9090194,5800000
9090195,2250000
9090196,16000000
9090197,2150000
9090198,6900000
9090199,3200000
9090200,11770000
9090201,5834133
9090202,4699999
9090203,1600000
9090204,6000000
9090205,4700000
9090206,4500000
9090207,14800000
9090208,8800000
9090209,4750000
9090210,4300000
9090211,78000000
9090212,2900000
9090213,4500000
9090214,2200000
9090215,2860000
9090216,3600000
9090217,5000000
9090218,19000000
9090219,5400000
9090220,3600000
9090221,13200000
9090222,1300000
9090223,1400000
9090224,2190000
9090225,5000000
9090226,4059000
9090227,23500000
9090228,9750000
9090229,10700000
9090230,13250000
9090231,7100000
9090232,3950000
9090233,2750000
9090234,6700000
9090235,1690000
9090236,4800000
9090237,8700000
9090238,2700000
9090239,1900000
9090240,5000000
9090241,4250000
9090242,5051200
9090243,15000000
9090244,3350000
9090245,8790000
9090246,1885000
9090247,3471000
9090248,1800000
9090249,3490000
9090250,10500000
9090251,4489900
9090252,900000
9090253,9500000
9090254,650000
9090255,3500000
9090256,14300000
9090257,8500000
9090258,1300000
9090259,2100000
9090260,2300000
9090261,1500000
9090262,3200000
9090263,3920000
9090264,1870000
9090265,3600000
9090266,2250000
9090267,3930000
9090268,5300000
9090269,5300000
9090270,2850000
9090271,7390000
9090272,3200000
9090273,3000000
9090274,2800000
9090275,10500000
9090276,1950000
9090277,1750000
9090278,3050000
9090279,4100000
9090280,8500000
9090281,2500000
9090282,2850000
9090283,3300000
9090284,2700000
9090285,3950000
9090286,1450000
9090287,7100000
9090288,9900000
9090289,7686880
9090290,2620000
9090291,3200000
9090292,4500000
9090293,3150000
9090294,3200000
9090295,2650000
9090296,6955000
9090297,3270000
9090298,13500000
9090299,8358000
9090300,9850000
9090301,550000
9090302,4800000
9090303,2580000
9090304,1299000
9090305,1450000
9090306,1850000
9090307,3550000
9090308,21000000
9090309,3500000
9090310,13000000
9090311,8400000
9090312,2100000
9090313,4100000
9090314,7800000
9090315,3600000
9090316,4850000
9090317,2700000
9090318,5390700
9090319,8760000
9090320,2280000
9090321,5799120
9090322,6200000
9090323,3400000
9090324,2550000
9090325,3100000
9090326,3490000
9090327,2150000
9090328,3412800
9090329,5051000
9090330,1880000
9090331,17820000
9090332,4600000
9090333,7150000
9090334,3180000
9090335,1100000
9090336,5845000
9090337,43000000
9090338,2850000
9090339,3700000
9090340,5500000
9090341,13650000
9090342,3000000
9090343,11900000
9090344,3900000
9090345,1650000
9090346,5600000
9090347,10600000
9090348,2580000
9090349,4200000
9090350,2640000
9090351,2600000
9090352,6950000
9090353,6200000
9090354,950000
9090355,4800000
9090356,4550000
9090357,5200000
9090358,2050000
9090359,14000000
9090360,10181065
9090361,800000
9090362,3900000
9090363,850000
9090364,4900000
9090365,4100000
9090366,3100000
9090367,5290000
9090368,1100000
9090369,1300000
9090370,4717000
9090371,5350000
9090372,4080000
9090373,989000
9090374,3600000
9090375,107766176
9090376,6300000
9090377,2800000
9090378,2900000
9090379,8898000
9090380,3702300
9090381,19900000
9090382,1860000
9090383,9500000
9090384,3790000
9090385,2580000
9090386,2350000
9090387,9195240
9090388,3039120
9090389,2700000
9090390,545000
9090391,19500000
9090392,3430000
9090393,5500000
9090394,9500000
9090395,4900000
9090396,4000000
9090397,2600000
9090398,2300000
9090399,3600000
9090400,10500000
9090401,1700000
9090402,2100000
9090403,2800000
9090404,3800000
9090405,7300000
9090406,6050000
9090407,1470000
9090408,2300000
9090409,3550000
9090410,5949000
9090411,3900000
9090412,5550000
9090413,27520000
9090414,24598500
9090415,4400000
9090416,7500000
9090417,2500000
9090418,5757785
9090419,4200000
9090420,32703000
9090421,5350000
9090422,2500000
9090423,3950000
9090424,550000
9090425,2450000
9090426,3092060
9090427,1050000
9090428,3500000
9090429,4400000
9090430,3300000
9090431,1200000
9090432,3650000
9090433,366000000
9090434,4000000
9090435,3950000
9090436,2900000
9090437,3500000
9090438,10300000
9090439,3590000
9090440,1800000
9090441,5150000
9090442,3145000
9090443,2000000
9090444,4000000
9090445,9000000
9090446,3280000
9090447,2170000
9090448,1800000
9090449,2600000
9090450,1500000
9090451,1650000
9090452,1650000
9090453,3000000
9090454,4130000
9090455,1150000
9090456,3900000
9090457,4100000
9090458,4300000
9090459,950000
9090460,8700000
9090461,8200000
9090462,7500000
9090463,12800000
9090464,5350000
9090465,366000000
9090466,4000000
9090467,6330000
9090468,13500000
9090469,6900000
9090470,11495000
9090471,7574000
9090472,9300000
9090473,1800000
9090474,15800000
9090475,8000000
9090476,1250000
9090477,5000000
9090478,3500000
9090479,8500000
9090480,11765000
9090481,4394286
9090482,11000000
9090483,650000
9090484,2550000
9090485,2290000
9090486,4300000
9090487,27500000
9090488,2900000
9090489,2350000
9090490,7797480
9090491,4150000
9090492,8862120
9090493,2700000
9090494,8050000
9090495,3899000
9090496,3411300
9090497,5300000
9090498,5300000
9090499,5600000
9090500,1150000
9090501,2850000
9090502,9660000
9090503,3800000
9090504,3500000
9090505,4550000
9090506,3200000
9090507,1650000
9090508,2500000
9090509,792774592
9090510,9000000
9090511,8600000
9090512,3790000
9090513,1270000
9090514,2700000
9090515,251934272
9090516,8300000
9090517,2100000
9090518,15030000
9090519,1300000
9090520,8000000
9090521,2080000
9090522,3250000
9090523,1260000
9090524,8000000
9090525,2100000
9090526,2380000
9090527,4650000
9090528,2350000
9090529,2600000
9090530,6290000
9090531,3000000
9090532,2900000
9090533,2250000
9090534,1300000
9090535,4599000
9090536,7000000
9090537,3900000
9090538,11900000
9090539,2400000
9090540,1460000
9090541,5150000
9090542,1950000
9090543,1850000
9090544,10500000
9090545,1000000
9090546,5650000
9090547,9376870
9090548,4400000
9090549,2900000
9090550,11500000
9090551,8200000
9090552,6000000
9090553,5235000
9090554,6900000
9090555,10800000
9090556,4200000
9090557,500000
9090558,3300000
9090559,8650000
9090560,10548000
9090561,10300000
9090562,4660000
9090563,3799000
9090564,5500000
9090565,3120000
9090566,13200000
9090567,5300000
9090568,4660000
9090569,2950000
9090570,4460000
9090571,7400000
9090572,5250000
9090573,2940000
9090574,2678716
9090575,2634071
9090576,4542409
9090577,4464000
9090578,3799000
9090579,1200000
9090580,6800000
9090581,1966200
9090582,3597000
9090583,2266000
9090584,3450000
9090585,8000000
9090586,2370000
9090587,13300000
9090588,2540400
9090589,10500900
9090590,2412800
9090591,2950000
9090592,1859000
9090593,2476600
9090594,2343000
9090595,1650000
9090596,1972000
9090597,1859000
9090598,4200000
9090599,3700000
9090600,15100000
9090601,2710000
9090602,3760000
9090603,1800000
9090604,2500000
9090605,3300000
9090606,6800000
9090607,2599000
9090608,3769223
9090609,7600000
9090610,6300000
9090611,2500000
9090612,820000
9090613,8650000
9090614,8500000
9090615,4599999
9090616,3700000
9090617,3799000
9090618,2250000
9090619,3000000
9090620,3700000
9090621,1800000
9090622,1250000
9090623,8210000
9090624,8210000
9090625,3230000
9090626,5099000
9090627,2095000
9090628,2830000
9090629,2150000
9090630,4650000
9090631,2000000
9090632,4800000
9090633,11238000
9090634,8200000
9090635,3710000
9090636,4320000
9090637,3280000
9090638,1400000
9090639,3300000
9090640,3250000
9090641,2430000
9090642,6200000
9090643,3170000
9090644,4000000
9090645,3650000
9090646,5100000
9090647,10000000
9090648,2800000
9090649,4489900
9090650,3550000
9090651,4600000
9090652,500000
9090653,2450000
9090654,1590000
9090655,770000
9090656,6200000
9090657,2450000
9090658,2450000
9090659,21000000
9090660,12908100
9090661,11870000
9090662,4350000
9090663,3500000
9090664,4380000
9090665,3645000
9090666,6066000
9090667,2280000
9090668,1300000
9090669,2450000
9090670,1100000
9090671,2800000
9090672,2800000
9090673,5450000
9090674,7900000
9090675,8250000
9090676,3850000
9090677,1000000
9090678,3100000
9090679,7300000
9090680,3300000
9090681,7900000
9090682,3000000
9090683,3800000
9090684,7500000
9090685,7500000
9090686,2770000
9090687,4650000
9090688,2550000
9090689,4290000
9090690,900000
9090691,4800000
9090692,5990000
9090693,4970000
9090694,6300000
9090695,6500000
9090696,3700000
9090697,7914000
9090698,5600000
9090699,2300000
9090700,5200000
9090701,2600000
9090702,5270940
9090703,6300000
9090704,1875000
9090705,6900000
9090706,2500000
9090707,2600000
9090708,11950000
9090709,5600000
9090710,13250000
9090711,11600000
9090712,900000
9090713,4221655
9090714,4000000
9090715,4188240
9090716,3500000
9090717,4850000
9090718,2750000
9090719,1900000
9090720,1850000
9090721,2300000
9090722,3400000
9090723,3000000
9090724,6000000
9090725,7000000
9090726,5950000
9090727,7000000
9090728,2880000
9090729,3900000
9090730,11450000
9090731,5485000
9090732,3400000
9090733,3070000
9090734,4900000
9090735,5249000
9090736,2390000
9090737,8150000
9090738,5900000
9090739,2150000
9090740,5426400
9090741,7200000
9090742,2100000
9090743,1100000
9090744,4180000
9090745,9990000
9090746,6113522
9090747,7690000
9090748,4039751
9090749,6200000
9090750,1700000
9090751,6227200
9090752,6600000
9090753,7500000
9090754,7300000
9090755,7000000
9090756,3290000
9090757,6200000
9090758,4532000
9090759,1400000
9090760,6200000
9090761,2366100
9090762,8000000
9090763,5498800
9090764,5500000
9090765,10950000
9090766,3050000
9090767,2775000
9090768,1340000
9090769,4500000
9090770,4896450
9090771,7614790
9090772,15800000
9090773,4797000
9090774,3800000
9090775,9700000
9090776,1700000
9090777,5500000
9090778,6000000
9090779,3817800
9090780,2700000
9090781,3300000
9090782,4290000
9090783,7977000
9090784,5100000
9090785,6090000
9090786,1640000
9090787,3890000
9090788,2650000
9090789,4300000
9090790,5850000
9090791,2250000
9090792,8418000
9090793,3808000
9090794,2180000
9090795,4200000
9090796,3500000
9090797,5630000
9090798,3900000
9090799,950000
9090800,7200000
9090801,3490000
9090802,7800000
9090803,7800000
9090804,3158000
9090805,2339000
9090806,3273000
9090807,2298000
9090808,5300000
9090809,44750000
9090810,2000000
9090811,80900000
9090812,4150000
9090813,5540000
9090814,13900000
9090815,2900000
9090816,1400000
9090817,2200000
9090818,4100000
9090819,13500000
9090820,2200000
9090821,4700000
9090822,6900000
9090823,6900000
9090824,8878645
9090825,1650000
9090826,2800000
9090827,13640000
9090828,3380000
9090829,3459000
9090830,5650000
9090831,3300000
9090832,1400000
9090833,3200000
9090834,20500000
9090835,4090000
9090836,5000000
9090837,3480000
9090838,1700000
9090839,1799000
9090840,3130000
9090841,2020000
9090842,5700000
9090843,5200000
9090844,8200000
9090845,59000000
9090846,3825260
9090847,8080000
9090848,8100000
9090849,4600000
9090850,5100000
9090851,1850000
9090852,4200000
9090853,2770000
9090854,1500000
9090855,3550000
9090856,6300000
9090857,5300000
9090858,5650000
9090859,4100000
9090860,6000000
9090861,4600000
9090862,3600000
9090863,3600000
9090864,8550000
9090865,11040000
9090866,7515244
9090867,5600000
9090868,5300000
9090869,2000000
9090870,4200000
9090871,5500000
9090872,11150000
9090873,4200000
9090874,12000000
9090875,8200000
9090876,13500000
9090877,3300000
9090878,7800000
9090879,4350000
9090880,2600000
9090881,10700000
9090882,4894640
9090883,2250000
9090884,11929700
9090885,9780000
9090886,1500000
9090887,11400000
9090888,4200000
9090889,2600000
9090890,2400000
9090891,5200000
9090892,9100000
9090893,6501600
9090894,9700000
9090895,3600000
9090896,7550000
9090897,28900000
9090898,10700000
9090899,6600000
9090900,7320000
9090901,7122250
9090902,7326050
9090903,2100000
9090904,620000
9090905,10850000
9090906,2280000
9090907,4350000
9090908,2300000
9090909,3700000
9090910,9600000
9090911,1850000
9090912,3000000
9090913,60689580
9090914,64334470
9090915,3300000
9090916,7200000
9090917,25000000
9090918,11600000
9090919,15500000
9090920,4450000
9090921,2500000
9090922,4800000
9090923,2500000
9090924,2150000
9090925,19000000
9090926,30490000
9090927,2350000
9090928,4600000
9090929,3100000
9090930,42000000
9090931,2780000
9090932,3700000
9090933,2720000
9090934,2750000
9090935,5650000
9090936,3890000
9090937,3700000
9090938,4200000
9090939,7390000
9090940,1450000
9090941,13100000
9090942,370000
9090943,1950000
9090944,5690000
9090945,1150000
9090946,2000000
9090947,2500000
9090948,1520000
9090949,3230000
9090950,2150000
9090951,1800000
9090952,2950000
9090953,1650000
9090954,6700000
9090955,9200000
9090956,4990000
9090957,3960000
9090958,6421030
9090959,2700000
9090960,4200000
9090961,4920200
9090962,3745820
9090963,2400000
9090964,1150000
9090965,4500000
9090966,4100000
9090967,4550000
9090968,3250000
9090969,3400000
9090970,3992450
9090971,5656650
9090972,4093630
9090973,3300000
9090974,5000000
9090975,5250000
9090976,8000000
9090977,20500000
9090978,1450000
9090979,4140000
9090980,3046384
9090981,14693544
9090982,3557000
9090983,3039120
9090984,2565000
9090985,3200000
9090986,2500000
9090987,14050000
9090988,47000000
9090989,3679000
9090990,8600000
9090991,4100000
9090992,5060560
9090993,8355108
9090994,8500000
9090995,4500000
9090996,8490000
9090997,3069999
9090998,5500000
9090999,6800000
9091000,5800000
9091001,2000000
9091002,3350000
9091003,1400000
9091004,8300000
9091005,15088500
9091006,12043512
9091007,14101056
9091008,14599800
9091009,6579000
9091010,4499000
9091011,13616100
9091012,14100300
9091013,14101056
9091014,3041045
9091015,4550000
9091016,2800000
9091017,13800000
9091018,2321800
9091019,3350000
9091020,1390000
9091021,2050000
9091022,4550000
9091023,5500000
9091024,11800000
9091025,8100000
9091026,8100000
9091027,2850000
9091028,5200000
9091029,4199999
9091030,10700000
9091031,61920000
9091032,4850000
9091033,7000000
9091034,4850000
9091035,2500000
9091036,1100000
9091037,1300000
9091038,3850000
9091039,1500000
9091040,2500000
9091041,23000000
9091042,5500000
9091043,5300000
9091044,3250000
9091045,850000
9091046,7402873
9091047,16990000
9091048,5011090
9091049,11700000
9091050,12475584
9091051,1500000
9091052,7499000
9091053,800000
9091054,750000
9091055,3499000
9091056,2700000
9091057,3850000
9091058,2250000
9091059,8520000
9091060,4200000
9091061,2450000
9091062,4000000
9091063,1840000
9091064,4000000
9091065,3350000
9091066,1690000
9091067,25600000
9091068,4500000
9091069,11000000
9091070,3500000
9091071,250000
9091072,5550000
9091073,2050000
9091074,3500000
9091075,3450000
9091076,2260000
9091077,4500000
9091078,7100000
9091079,2150000
9091080,4100000
9091081,3600000
9091082,2150000
9091083,1600000
9091084,9000000
9091085,2200000
9091086,8900000
9091087,4000000
9091088,4629735
9091089,4200000
9091090,4650000
9091091,3700000
9091092,12849999
9091093,8246650
9091094,7854400
9091095,5498800
9091096,3681850
9091097,5498800
9091098,1550000
9091099,1300000
9091100,10300000
9091101,1350000
9091102,9500000
9091103,13500000
9091104,20700000
9091105,3200000
9091106,5500000
9091107,3500000
9091108,2700000
9091109,2300000
9091110,7100000
9091111,4890000
9091112,5500000
9091113,4500000
9091114,2600000
9091115,8600000
9091116,6299900
9091117,2390000
9091118,2966500
9091119,3250000
9091120,5400000
9091121,8300000
9091122,4650000
9091123,4000000
9091124,3000000
9091125,14780000
9091126,3500000
9091127,30000000
9091128,5425000
9091129,2630000
9091130,2360000
9091131,6500000
9091132,3150000
9091133,2920000
9091134,1400000
9091135,4932900
9091136,5900000
9091137,2800000
9091138,6076120
9091139,2990000
9091140,11500000
9091141,5000000
9091142,11010720
9091143,2900000
9091144,3160000
9091145,1220000
9091146,3740000
9091147,5969100
9091148,4200000
9091149,2500000
9091150,1270000
9091151,1000000
9091152,7200000
9091153,1250000
9091154,2450000
9091155,1250000
9091156,2800000
9091157,830000
9091158,1250000
9091159,5690000
9091160,2650000
9091161,2200000
9091162,5900000
9091163,6960000
9091164,2800000
9091165,3100000
9091166,7200000
9091167,6600000
9091168,10000000
9091169,5560255
9091170,3290000
9091171,1560000
9091172,1600000
9091173,15400000
9091174,1620000
9091175,6081130
9091176,1600000
9091177,6000000
9091178,16500000
9091179,3500000
9091180,2600000
9091181,5394400
9091182,3500000
9091183,5500000
9091184,4950000
9091185,3190000
9091186,3940000
9091187,2580000
9091188,14700000
9091189,9000000
9091190,6200000
9091191,4111000
9091192,4197000
9091193,2911000
9091194,1850000
9091195,3800000
9091196,1190000
9091197,3699000
9091198,6230000
9091199,1600000
9091200,2640000
9091201,1350000
9091202,3635000
9091203,6500000
9091204,1600000
9091205,4100000
9091206,13500000
9091207,2800000
9091208,5650000
9091209,8750000
9091210,1800000
9091211,2300000
9091212,1130000
9091213,3690000
9091214,6000000
9091215,5100000
9091216,1200000
9091217,5500000
9091218,22900000
9091219,85000000
9091220,5900000
9091221,5880000
9091222,10250000
9091223,2650000
9091224,2450000
9091225,3200000
9091226,3300000
9091227,3500000
9091228,3860000
9091229,9100000
9091230,5550000
9091231,24990000
9091232,2400000
9091233,10500000
9091234,4500000
9091235,6800000
9091236,8700000
9091237,25500000
9091238,8500000
9091239,2000000
9091240,4900000
9091241,5400000
9091242,7200000
9091243,4500000
9091244,12000000
9091245,5099000
9091246,1990000
9091247,8200000
9091248,2550000
9091249,5700000
9091250,12990000
9091251,2730000
9091252,2550000
9091253,1600000
9091254,2400000
9091255,1450000
9091256,3800000
9091257,6800000
9091258,1550000
9091259,1030000
9091260,6035700
9091261,2800000
9091262,4150000
9091263,20500000
9091264,11700000
9091265,16500000
9091266,4868520
9091267,7400000
9091268,4999000
9091269,900000
9091270,2600000
9091271,1150000
9091272,3349000
9091273,3600002
9091274,3600000
9091275,2250000
9091276,2300000
9091277,2500000
9091278,3750000
9091279,3500000
9091280,2200000
9091281,4637600
9091282,3850000
9091283,48200000
9091284,3450000
9091285,15000000
9091286,1500000
9091287,2450000
9091288,13200000
9091289,45000000
9091290,10760000
9091291,3300000
9091292,1780000
9091293,2180000
9091294,7050000
9091295,2500000
9091296,4600000
9091297,11290000
9091298,3300000
9091299,3800000
9091300,330000
9091301,3290000
9091302,1000000
9091303,2850000
9091304,1500000
9091305,2050000
9091306,5615000
9091307,1440000
9091308,2000000
9091309,1590000
9091310,2850000
9091311,11700000
9091312,2550000
9091313,4500000
9091314,11200000
9091315,1950000
9091316,4500000
9091317,4600000
9091318,2030000
9091319,3750000
9091320,4800000
9091321,2600000
9091322,3500000
9091323,5650000
9091324,2150000
9091325,11550000
9091326,3400000
9091327,13557900
9091328,11200000
9091329,15000000
9091330,16990000
9091331,2920000
9091332,5800000
9091333,4440000
9091334,4180000
9091335,2000000
9091336,3000000
9091337,1310000
9091338,7350000
9091339,10838384
9091340,4780000
9091341,4500000
9091342,4500000
9091343,5100000
9091344,2500000
9091345,6300000
9091346,1560000
9091347,4900000
9091348,2000000
9091349,8500000
9091350,5350000
9091351,4600000
9091352,1530000
9091353,5385000
9091354,5050000
9091355,3700000
9091356,1240000
9091357,2800000
9091358,3590000
9091359,13500000
9091360,6200000
9091361,2150000
9091362,13000000
9091363,3000000
9091364,650000
9091365,1500000
9091366,5000000
9091367,330000
9091368,2300000
9091369,1200000
9091370,5015450
9091371,3074000
9091372,1630000
9091373,3060000
9091374,3900000
9091375,3450000
9091376,3650000
9091377,2150000
9091378,3870000
9091379,1800840
9091380,3499000
9091381,4994430
9091382,3690000
9091383,5453820
9091384,3850000
9091385,7500000
9091386,6040000
9091387,3600000
9091388,3445000
9091389,4950000
9091390,4885000
9091391,12000000
9091392,6700000
9091393,2850000
9091394,4800000
9091395,1500000
9091396,6700000
9091397,4399000
9091398,2300000
9091399,2560000
9091400,3600000
9091401,2800000
9091402,30000000
9091403,15157000
9091404,1890000
9091405,1700000
9091406,10000000
9091407,2300000
9091408,2000000
9091409,16850000
9091410,2954992
9091411,5124277
9091412,2969131
9091413,3025484
9091414,3025484
9091415,1900000
9091416,2150000
9091417,57000000
9091418,290000
9091419,3400000
9091420,1580000
9091421,900000
9091422,370000
9091423,2000000
9091424,4200000
9091425,4550000
9091426,3950000
9091427,1100000
9091428,4270000
9091429,9300000
9091430,5245000
9091431,8129000
9091432,2950000
9091433,7000000
9091434,3080000
9091435,9500000
9091436,18300000
9091437,6990000
9091438,1200000
9091439,3000000
9091440,2200000
9091441,7200000
9091442,20700000
9091443,4623000
9091444,10700000
9091445,2555000
9091446,3580000
9091447,5453820
9091448,2300000
9091449,5950000
9091450,2700000
9091451,4900000
9091452,2900000
9091453,2750000
9091454,4000000
9091455,980000
9091456,2690000
9091457,3787088
9091458,5144892
9091459,3789349
9091460,3789349
9091461,2930000
9091462,3050000
9091463,11130000
9091464,5850000
9091465,5700000
9091466,10350000
9091467,2320000
9091468,27000000
9091469,4761300
9091470,5537000
9091471,3100000
9091472,6570000
9091473,5500000
9091474,4150000
9091475,6500000
9091476,5999000
9091477,99970000
9091478,7730000
9091479,1500000
9091480,15000000
9091481,6100000
9091482,1470000
9091483,7823250
9091484,5060560
9091485,9500000
9091486,6100000
9091487,7400000
9091488,5056900
9091489,3000000
9091490,3700000
9091491,4500000
9091492,12200000
9091493,4500000
9091494,4500000
9091495,1100000
9091496,15100000
9091497,6800000
9091498,4350000
9091499,2641000
9091500,65000000
9091501,2350000
9091502,2000000
9091503,4350000
9091504,9300000
9091505,3100000
9091506,2500000
9091507,3150000
9091508,2350000
9091509,2850000
9091510,123524210
9091511,8300000
9091512,1000000
9091513,2812950
9091514,4950000
9091515,3000000
9091516,6750000
9091517,25750000
9091518,3000000
9091519,13800000
9091520,16400000
9091521,2200000
9091522,5100000
9091523,3100000
9091524,8140000
9091525,7600000
9091526,2257801
9091527,4205419
9091528,2900000
9091529,1500000
9091530,5600000
9091531,3500000
9091532,1100000
9091533,7800000
9091534,4890000
9091535,3150000
9091536,8728944
9091537,6112000
9091538,2460000
9091539,3450000
9091540,3900000
9091541,28700000
9091542,2800000
9091543,2600000
9091544,8250000
9091545,2850000
9091546,2800000
9091547,2800000
9091548,2900000
9091549,4700000
9091550,2650000
9091551,3200000
9091552,9189500
9091553,3750000
9091554,5400000
9091555,3200000
9091556,4280000
9091557,7800000
9091558,2950000
9091559,8100000
9091560,4980150
9091561,4935000
9091562,2550000
9091563,990000
9091564,3100000
9091565,2450000
9091566,2520000
9091567,2200000
9091568,4370000
9091569,2400000
9091570,4628400
9091571,7650000
9091572,2000020
9091573,4550000
9091574,18900000
9091575,1950000
9091576,4500000
9091577,3500000
9091578,4300000
9091579,4820000
9091580,3890000
9091581,3450000
9091582,3600000
9091583,3300000
9091584,6900000
9091585,6700000
9091586,2680000
9091587,5200000
9091588,6300000
9091589,2800000
9091590,6000000
9091591,1780000
9091592,6500000
9091593,4200000
9091594,4300000
9091595,3600000
9091596,14000000
9091597,2200000
9091598,2060000
9091599,3650000
9091600,4690000
9091601,2850000
9091602,78561000
9091603,4700000
9091604,1300000
9091605,4700000
9091606,1700000
9091607,2870000
9091608,1750000
9091609,6750000
9091610,7399000
9091611,4997000
9091612,3900000
9091613,7650000
9091614,7530000
9091615,3250000
9091616,2260000
9091617,3150000
9091618,6800000
9091619,3500000
9091620,2550000
9091621,3100000
9091622,4891100
9091623,2700000
9091624,3220000
9091625,4787640
9091626,3600000
9091627,4868520
9091628,3750000
9091629,3500000
9091630,14000000
9091631,8350000
9091632,7920000
9091633,4200000
9091634,4700000
9091635,7250000
9091636,3100000
9091637,2392000
9091638,2150000
9091639,2955000
9091640,2670000
9091641,2840000
9091642,8575000
9091643,4390000
9091644,1300000
9091645,3350000
9091646,1900000
9091647,3900000
9091648,2600000
9091649,1710000
9091650,16700000
9091651,1600000
9091652,3450000
9091653,3639000
9091654,3150000
9091655,4300000
9091656,3750000
9091657,27000000
9091658,27060000
9091659,3370000
9091660,1050000
9091661,5600000
9091662,3100000
9091663,3100000
9091664,3200000
9091665,3800000
9091666,5919335
9091667,5930320
9091668,2600000
9091669,2810000
9091670,4150000
9091671,4323000
9091672,4500000
9091673,3100000
9091674,4100000
9091675,10700000
9091676,20990000
9091677,3700000
9091678,11500000
9091679,3570000
9091680,3570000
9091681,2270000
9091682,4000000
9091683,5300000
9091684,7800000
9091685,2100000
9091686,6500000
9091687,4850000
9091688,4650000
9091689,1700000
9091690,2600000
9091691,7990000
9091692,4600000
9091693,900000
9091694,21098034
9091695,22675860
9091696,11429564
9091697,22598262
9091698,11413400
9091699,22701726
9091700,3700000
9091701,545000
9091702,13800000
9091703,8100000
9091704,3800000
9091705,5999999
9091706,7100000
9091707,2530000
9091708,6200000
9091709,3230000
9091710,3750000
9091711,5750000
9091712,8900000
9091713,12300000
9091714,3550000
9091715,4950000
9091716,22500000
9091717,2150000
9091718,2199000
9091719,6900000
9091720,8084000
9091721,4250000
9091722,6199000
9091723,4099000
9091724,5227840
9091725,5000000
9091726,5100000
9091727,7200000
9091728,19000000
9091729,8800000
9091730,5870000
9091731,2050000
9091732,2350000
9091733,940000
9091734,1500000
9091735,2400000
9091736,15500000
9091737,5275000
9091738,3500000
9091739,3500000
9091740,3550000
9091741,4100000
9091742,2970000
9091743,2700000
9091744,4000000
9091745,10600000
9091746,2350000
9091747,2450000
9091748,3550000
9091749,2700000
9091750,6890000
9091751,830000
9091752,1450000
9091753,780000
9091754,3875000
9091755,6280000
9091756,8700000
9091757,1850000
9091758,1850000
9091759,7440000
9091760,1150000
9091761,4200000
9091762,690000
9091763,5865200
9091764,8439990
9091765,7922875
9091766,3350000
9091767,2600000
9091768,1350000
9091769,2850000
9091770,5400000
9091771,1880000
9091772,1530000
9091773,3000000
9091774,2950000
9091775,680000
9091776,2500000
9091777,3700000
9091778,3490000
9091779,3190000
9091780,3800000
9091781,3800000
9091782,2400000
9091783,550000
9091784,3300000
9091785,4150000
9091786,3100000
9091787,1290000
9091788,6450000
9091789,5800000
9091790,3000000
9091791,1300000
9091792,3415000
9091793,13500000
9091794,3037000
9091795,10300000
9091796,2340000
9091797,3290000
9091798,1950000
9091799,5500000
9091800,8200000
9091801,4300000
9091802,2450000
9091803,780000
9091804,490000
9091805,15860000
9091806,4000000
9091807,5600000
9091808,3850000
9091809,2100000
9091810,4886120
9091811,4666680
9091812,6000000
9091813,5415760
9091814,4200000
9091815,2380000
9091816,6300000
9091817,2100000
9091818,2600000
9091819,10700000
9091820,1750000
9091821,1550000
9091822,1550000
9091823,5900000
9091824,2900000
9091825,3250000
9091826,5550000
9091827,18500000
9091828,6086784
9091829,4400000
9091830,4250000
9091831,2600000
9091832,8582472
9091833,6163776
9091834,4490000
9091835,1550000
9091836,5200000
9091837,2870000
9091838,2000000
9091839,2233000
9091840,3400000
9091841,3920000
9091842,1130000
9091843,2600000
9091844,3100000
9091845,4950000
9091846,2262000
9091847,6200000
9091848,2233000
9091849,4900000
9091850,10990000
9091851,3250000
9091852,1850000
9091853,4783800
9091854,3112000
9091855,3112000
9091856,3112000
9091857,3050000
9091858,8950000
9091859,15332440
9091860,6000000
9091861,2000000
9091862,2250000
9091863,10000000
9091864,13300000
9091865,3200000
9091866,2700000
9091867,3300000
9091868,3085150
9091869,4200000
9091870,6500000
9091871,4090000
9091872,3990000
9091873,3990000
9091874,3290000
9091875,3390000
9091876,3790000
9091877,4350000
9091878,3790000
9091879,6500000
9091880,6500000
9091881,18300000
9091882,3681150
9091883,1750000
9091884,4450000
9091885,13164000
9091886,4990000
9091887,2590000
9091888,2850000
9091889,1850000
9091890,7250000
9091891,8700000
9091892,3500000
9091893,2850000
9091894,1260000
9091895,2860000
9091896,2680000
9091897,1860000
9091898,5950000
9091899,1300000
9091900,7750000
9091901,3250000
9091902,2722900
9091903,4630000
9091904,3500000
9091905,750000
9091906,3160000
9091907,1650000
9091908,1350000
9091909,7979626
9091910,9450000
9091911,2400000
9091912,3475000
9091913,3599000
9091914,3930000
9091915,1470000
9091916,2262000
9091917,3534000
9091918,10500000
9091919,2750000
9091920,2900000
9091921,5600000
9091922,2490000
9091923,3550000
9091924,14699020
9091925,850000
9091926,1100000
9091927,9650000
9091928,4100000
9091929,1000000
9091930,4636100
9091931,4524330
9091932,4636100
9091933,8700000
9091934,300000
9091935,4200000
9091936,1100000
9091937,3599000
9091938,3380000
9091939,7415000
9091940,5200000
9091941,39000000
9091942,1883000
9091943,2114000
9091944,3650000
9091945,2750000
9091946,1700000
9091947,17050000
9091948,2150000
9091949,1900000
9091950,5700000
9091951,3850000
9091952,14950000
9091953,6699000
9091954,4695000
9091955,4490000
9091956,2700000
9091957,5600000
9091958,3850000
9091959,5100000
9091960,7250166
9091961,9700000
9091962,1290000
9091963,1000000
9091964,1850000
9091965,1450000
9091966,3100000
9091967,2350000
9091968,2900000
9091969,7700000
9091970,3450000
9091971,2150000
9091972,5200000
9091973,9500000
9091974,5350000
9091975,4850000
9091976,4350000
9091977,2849000
9091978,2320000
9091979,2320000
9091980,2450000
9091981,1799999
9091982,10461336
9091983,8035351
9091984,5950000
9091985,1950000
9091986,1999999
9091987,2050000
9091988,3600000
9091989,4000000
9091990,7550000
9091991,2070000
9091992,5600000
9091993,6630000
9091994,10240625
9091995,5490000
9091996,3700000
9091997,7600000
9091998,5250000
9091999,8600000
9092000,2300000
9092001,8750000
9092002,3250000
9092003,1355000
9092004,1560000
9092005,11999000
9092006,2250000
9092007,3144000
9092008,16000000
9092009,3300000
9092010,3500000
9092011,5550000
9092012,7399000
9092013,3840000
9092014,5458000
9092015,1000000
9092016,6000000
9092017,1550000
9092018,3600000
9092019,15600000
9092020,2550000
9092021,4500000
9092022,2200000
9092023,2500000
9092024,11200000
9092025,12250000
9092026,4000000
9092027,1199999
9092028,2630000
9092029,9999000
9092030,4880000
9092031,1600000
9092032,1550000
9092033,1370000
9092034,4900000
9092035,1630000
9092036,5100000
9092037,5272500
9092038,4390000
9092039,1200000
9092040,1200000
9092041,1400000
9092042,730000
9092043,18900000
9092044,2440000
9092045,3900000
9092046,4050000
9092047,1290000
9092048,10200000
9092049,5150000
9092050,2700000
9092051,3700000
9092052,10000000
9092053,6000000
9092054,19500000
9092055,8500000
9092056,18900000
9092057,4400000
9092058,3500000
9092059,2700000
9092060,6700000
9092061,1850000
9092062,23000000
9092063,5222910
9092064,14000000
9092065,12490000
9092066,1420000
9092067,7500000
9092068,1830000
9092069,6200000
9092070,7300000
9092071,2000000
9092072,36000000
9092073,10600000
9092074,19399000
9092075,3300000
9092076,5550000
9092077,3800000
9092078,2350000
9092079,6900000
9092080,3999000
9092081,2550000
9092082,5157508
9092083,5157508
9092084,5163745
9092085,5165878
9092086,5034488
9092087,5034488
9092088,3450000
9092089,3200000
9092090,9000000
9092091,4000000
9092092,3800000
9092093,14000000
9092094,4200000
9092095,6000000
9092096,1850000
9092097,2200000
9092098,1500000
9092099,12100000
9092100,12500040
9092101,30500000
9092102,3490000
9092103,4250000
9092104,3200000
9092105,2799000
9092106,7700000
9092107,2699000
9092108,900000
9092109,2970000
9092110,3150000
9092111,10900000
9092112,9700000
9092113,16400000
9092114,1570000
9092115,3500000
9092116,4500000
9092117,1950000
9092118,6914000
9092119,1550000
9092120,22100000
9092121,450000
9092122,4850000
9092123,2240000
9092124,6500000
9092125,2650000
9092126,1200000
9092127,3309000
9092128,2499000
9092129,270000
9092130,6900000
9092131,7400000
9092132,4150000
9092133,2600000
9092134,1499999
9092135,2900000
9092136,450000
9092137,10400000
9092138,5700000
9092139,8180880
9092140,2040000
9092141,4055000
9092142,6000000
9092143,5642080
9092144,3950000
9092145,2550000
9092146,2250000
9092147,14863000
9092148,3620000
9092149,2850000
9092150,4430000
9092151,1900000
9092152,6100000
9092153,3850000
9092154,830000
9092155,5700000
9092156,6500000
9092157,3850000
9092158,4700000
9092159,3000000
9092160,6500000
9092161,3250000
9092162,2280000
9092163,3900000
9092164,2200000
9092165,4100000
9092166,5200000
9092167,12990000
9092168,9750000
9092169,15900000
9092170,2600000
9092171,11499999
9092172,7800000
9092173,8262000
9092174,2400000
9092175,5150000
9092176,3600000
9092177,2800000
9092178,3200000
9092179,3900002
9092180,7000000
9092181,3300000
9092182,2400000
9092183,3000000
9092184,3700000
9092185,11000000
9092186,3100000
9092187,3700000
9092188,4100000
9092189,3600000
9092190,2450000
9092191,450000
9092192,3500000
9092193,3900000
9092194,8311000
9092195,8908000
9092196,3770000
9092197,6400000
9092198,4700000
9092199,3240180
9092200,1700000
9092201,10500000
9092202,850000
9092203,3650000
9092204,9199999
9092205,6340000
9092206,3850000
9092207,4700000
9092208,37500000
9092209,9024796
9092210,4400000
9092211,6708795
9092212,3000100
9092213,3500000
9092214,2900000
9092215,4000000
9092216,3394918
9092217,1900000
9092218,2350000
9092219,6400000
9092220,4000000
9092221,11500000
9092222,3520000
9092223,4500000
9092224,3200000
9092225,19000000
9092226,4100000
9092227,2050000
9092228,1750000
9092229,2480000
9092230,5800000
9092231,3190000
9092232,2900000
9092233,3500000
9092234,3100000
9092235,13500000
9092236,2070000
9092237,6300000
9092238,6990000
9092239,5500000
9092240,3290000
9092241,3690000
9092242,2150000
9092243,2150000
9092244,4550
9092245,10500000
9092246,2640000
9092247,2600000
9092248,10600000
9092249,3290000
9092250,1030000
9092251,3840000
9092252,2600000
9092253,3290000
9092254,3260000
9092255,2390000
9092256,3640000
9092257,9200000
9092258,3300000
9092259,3490000
9092260,800000
9092261,6300000
9092262,5344290
9092263,1350000
9092264,9800000
9092265,2610000
9092266,2610000
9092267,3490000
9092268,3660000
9092269,3600000
9092270,2300000
9092271,5490000
9092272,3690000
9092273,1060000
9092274,47000000
9092275,4790000
9092276,41000000
9092277,5150000
9092278,40000000
9092279,6300000
9092280,5149000
9092281,3800000
9092282,3640000
9092283,1190000
9092284,9999999
9092285,46500000
9092286,48000000
9092287,3212100
9092288,3199200
9092289,93000000
9092290,5900000
9092291,2000000
9092292,3200000
9092293,45500000
9092294,2500000
9092295,4400000
9092296,1100000
9092297,3199200
9092298,5020000
9092299,4102200
9092300,8000000
9092301,5550000
9092302,4350000
9092303,41000000
9092304,2660000
9092305,2550000
9092306,3690000
9092307,5450000
9092308,1100000
9092309,2200000
9092310,3690000
9092311,3351600
9092312,1750000
9092313,14100000
9092314,3769400
9092315,9300000
9092316,6800000
9092317,1650000
9092318,4140000
9092319,7900000
9092320,3740000
9092321,2700000
9092322,4490000
9092323,2650000
9092324,3140000
9092325,1790000
9092326,4790000
9092327,1800000
9092328,400000
9092329,1580000
9092330,3500000
9092331,2300000
9092332,2690000
9092333,2100000
9092334,3150000
9092335,4800000
9092336,4245000
9092337,1300000
9092338,3490000
9092339,4700000
9092340,9800000
9092341,1930000
9092342,4140000
9092343,3200000
9092344,2700000
9092345,3200000
9092346,25800000
9092347,4200000
9092348,4140000
9092349,8100000
9092350,450000
9092351,1650000
9092352,3150000
9092353,5322973
9092354,2660000
9092355,2240000
9092356,8390000
9092357,15200000
9092358,8650000
9092359,9290000
9092360,1500000
9092361,3260000
9092362,8172429
9092363,5500000
9092364,8500000
9092365,3905279
9092366,3190000
9092367,6400000
9092368,7300000
9092369,3300000
9092370,3240000
9092371,4390000
9092372,5700000
9092373,2590000
9092374,3280000
9092375,5350000
9092376,6600000
9092377,11690000
9092378,1500000
9092379,3900000
9092380,1500000
9092381,6016600
9092382,3150000
9092383,5989660
9092384,3050000
9092385,4500000
9092386,2290000
9092387,4216587
9092388,2390000
9092389,2600000
9092390,2350000
9092391,6987500
9092392,2500000
9092393,14198400
9092394,1950000
9092395,5300000
9092396,2640000
9092397,17300000
9092398,1450000
9092399,3499978
9092400,6154874
9092401,4790000
9092402,2640000
9092403,3900000
9092404,8000000
9092405,2150000
9092406,3790000
9092407,1900000
9092408,2550000
9092409,4600000
9092410,15000000
9092411,2900000
9092412,3942500
9092413,2390000
9092414,2690000
9092415,11990000
9092416,5800000
9092417,3740000
9092418,3740000
9092419,3600000
9092420,3850000
9092421,2750000
9092422,3528000
9092423,7555000
9092424,5500000
9092425,2160000
9092426,2440000
9092427,4380000
9092428,5700000
9092429,2900000
9092430,1400000
9092431,3400000
9092432,4650000
9092433,9000000
9092434,10500000
9092435,3890000
9092436,11261000
9092437,1800000
9092438,2690000
9092439,9887268
9092440,2200000
9092441,14599800
9092442,1100000
9092443,4140000
9092444,10500000
9092445,10719300
9092446,4090000
9092447,4500000
9092448,1000000
9092449,4790000
9092450,3000000
9092451,4950000
9092452,24200000
9092453,7550000
9092454,4140000
9092455,4000000
9092456,1800000
9092457,1000000
9092458,4200000
9092459,16500000
9092460,4600000
9092461,4250000
9092462,4600000
9092463,3940000
9092464,4680000
9092465,12800000
9092466,3450000
9092467,3990000
9092468,3550000
9092469,3240000
9092470,5200000
9092471,2500000
9092472,2250000
9092473,4600000
9092474,6700000
9092475,4200000
9092476,15700000
9092477,3940000
9092478,3150000
9092479,1550000
9092480,3890000
9092481,2150000
9092482,3809500
9092483,3700000
9092484,2700000
9092485,3458700
9092486,3341800
9092487,7800000
9092488,3441000
9092489,3800000
9092490,8700000
9092491,12500000
9092492,2580000
9092493,3890000
9092494,3450000
9092495,2063400
9092496,4100000
9092497,5680000
9092498,3250000
9092499,2800000
9092500,5390000
9092501,4200000
9092502,4790000
9092503,2650000
9092504,2250000
9092505,15500000
9092506,4630000
9092507,1060000
9092508,2800000
9092509,5390000
9092510,3875750
9092511,580000
9092512,7300000
9092513,7300000
9092514,5390000
9092515,4800000
9092516,2700000
9092517,7875354
9092518,2900000
9092519,4460000
9092520,3890000
9092521,1550000
9092522,3890000
9092523,1020000
9092524,3660000
9092525,7800000
9092526,7250000
9092527,4250000
9092528,2100000
9092529,454191360
9092530,6350000
9092531,59183790
9092532,14000000
9092533,6781500
9092534,25000000
9092535,6250000
9092536,4500000
9092537,4550000
9092538,3358850
9092539,3471390
9092540,6570000
9092541,9500000
9092542,3040000
9092543,21000000
9092544,2980000
9092545,5100000
9092546,4800000
9092547,20000000
9092548,3060000
9092549,2000000
9092550,2770000
9092551,2200000
9092552,2750000
9092553,1600000
9092554,8000000
9092555,2262000
9092556,4600000
9092557,4730000
9092558,3769400
9092559,1710000
9092560,1190000
9092561,1300000
9092562,4500000
9092563,3990000
9092564,6468000
9092565,4300000
9092566,3630000
9092567,2885690
9092568,4888320
9092569,2750000
9092570,10900000
9092571,3500000
9092572,2950000
9092573,3493000
9092574,3100000
9092575,4322900
9092576,3600000
9092577,4914000
9092578,3100000
9092579,3452100
9092580,13300000
9092581,3499785
9092582,3642700
9092583,3940000
9092584,2600000
9092585,3000000
9092586,6700000
9092587,3421600
9092588,3278500
9092589,3200000
9092590,8600000
9092591,3462600
9092592,2500000
9092593,6070000
9092594,2344300
9092595,12661000
9092596,3100000
9092597,12900000
9092598,3383000
9092599,3840000
9092600,1710000
9092601,6599000
9092602,3290000
9092603,5469990
9092604,2150000
9092605,6200000
9092606,6420000
9092607,3600000
9092608,1340000
9092609,2250000
9092610,4250000
9092611,4180000
9092612,9000000
9092613,6350000
9092614,31500000
9092615,6589830
9092616,4500000
9092617,5340400
9092618,8050000
9092619,3322200
9092620,2990000
9092621,2800000
9092622,4535000
9092623,25000000
9092624,1700000
9092625,1590000
9092626,4000000
9092627,3500000
9092628,1768000
9092629,16500000
9092630,5900000
9092631,3300000
9092632,1790000
9092633,1600000
9092634,1960000
9092635,3144000
9092636,6450000
9092637,3127732
9092638,1650000
9092639,3480000
9092640,3000000
9092641,2750000
9092642,13500000
9092643,6150000
9092644,9150000
9092645,2000000
9092646,7600000
9092647,9000000
9092648,2527300
9092649,8100000
9092650,2250000
9092651,51000000
9092652,1100000
9092653,3800000
9092654,9000000
9092655,2340000
9092656,6107016
9092657,3750000
9092658,3650000
9092659,9450000
9092660,2250000
9092661,1800000
9092662,3500000
9092663,4300000
9092664,7250000
9092665,3700000
9092666,6000000
9092667,7600000
9092668,1950000
9092669,2850000
9092670,2050000
9092671,2650000
9092672,16450000
9092673,4950000
9092674,2300000
9092675,4250000
9092676,2280000
9092677,4127658
9092678,3458700
9092679,4300000
9092680,12700000
9092681,1850000
9092682,4455000
9092683,3624800
9092684,11000000
9092685,5650000
9092686,4800000
9092687,4450000
9092688,4780000
9092689,8990800
9092690,3422400
9092691,18518010
9092692,1850000
9092693,4290000
9092694,2746200
9092695,13000000
9092696,5395000
9092697,3351600
9092698,1800000
9092699,1150000
9092700,4250000
9092701,3890000
9092702,2670000
9092703,4350000
9092704,1599000
9092705,3523200
9092706,5400000
9092707,1599000
9092708,2000000
9092709,2000000
9092710,4846100
9092711,5600000
9092712,7300000
9092713,2527300
9092714,5800000
9092715,2950000
9092716,8300000
9092717,7100000
9092718,3800000
9092719,3470000
9092720,18500000
9092721,9990000
9092722,10200000
9092723,7500000
9092724,4709000
9092725,4150000
9092726,31990000
9092727,3450000
9092728,3499978
9092729,3500000
9092730,4800000
9092731,6876350
9092732,4280000
9092733,11351457
9092734,1600000
9092735,3000000
9092736,4700000
9092737,4200000
9092738,2700000
9092739,4200000
9092740,5600000
9092741,16380000
9092742,12900000
9092743,3350000
9092744,2350000
9092745,6400000
9092746,2600000
9092747,21000000
9092748,4999000
9092749,3100000
9092750,2750000
9092751,2760000
9092752,3450000
9092753,4350000
9092754,14390000
9092755,3740000
9092756,5400000
9092757,3090000
9092758,2990000
9092759,350000
9092760,4590000
9092761,3150000
9092762,8000000
9092763,1250000
9092764,3400000
9092765,3550000
9092766,5500000
9092767,4200000
9092768,2750000
9092769,1930000
9092770,8700000
9092771,4250000
9092772,3950000
9092773,4000000
9092774,5500000
9092775,2350000
9092776,2350000
9092777,2700000
9092778,6950000
9092779,2200000
9092780,3800000
9092781,9450000
9092782,18900000
9092783,37000000
9092784,3300000
9092785,5570000
9092786,5585000
9092787,2800000
9092788,5279000
9092789,3500000
9092790,1980000
9092791,2750000
9092792,1800000
9092793,5700000
9092794,5575000
9092795,5590000
9092796,2320000
9092797,790000
9092798,5980000
9092799,3050000
9092800,4970000
9092801,12750000
9092802,2300000
9092803,4730000
9092804,5880000
9092805,2300000
9092806,3399000
9092807,5240000
9092808,4515000
9092809,6500000
9092810,950000
9092811,4300000
9092812,3560000
9092813,4500000
9092814,2650000
9092815,1420000
9092816,1100000
9092817,4105631
9092818,3700000
9092819,2790000
9092820,1300000
9092821,2800000
9092822,900000
9092823,4600000
9092824,6300000
9092825,9500000
9092826,1100000
9092827,1760000
9092828,8200000
9092829,11000000
9092830,8300000
9092831,12650000
9092832,1150000
9092833,6934820
9092834,6300000
9092835,2930000
9092836,15100000
9092837,12000000
9092838,16500000
9092839,2400000
9092840,3300000
9092841,3800000
9092842,3280000
9092843,20900000
9092844,41000000
9092845,1499990
9092846,450000
9092847,5850000
9092848,5700000
9092849,27000000
9092850,5400000
9092851,10300000
9092852,39000000
9092853,4500000
9092854,30500000
9092855,27500000
9092856,8900000
9092857,2200000
9092858,4898500
9092859,2350000
9092860,12000000
9092861,3000000
9092862,18000000
9092863,3699000
9092864,6100000
9092865,50000000
9092866,10599999
9092867,6400000
9092868,2900000
9092869,2100000
9092870,5490000
9092871,2900000
9092872,1750000
9092873,5600000
9092874,8200000
9092875,3550000
9092876,7360000
9092877,7500000
9092878,4090503
9092879,4600000
9092880,3800000
9092881,7400000
9092882,6400000
9092883,8550000
9092884,11400000
9092885,5400000
9092886,1000000
9092887,5350000
9092888,5600000
9092889,1300000
9092890,5950000
9092891,4160000
9092892,5550000
9092893,6870000
9092894,2200000
9092895,1800000
9092896,10000000
9092897,7000000
9092898,5400000
9092899,1525000
9092900,5599000
9092901,2550000
9092902,3500000
9092903,5000000
9092904,5200000
9092905,2600000
9092906,4500000
9092907,3400000
9092908,4200000
9092909,9000000
9092910,17750000
9092911,9900000
9092912,1500000
9092913,5400000
9092914,2499000
9092915,550000
9092916,3200000
9092917,1173600
9092918,8500000
9092919,2880000
9092920,9850000
9092921,3350000
9092922,2390000
9092923,8000000
9092924,1300000
9092925,5800000
9092926,15200000
9092927,11000000
9092928,4050000
9092929,7001280
9092930,900000
9092931,10250000
9092932,3100000
9092933,8500000
9092934,5800000
9092935,3300000
9092936,6500000
9092937,4800000
9092938,3099999
9092939,10300000
9092940,500000
9092941,3100000
9092942,3000000
9092943,15150000
9092944,6950000
9092945,2180000
9092946,5100000
9092947,2700000
9092948,15350000
9092949,2150000
9092950,4470000
9092951,2800000
9092952,4500000
9092953,3230000
9092954,1800000
9092955,4750000
9092956,1600000
9092957,2400000
9092958,4400000
9092959,11261000
9092960,3750000
9092961,2600000
9092962,4200000
9092963,29990000
9092964,2870000
9092965,13260000
9092966,7300000
9092967,5500000
9092968,8200000
9092969,1370000
9092970,10300000
9092971,1650000
9092972,5000000
9092973,2220000
9092974,2400000
9092975,3449000
9092976,15300000
9092977,5296100
9092978,11500000
9092979,3050000
9092980,4000000
9092981,3650000
9092982,2900000
9092983,3700000
9092984,7900000
9092985,2730000
9092986,2700000
9092987,4250000
9092988,5300000
9092989,2850000
9092990,7500000
9092991,4550000
9092992,1350000
9092993,7190000
9092994,5480000
9092995,2700000
9092996,2310000
9092997,13500000
9092998,5400000
9092999,10500000
9093000,8140000
9093001,7980000
9093002,3100000
9093003,2800000
9093004,7900000
9093005,6500000
9093006,6030000
9093007,4400000
9093008,3700000
9093009,2000000
9093010,1500000
9093011,2400000
9093012,5190000
9093013,3990000
9093014,4390000
9093015,4050000
9093016,4890000
9093017,4050000
9093018,2690000
9093019,3790000
9093020,3990000
9093021,6790000
9093022,3990000
9093023,3990000
9093024,4390000
9093025,5090000
9093026,4990000
9093027,3990000
9093028,4050000
9093029,4390000
9093030,4390000
9093031,4390000
9093032,4340000
9093033,6390000
9093034,4050000
9093035,6390000
9093036,7890000
9093037,3750000
9093038,3750000
9093039,4790000
9093040,4390000
9093041,6390000
9093042,4340000
9093043,3450000
9093044,3790000
9093045,3750000
9093046,3390000
9093047,3990000
9093048,2690000
9093049,7690000
9093050,4240000
9093051,4250000
9093052,10500000
9093053,5200000
9093054,4800000
9093055,17935800
9093056,7887300
9093057,12447600
9093058,14928100
9093059,4600000
9093060,4750000
9093061,4300000
9093062,6091680
9093063,4708540
9093064,5851760
9093065,4650000
9093066,4800000
9093067,5000000
9093068,3100000
9093069,4200000
9093070,7450000
9093071,1100000
9093072,7150000
9093073,7480000
9093074,9354000
9093075,19908674
9093076,26356118
9093077,12907893
9093078,62500000
9093079,18500000
9093080,1750000
9093081,1780000
9093082,3800000
9093083,3750000
9093084,5200000
9093085,2690000
9093086,2200000
9093087,2500000
9093088,3280000
9093089,3999000
9093090,3090000
9093091,3890000
9093092,320000
9093093,400000
9093094,5900000
9093095,4900000
9093096,1350000
9093097,650000
9093098,9200000
9093099,6363000
9093100,2450000
9093101,3400000
9093102,1541700
9093103,2293500
9093104,2273000
9093105,3350000
9093106,3900000
9093107,12900000
9093108,75000000
9093109,22000000
9093110,50000000
9093111,65000000
9093112,8500000
9093113,2950000
9093114,3550000
9093115,3450000
9093116,2050000
9093117,5161370
9093118,5249640
9093119,5249640
9093120,4500000
9093121,9500000
9093122,3000060
9093123,5000000
9093124,3920000
9093125,1850000
9093126,5000000
9093127,28000000
9093128,5250309
9093129,5350122
9093130,5000265
9093131,5000092
9093132,4199000
9093133,16900000
9093134,8490000
9093135,4499000
9093136,10300000
9093137,2000000
9093138,3050000
9093139,5080000
9093140,4900000
9093141,5660000
9093142,7330000
9093143,3300000
9093144,2700000
9093145,2950000
9093146,3890000
9093147,2100000
9093148,1600000
9093149,3350000
9093150,3250000
9093151,2850000
9093152,2800000
9093153,2570000
9093154,4100000
9093155,1800000
9093156,7100000
9093157,5950000
9093158,3090000
9093159,2999000
9093160,7000000
9093161,14950000
9093162,2150000
9093163,4390000
9093164,3850000
9093165,6599000
9093166,5000000
9093167,13287536
9093168,11980000
9093169,25499999
9093170,34650000
9093171,5000000
9093172,2500000
9093173,11700000
9093174,2250000
9093175,4100000
9093176,1299999
9093177,8700000
9093178,3650000
9093179,3200000
9093180,5150000
9093181,3450000
9093182,4700000
9093183,5600000
9093184,5500000
9093185,4000000
9093186,5416000
9093187,4500000
9093188,2099852
9093189,3500000
9093190,11300000
9093191,3550000
9093192,2050000
9093193,1770000
9093194,19450000
9093195,5700000
9093196,1250000
9093197,5227530
9093198,4188800
9093199,5227530
9093200,6500100
9093201,4800000
9093202,2850000
9093203,1399000
9093204,2900000
9093205,10850000
9093206,2250000
9093207,2650000
9093208,3300000
9093209,4950000
9093210,7900000
9093211,6100000
9093212,5000000
9093213,2850000
9093214,3534000
9093215,4871600
9093216,5436900
9093217,5308000
9093218,3981000
9093219,4717231
9093220,5683559
9093221,8207402
9093222,4700000
9093223,1530000
9093224,1220000
9093225,5600000
9093226,2900000
9093227,2350000
9093228,8262000
9093229,2399000
9093230,9000000
9093231,9375000
9093232,1200000
9093233,2850000
9093234,5200000
9093235,5299000
9093236,6500000
9093237,9500000
9093238,20000000
9093239,5500000
9093240,1650000
9093241,4180000
9093242,2790000
9093243,2030000
9093244,10800000
9093245,2600000
9093246,1850002
9093247,2239000
9093248,6800000
9093249,1700000
9093250,2450000
9093251,2400000
9093252,6200000
9093253,2950000
9093254,1390000
9093255,4400000
9093256,13000000
9093257,12790000
9093258,16000000
9093259,20199000
9093260,16500000
9093261,1530000
9093262,8190000
9093263,17300000
9093264,12900000
9093265,8000000
9093266,6830000
9093267,12900000
9093268,2000000
9093269,6500000
9093270,3150000
9093271,20900000
9093272,20900000
9093273,26000000
9093274,6700000
9093275,5100000
9093276,4150000
9093277,6200000
9093278,7000000
9093279,3500000
9093280,7966210
9093281,6144267
9093282,8123500
9093283,9370095
9093284,7737930
9093285,9999360
9093286,7840202
9093287,9244800
9093288,9538554
9093289,7840202
9093290,5847857
9093291,9252000
9093292,9825120
9093293,11550000
9093294,3180000
9093295,1200000
9093296,6670000
9093297,6670000
9093298,2700000
9093299,4050000
9093300,3300000
9093301,4500000
9093302,4450000
9093303,3750000
9093304,2550000
9093305,3600000
9093306,3100000
9093307,900000
9093308,2200000
9093309,2000000
9093310,730000
9093311,3900000
9093312,8500000
9093313,6950000
9093314,8500000
9093315,2650000
9093316,2400000
9093317,6250000
9093318,11900000
9093319,6150000
9093320,1880000
9093321,3850000
9093322,11300000
9093323,4900000
9093324,3050000
9093325,1550000
9093326,7350000
9093327,5650000
9093328,3850000
9093329,2900000
9093330,1760000
9093331,13200000
9093332,1100000
9093333,3600000
9093334,1700000
9093335,2350000
9093336,1100000
9093337,3500000
9093338,4050000
9093339,2050000
9093340,3198000
9093341,4200000
9093342,3800000
9093343,6500000
9093344,5800000
9093345,3395000
9093346,4431180
9093347,2400000
9093348,5000000
9093349,1550000
9093350,5069200
9093351,5300000
9093352,24000000
9093353,1000000
9093354,6500000
9093355,3200000
9093356,4750000
9093357,9570000
9093358,4790000
9093359,6750000
9093360,2300000
9093361,5100000
9093362,1070000
9093363,3600000
9093364,3600000
9093365,9137600
9093366,14600000
9093367,6690000
9093368,5750000
9093369,7260000
9093370,7500000
9093371,5350000
9093372,2150000
9093373,3700000
9093374,2100000
9093375,1700000
9093376,3500000
9093377,3751660
9093378,3150000
9093379,4980000
9093380,3400000
9093381,8000000
9093382,8200000
9093383,11000000
9093384,3600000
9093385,4100000
9093386,4400000
9093387,3100000
9093388,6600000
9093389,7250000
9093390,4700000
9093391,6700000
9093392,7300000
9093393,2950000
9093394,9500000
9093395,2500000
9093396,1390000
9093397,13800000
9093398,2050000
9093399,870000
9093400,990000
9093401,3980000
9093402,4950000
9093403,2400000
9093404,2780000
9093405,2820000
9093406,3500000
9093407,5300000
9093408,9306132
9093409,9500000
9093410,8200000
9093411,7320182
9093412,7185000
9093413,6300000
9093414,4450000
9093415,4140000
9093416,4140000
9093417,5490000
9093418,4790000
9093419,4790000
9093420,4790000
9093421,1000000
9093422,11700000
9093423,4550000
9093424,3060000
9093425,3070000
9093426,2125000
9093427,3800000
9093428,2890000
9093429,1750000
9093430,1650000
9093431,6500000
9093432,3660000
9093433,4150000
9093434,3250000
9093435,3710000
9093436,3920000
9093437,3650000
9093438,3200000
9093439,3640000
9093440,4410000
9093441,3650000
9093442,3630000
9093443,2400000
9093444,5689320
9093445,3880000
9093446,1800000
9093447,2770000
9093448,590000
9093449,2250000
9093450,890000
9093451,3050000
9093452,3800000
9093453,4780000
9093454,4940000
9093455,2880000
9093456,11000000
9093457,5240000
9093458,6521000
9093459,7680000
9093460,870000
9093461,7000000
9093462,8999000
9093463,6664000
9093464,3350000
9093465,4500000
9093466,12400000
9093467,2400000
9093468,29500000
9093469,36000000
9093470,1800000
9093471,1230000
9093472,11500000
9093473,2400000
9093474,2550000
9093475,2755000
9093476,2200000
9093477,3300000
9093478,800000
9093479,14000000
9093480,4200000
9093481,3145000
9093482,4100000
9093483,4100000
9093484,15840200
9093485,7500000
9093486,5113651
9093487,6200000
9093488,4500000
9093489,6990000
9093490,9000000
9093491,7100000
9093492,9090000
9093493,4300000
9093494,6100000
9093495,5040000
9093496,6098000
9093497,4579446
9093498,4900000
9093499,7810458
9093500,9087830
9093501,3200000
9093502,4500000
9093503,4500000
9093504,2700000
9093505,1570000
9093506,3330000
9093507,2950000
9093508,3599999
9093509,4350000
9093510,4400000
9093511,4400000
9093512,1490000
9093513,4850000
9093514,7345800
9093515,6250000
9093516,3150000
9093517,6900000
9093518,3900000
9093519,1750000
9093520,2540000
9093521,2540000
9093522,7500000
9093523,3500000
9093524,3450000
9093525,4200000
9093526,4650000
9093527,3800000
9093528,1750000
9093529,5600000
9093530,3150000
9093531,7290000
9093532,4050000
9093533,6550078
9093534,6350062
9093535,6600059
9093536,6500040
9093537,2600000
9093538,17050000
9093539,7495000
9093540,7505270
9093541,4000000
9093542,10800000
9093543,5900000
9093544,10720000
9093545,9000000
9093546,9500000
9093547,9500000
9093548,5000000
9093549,5500000
9093550,5500000
9093551,569371200
9093552,6800000
9093553,1890000
9093554,6249000
9093555,6150000
9093556,4500000
9093557,8820000
9093558,7400000
9093559,8400000
9093560,950000
9093561,2500000
9093562,4730000
9093563,5069200
9093564,5002200
9093565,3397500
9093566,3570800
9093567,3547100
9093568,3483900
9093569,5196000
9093570,5063400
9093571,4650000
9093572,5196000
9093573,3483900
9093574,2199600
9093575,1950000
9093576,3190000
9093577,2500000
9093578,3100000
9093579,850000
9093580,8720000
9093581,6500000
9093582,4450000
9093583,6200000
9093584,5000000
9093585,2600000
9093586,4399000
9093587,2800000
9093588,3100000
9093589,2650000
9093590,3635400
9093591,2899000
9093592,2500000
9093593,3100000
9093594,4780000
9093595,4780000
9093596,4435000
9093597,3200000
9093598,2890000
9093599,5900000
9093600,1500000
9093601,1249000
9093602,1800000
9093603,660000
9093604,600000
9093605,8200000
9093606,3750000
9093607,5200000
9093608,3450000
9093609,650000
9093610,1150000
9093611,8000000
9093612,3999000
9093613,2750000
9093614,2550000
9093615,4570000
9093616,7550000
9093617,5290000
9093618,34000000
9093619,6400000
9093620,5100000
9093621,2900000
9093622,3600000
9093623,5331200
9093624,950000
9093625,1690000
9093626,7500000
9093627,3330000
9093628,6260000
9093629,10500000
9093630,4550000
9093631,3100000
9093632,4300000
9093633,5500000
9093634,9254760
9093635,8311110
9093636,8077300
9093637,9394560
9093638,9813600
9093639,9835200
9093640,8008000
9093641,6103085
9093642,6008607
9093643,5150000
9093644,2650000
9093645,1900000
9093646,2800000
9093647,48000000
9093648,8500000
9093649,7750000
9093650,3500000
9093651,3150000
9093652,1451772
9093653,2550000
9093654,2300000
9093655,3400000
9093656,142347354
9093657,7150000
9093658,13500000
9093659,12000000
9093660,11500000
9093661,5811450
9093662,5550000
9093663,13500000
9093664,3450000
9093665,3600000
9093666,3750000
9093667,3500000
9093668,1450000
9093669,2690000
9093670,10065962
9093671,1500000
9093672,7065520
9093673,8900000
9093674,4152861
9093675,4850000
9093676,4050000
9093677,4340000
9093678,5090000
9093679,4990000
9093680,2300000
9093681,5050000
9093682,7631100
9093683,7750765
9093684,4595000
9093685,3500000
9093686,4600000
9093687,3950000
9093688,17299000
9093689,25269682
9093690,13799999
9093691,17000000
9093692,1900000
9093693,3350000
9093694,7500000
9093695,1900000
9093696,2650000
9093697,2200000
9093698,2280000
9093699,2800000
9093700,3000050
9093701,4400000
9093702,3990000
9093703,3000000
9093704,2300000
9093705,3650000
9093706,3400000
9093707,3979000
9093708,16900000
9093709,4500000
9093710,4000000
9093711,2890000
9093712,4650000
9093713,4100000
9093714,8539200
9093715,9705600
9093716,9200000
9093717,11000000
9093718,4250000
9093719,3364036
9093720,2300000
9093721,3670000
9093722,8100000
9093723,1690000
9093724,7780000
9093725,2850000
9093726,2150000
9093727,2790000
9093728,3860000
9093729,4000000
9093730,2400000
9093731,6500000
9093732,4600000
9093733,4495000
9093734,4700000
9093735,4100000
9093736,3100000
9093737,3600000
9093738,1850000
9093739,2700000
9093740,4600000
9093741,4600000
9093742,2900000
9093743,900000
9093744,2090000
9093745,2050000
9093746,830000
9093747,980000
9093748,1070000
9093749,3400000
9093750,14200000
9093751,5250000
9093752,6199000
9093753,8000000
9093754,5300000
9093755,12500000
9093756,9500000
9093757,24000000
9093758,4650000
9093759,3300000
9093760,2950000
9093761,3999999
9093762,14100000
9093763,3950000
9093764,11300000
9093765,19000000
9093766,8200000
9093767,4350000
9093768,2390000
9093769,2450000
9093770,2650000
9093771,2410000
9093772,3250000
9093773,3750000
9093774,8590000
9093775,4700000
9093776,3050000
9093777,4900000
9093778,3700000
9093779,3700000
9093780,3900000
9093781,10000000
9093782,1750000
9093783,2100000
9093784,2700000
9093785,2071000
9093786,6050000
9093787,10635000
9093788,12690000
9093789,4150000
9093790,3248000
9093791,690000
9093792,1850000
9093793,1100000
9093794,13828000
9093795,3010000
9093796,9520000
9093797,4700000
9093798,4500000
9093799,3375000
9093800,4390000
9093801,3790000
9093802,3990000
9093803,3390000
9093804,4150000
9093805,4340000
9093806,4390000
9093807,2790000
9093808,4390000
9093809,4240000
9093810,5090000
9093811,4390000
9093812,3750000
9093813,3750000
9093814,4240000
9093815,4490000
9093816,4240000
9093817,4590000
9093818,4240000
9093819,4240000
9093820,3790000
9093821,4340000
9093822,3000000
9093823,4060000
9093824,6120000
9093825,3590000
9093826,3590000
9093827,4460000
9093828,3300000
9093829,8174935
9093830,5000000
9093831,5600000
9093832,5850000
9093833,2050000
9093834,3300000
9093835,2190000
9093836,2900000
9093837,8000000
9093838,3210000
9093839,3640000
9093840,3190000
9093841,3180000
9093842,4793910
9093843,3050000
9093844,7743000
9093845,4270000
9093846,5900000
9093847,2100000
9093848,2200000
9093849,1120000
9093850,1650000
9093851,1120000
9093852,4080000
9093853,2700000
9093854,5500000
9093855,24000000
9093856,9950000
9093857,4700000
9093858,7900000
9093859,3350000
9093860,4750000
9093861,6800000
9093862,8500000
9093863,12000000
9093864,5300000
9093865,4100000
9093866,13500000
9093867,10000000
9093868,14800000
9093869,9546000
9093870,780000
9093871,15600000
9093872,2200000
9093873,2250000
9093874,2410000
9093875,5900000
9093876,4350000
9093877,10500000
9093878,3900000
9093879,2600000
9093880,1500000
9093881,2250000
9093882,2250000
9093883,4000000
9093884,2500000
9093885,900000
9093886,4150000
9093887,3000000
9093888,1650000
9093889,3300000
9093890,2600000
9093891,1000000
9093892,1800000
9093893,5410000
9093894,4000000
9093895,3200000
9093896,5300000
9093897,6300000
9093898,7000000
9093899,3800000
9093900,2560000
9093901,1249000
9093902,5173000
9093903,1550000
9093904,3700000
9093905,4990000
9093906,5150000
9093907,4100000
9093908,5100000
9093909,500000
9093910,8000000
9093911,5450000
9093912,4000000
9093913,3100000
9093914,4100000
9093915,4050000
9093916,6100000
9093917,5590000
9093918,2650000
9093919,5500000
9093920,2500000
9093921,2300000
9093922,2200000
9093923,2200000
9093924,2400000
9093925,3600000
9093926,2450000
9093927,2300000
9093928,3200000
9093929,2850000
9093930,8238000
9093931,10338000
9093932,5720450
9093933,4238000
9093934,4300000
9093935,2600000
9093936,10650000
9093937,2600000
9093938,550000
9093939,18700000
9093940,3500000
9093941,26500000
9093942,5500000
9093943,1350000
9093944,5830000
9093945,3200000
9093946,2600000
9093947,8500000
9093948,2850000
9093949,3500000
9093950,1100000
9093951,1200000
9093952,2600000
9093953,4280000
9093954,6000000
9093955,6000000
9093956,2600000
9093957,2790000
9093958,2850000
9093959,4900000
9093960,31200000
9093961,9500000
9093962,29900000
9093963,219000000
9093964,12800000
9093965,18400000
9093966,14863000
9093967,3900000
9093968,4700000
9093969,1850000
9093970,2400000
9093971,1860000
9093972,4600000
9093973,6000000
9093974,2400000
9093975,1850000
9093976,3600000
9093977,2350000
9093978,4575000
9093979,3820000
9093980,5080000
9093981,3600000
9093982,4680000
9093983,3500000
9093984,900000
9093985,2680000
9093986,7550000
9093987,3720000
9093988,5260000
9093989,949000
9093990,3650000
9093991,4300000
9093992,13800000
9093993,2070000
9093994,5200000
9093995,3100000
9093996,5500000
9093997,4600000
9093998,9000000
9093999,13800000
9094000,1760000
9094001,5650000
9094002,1890000
9094003,2730000
9094004,13000000
9094005,5750000
9094006,5010000
9094007,5010000
9094008,3850000
9094009,2780000
9094010,6600000
9094011,3180000
9094012,1100000
9094013,6300000
9094014,5200000
9094015,8050000
9094016,5100000
9094017,6299999
9094018,3200000
9094019,5450000
9094020,6900000
9094021,6350000
9094022,13500000
9094023,3704400
9094024,3080400
9094025,5196180
9094026,4550000
9094027,2800000
9094028,3900000
9094029,7000000
9094030,6350000
9094031,7500000
9094032,2150000
9094033,3870000
9094034,1670000
9094035,650000
9094036,2150000
9094037,2350000
9094038,4090000
9094039,1950000
9094040,5800000
9094041,3590000
9094042,2750000
9094043,4500000
9094044,8000000
9094045,9500000
9094046,3300000
9094047,4190000
9094048,1650000
9094049,2100000
9094050,610000
9094051,730000
9094052,2800000
9094053,380000
9094054,3100000
9094055,1990000
9094056,3300000
9094057,4150000
9094058,9475290
9094059,3100000
9094060,1460000
9094061,4850000
9094062,5150000
9094063,5050000
9094064,2980000
9094065,2300000
9094066,7350000
9094067,7200000
9094068,4150000
9094069,4500000
9094070,5300000
9094071,5200000
9094072,1800000
9094073,7000000
9094074,12500000
9094075,3500000
9094076,5000000
9094077,2009000
9094078,1450000
9094079,2500000
9094080,2150000
9094081,8300000
9094082,3270000
9094083,6650000
9094084,4900000
9094085,1100000
9094086,1100000
9094087,3180000
9094088,20000000
9094089,5100000
9094090,16900000
9094091,11900000
9094092,85000000
9094093,8800000
9094094,1890000
9094095,6096188
9094096,3400000
9094097,21500000
9094098,8000000
9094099,16138950
9094100,32577442
9094101,5700000
9094102,5400000
9094103,2390000
9094104,3700000
9094105,4500000
9094106,3680000
9094107,12500000
9094108,1700000
9094109,6250000
9094110,1950000
9094111,5000000
9094112,3580000
9094113,27890000
9094114,4700000
9094115,4000000
9094116,6400000
9094117,2815900
9094118,4575000
9094119,6100000
9094120,2350000
9094121,5626000
9094122,4100000
9094123,3550000
9094124,11780000
9094125,6150000
9094126,4179000
9094127,4700000
9094128,5700000
9094129,1700000
9094130,3950000
9094131,7790000
9094132,4800000
9094133,15300000
9094134,9800000
9094135,4650000
9094136,3650000
9094137,3200000
9094138,3800000
9094139,3350000
9094140,3960000
9094141,3900000
9094142,5881000
9094143,6239000
9094144,4716000
9094145,6033000
9094146,7856000
9094147,4636000
9094148,11371000
9094149,5979000
9094150,11339000
9094151,2825715
9094152,4289516
9094153,4289516
9094154,2825715
9094155,4289516
9094156,2825715
9094157,2825715
9094158,4289516
9094159,2825715
9094160,4289516
9094161,2825715
9094162,5233000
9094163,1325000
9094164,1300000
9094165,3000000
9094166,3150000
9094167,1600000
9094168,4000000
9094169,3917000
9094170,2880000
9094171,1400000
9094172,6250000
9094173,2130000
9094174,1500000
9094175,4100000
9094176,2700000
9094177,5200000
9094178,1600000
9094179,8620000
9094180,3900000
9094181,4150000
9094182,3364036
9094183,3388622
9094184,3770383
9094185,3388622
9094186,3388622
9094187,3388622
9094188,3388622
9094189,3364036
9094190,9400000
9094191,21400000
9094192,3775000
9094193,6350000
9094194,5399000
9094195,3500000
9094196,5800000
9094197,3300000
9094198,3793718
9094199,3880000
9094200,2350000
9094201,8157800
9094202,4270000
9094203,4500000
9094204,4950000
9094205,2500000
9094206,4750000
9094207,2650000
9094208,5585000
9094209,12300000
9094210,5200000
9094211,11500000
9094212,5397371
9094213,5731025
9094214,5572249
9094215,4416930
9094216,5388240
9094217,4432320
9094218,4489196
9094219,3429748
9094220,4073827
9094221,5850779
9094222,4500000
9094223,6800000
9094224,4700000
9094225,3300000
9094226,1050000
9094227,6558095
9094228,8462339
9094229,8698218
9094230,10018372
9094231,16244540
9094232,16469790
9094233,8709612
9094234,14093234
9094235,8877435
9094236,13341921
9094237,13341921
9094238,14139497
9094239,17059315
9094240,13323964
9094241,18537758
9094242,16461624
9094243,26983951
9094244,28329113
9094245,3526400
9094246,5200000
9094247,3245200
9094248,3169200
9094249,4314300
9094250,2300000
9094251,4196100
9094252,3196800
9094253,3949300
9094254,3968900
9094255,3189400
9094256,3245200
9094257,4314300
9094258,3961800
9094259,3176800
9094260,4196100
9094261,3152400
9094262,4025700
9094263,3441000
9094264,3159800
9094265,3032000
9094266,2850000
9094267,3400000
9094268,6200000
9094269,18276300
9094270,26251160
9094271,22992300
9094272,5350000
9094273,5750000
9094274,10600000
9094275,10900000
9094276,1200000
9094277,2100000
9094278,2200000
9094279,4000000
9094280,13100000
9094281,5200000
9094282,5399000
9094283,2900000
9094284,3900000
9094285,3390000
9094286,5902000
9094287,3600000
9094288,4100000
9094289,4640000
9094290,1100000
9094291,5640000
9094292,3320000
9094293,6200000
9094294,2150000
9094295,3000000
9094296,2300000
9094297,2700000
9094298,2885000
9094299,5850000
9094300,8970000
9094301,4150000
9094302,4000000
9094303,14000000
9094304,9050000
9094305,16500000
9094306,6700000
9094307,2800000
9094308,1900000
9094309,4200000
9094310,3950000
9094311,4900000
9094312,8500000
9094313,7200000
9094314,7150000
9094315,6200000
9094316,11400000
9094317,4590000
9094318,1400000
9094319,3650000
9094320,15300000
9094321,2750000
9094322,2340000
9094323,8800000
9094324,9400000
9094325,2600000
9094326,2599000
9094327,3750000
9094328,4500000
9094329,8499000
9094330,7800000
9094331,27079290
9094332,21812640
9094333,28374840
9094334,6100000
9094335,2800000
9094336,2800000
9094337,3201571
9094338,2300000
9094339,1200000
9094340,2450000
9094341,3900000
9094342,3800000
9094343,2400000
9094344,5000000
9094345,11330000
9094346,17500000
9094347,4500000
9094348,3650000
9094349,4700000
9094350,3300000
9094351,620000
9094352,1680000
9094353,8990000
9094354,4650000
9094355,3800000
9094356,8300000
9094357,3750000
9094358,5000000
9094359,12000000
9094360,6900000
9094361,2200000
9094362,3650000
9094363,3080000
9094364,2350000
9094365,2500000
9094366,1200000
9094367,3600000
9094368,9000000
9094369,2800000
9094370,5250000
9094371,6490000
9094372,1800000
9094373,1960000
9094374,8000000
9094375,2430000
9094376,3650000
9094377,6100000
9094378,5813470
9094379,5902000
9094380,6024000
9094381,5902000
9094382,6024000
9094383,8200000
9094384,11900000
9094385,3450000
9094386,2350000
9094387,2000000
9094388,22800000
9094389,9000000
9094390,2090000
9094391,2250000
9094392,5250000
9094393,4200000
9094394,10300000
9094395,10400000
9094396,3600000
9094397,1900000
9094398,2950000
9094399,20500000
9094400,20500000
9094401,4500000
9094402,2800000
9094403,24000000
9094404,2470000
9094405,2400000
9094406,2450000
9094407,4200000
9094408,4600000
9094409,4280000
9094410,2399000
9094411,3890000
9094412,1650000
9094413,1600000
9094414,1410000
9094415,13250000
9094416,12390000
9094417,3699000
9094418,5030000
9094419,3100000
9094420,700000
9094421,1950000
9094422,2800000
9094423,1150000
9094424,8050000
9094425,4700000
9094426,600000
9094427,2000000
9094428,1150000
9094429,1250000
9094430,1450000
9094431,1800000
9094432,8250000
9094433,5900000
9094434,2604000
9094435,6000000
9094436,3700000
9094437,3300000
9094438,3500000
9094439,185000000
9094440,9600000
9094441,10750000
9094442,3350000
9094443,7974000
9094444,6000000
9094445,3180000
9094446,13400000
9094447,4006800
9094448,3613050
9094449,4544400
9094450,3960000
9094451,1400000
9094452,3852064
9094453,4100000
9094454,1730000
9094455,1280000
9094456,1700000
9094457,4750000
9094458,12000000
9094459,4230000
9094460,4400000
9094461,4000000
9094462,4400000
9094463,3550000
9094464,1750000
9094465,2100000
9094466,3500000
9094467,2950000
9094468,2240000
9094469,4550000
9094470,3790000
9094471,9300000
9094472,9555914
9094473,8050000
9094474,3800000
9094475,5700000
9094476,10500000
9094477,9600000
9094478,7500000
9094479,2550000
9094480,2600000
9094481,11500000
9094482,5700000
9094483,5900000
9094484,5900000
9094485,5200000
9094486,2900000
9094487,19000000
9094488,1550000
9094489,3450000
9094490,2650000
9094491,3190000
9094492,450000
9094493,1300000
9094494,3550000
9094495,1490000
9094496,3500000
9094497,3150000
9094498,6670000
9094499,3300000
9094500,4500000
9094501,2200000
9094502,3300000
9094503,4450000
9094504,1900000
9094505,6200000
9094506,5880000
9094507,4800000
9094508,17000000
9094509,3850000
9094510,4650000
9094511,9000000
9094512,5650000
9094513,5500000
9094514,3169200
9094515,5200000
9094516,7875000
9094517,2800000
9094518,2850000
9094519,2500000
9094520,3900000
9094521,1800000
9094522,4050000
9094523,12250000
9094524,3993068
9094525,7150000
9094526,8185320
9094527,2200000
9094528,7250000
9094529,4500000
9094530,9100000
9094531,5500000
9094532,900000
9094533,4556947
9094534,4891834
9094535,7875000
9094536,2650000
9094537,895000
9094538,2600000
9094539,4500000
9094540,8600000
9094541,3800000
9094542,8550000
9094543,2980000
9094544,2400000
9094545,5650000
9094546,6600000
9094547,6595000
9094548,3950000
9094549,1250000
9094550,2000000
9094551,1470000
9094552,2650000
9094553,1850000
9094554,4600000
9094555,3106000
9094556,3150000
9094557,2900000
9094558,1700000
9094559,1700000
9094560,5100000
9094561,6500000
9094562,1060000
9094563,2900000
9094564,8250014
9094565,5199000
9094566,3450000
9094567,4208100
9094568,2150000
9094569,3400000
9094570,6034374
9094571,9725405
9094572,5914817
9094573,9428370
9094574,3000000
9094575,13600000
9094576,21680500
9094577,7030372
9094578,6500000
9094579,5540000
9094580,13000000
9094581,3480000
9094582,175000000
9094583,12500000
9094584,19890000
9094585,40500000
9094586,6700000
9094587,4150000
9094588,1450000
9094589,1910000
9094590,1600000
9094591,5434000
9094592,1450000
9094593,8950000
9094594,19000000
9094595,16500000
9094596,2655000
9094597,3700000
9094598,1600000
9094599,8990000
9094600,1800000
9094601,3390000
9094602,1850000
9094603,2500000
9094604,9100000
9094605,7297533
9094606,9847161
9094607,8500000
9094608,14500000
9094609,13850000
9094610,7950000
9094611,5823675
9094612,10500000
9094613,2335000
9094614,21500000
9094615,4284460
9094616,5801887
9094617,4280310
9094618,4930000
9094619,4900000
9094620,22800000
9094621,15400000
9094622,25537990
9094623,2500000
9094624,15000000
9094625,6500000
9094626,7800000
9094627,9990000
9094628,9690000
9094629,11100000
9094630,3050000
9094631,2499999
9094632,15000000
9094633,36000000
9094634,13990000
9094635,25000000
9094636,2770000
9094637,950000
9094638,8100000
9094639,2460000
9094640,2900000
9094641,1630000
9094642,4060000
9094643,3050000
9094644,1050000
9094645,4150000
9094646,2350000
9094647,1300000
9094648,2500000
9094649,3980000
9094650,2499000
9094651,10650000
9094652,21920000
9094653,1900000
9094654,2950000
9094655,1750000
9094656,7500000
9094657,850000
9094658,1400000
9094659,2500000
9094660,3677400
9094661,2350000
9094662,2260000
9094663,1620000
9094664,550000
9094665,4725000
9094666,4635000
9094667,6499000
9094668,2600000
9094669,8900000
9094670,13950000
9094671,5500000
9094672,2500000
9094673,2750000
9094674,3552500
9094675,8000000
9094676,25400000
9094677,3083000
9094678,9500000
9094679,4200000
9094680,4400000
9094681,3390000
9094682,6200000
9094683,2680000
9094684,4500000
9094685,3800000
9094686,3700000
9094687,6350000
9094688,6200000
9094689,7590000
9094690,3290000
9094691,7500000
9094692,10000000
9094693,3900000
9094694,2000000
9094695,4400000
9094696,2870000
9094697,6030000
9094698,1800000
9094699,4200000
9094700,5950000
9094701,4500000
9094702,4000000
9094703,13290000
9094704,2950000
9094705,2670000
9094706,5350000
9094707,5700750
9094708,1000000
9094709,14750000
9094710,2700000
9094711,3350000
9094712,4800000
9094713,2650000
9094714,1850000
9094715,1800000
9094716,1790000
9094717,4550000
9094718,2160000
9094719,2500000
9094720,7500000
9094721,3900000
9094722,5800000
9094723,4800000
9094724,7600000
9094725,7500000
9094726,11790000
9094727,9500000
9094728,5300000
9094729,4500000
9094730,2200000
9094731,5100000
9094732,2990000
9094733,3640000
9094734,8300000
9094735,5500000
9094736,1590500
9094737,2332680
9094738,2332680
9094739,2332680
9094740,1790100
9094741,4400000
9094742,10900000
9094743,16650000
9094744,6800000
9094745,9500000
9094746,3000000
9094747,6200000
9094748,2500000
9094749,2700000
9094750,3000000
9094751,2470000
9094752,6400000
9094753,3500000
9094754,7000000
9094755,8250000
9094756,5430000
9094757,5850000
9094758,4850000
9094759,4650000
9094760,4500000
9094761,3489000
9094762,2500000
9094763,18000000
9094764,4100000
9094765,3800000
9094766,850000
9094767,1200000
9094768,1650000
9094769,3070000
9094770,3600000
9094771,3850000
9094772,5400000
9094773,1960000
9094774,85000000
9094775,4750000
9094776,57540000
9094777,57540000
9094778,85000000
9094779,33180000
9094780,6300000
9094781,9900000
9094782,2930000
9094783,4154114
9094784,7076549
9094785,7268121
9094786,4239833
9094787,4471449
9094788,4850000
9094789,4288778
9094790,10500000
9094791,2570000
9094792,1720000
9094793,26000000
9094794,1990000
9094795,4200000
9094796,3200000
9094797,3500000
9094798,2700000
9094799,2800000
9094800,2260000
9094801,3450000
9094802,3710000
9094803,2250000
9094804,10800000
9094805,2350000
9094806,4500000
9094807,9400000
9094808,11200000
9094809,8870000
9094810,1420000
9094811,7590000
9094812,4190000
9094813,8650000
9094814,7850000
9094815,7900000
9094816,4870000
9094817,2750000
9094818,1650000
9094819,4800000
9094820,3400000
9094821,3200000
9094822,2300000
9094823,8100000
9094824,2280000
9094825,9000000
9094826,9700000
9094827,1800000
9094828,5464000
9094829,2324600
9094830,1680000
9094831,3717525
9094832,3411450
9094833,9900000
9094834,11982672
9094835,10897848
9094836,11004552
9094837,10592712
9094838,11024208
9094839,14758416
9094840,16328088
9094841,14101056
9094842,14693544
9094843,13616100
9094844,2960000
9094845,8200000
9094846,5200000
9094847,5080000
9094848,3299000
9094849,3299000
9094850,4850000
9094851,8950000
9094852,4600000
9094853,4300000
9094854,8650000
9094855,3290000
9094856,2590000
9094857,3790000
9094858,3990000
9094859,4590000
9094860,5140000
9094861,2700000
9094862,3100000
9094863,4500000
9094864,3790000
9094865,3790000
9094866,3790000
9094867,9600000
9094868,2997900
9094869,2427000
9094870,3449700
9094871,3340200
9094872,3444300
9094873,3258900
9094874,3158100
9094875,3417150
9094876,2329000
9094877,2883600
9094878,2200000
9094879,3600000
9094880,3540000
9094881,3800000
9094882,5488745
9094883,6000000
9094884,3008500
9094885,1850000
9094886,4400000
9094887,2200000
9094888,1800000
9094889,2200000
9094890,3600000
9094891,5700000
9094892,8440000
9094893,16110000
9094894,18560000
9094895,10060000
9094896,12550000
9094897,11920000
9094898,8000000
9094899,7730000
9094900,12470000
9094901,9580000
9094902,7990000
9094903,5050000
9094904,3050000
9094905,19506243
9094906,26814018
9094907,42204010
9094908,27183241
9094909,7500000
9094910,7875000
9094911,7875000
9094912,8845000
9094913,8845000
9094914,6585000
9094915,8100000
9094916,11610000
9094917,8845000
9094918,11145000
9094919,11145000
9094920,10498000
9094921,7875000
9094922,8714500
9094923,11610000
9094924,10657500
9094925,10755000
9094926,8859500
9094927,6200000
9094928,900000
9094929,6090000
9094930,3000000
9094931,6500000
9094932,3770000
9094933,3200000
9094934,3100000
9094935,1700000
9094936,7152080
9094937,9725660
9094938,7639920
9094939,13046450
9094940,10359540
9094941,7694960
9094942,5173740
9094943,7679280
9094944,5185620
9094945,10329920
9094946,19500000
9094947,5500000
9094948,6900000
9094949,9830000
9094950,7105000
9094951,3000000
9094952,3500000
9094953,3990000
9094954,3500000
9094955,8916132
9094956,8883735
9094957,7233979
9094958,3890000
9094959,4179000
9094960,8850000
9094961,2150000
9094962,3500000
9094963,6600000
9094964,3650000
9094965,4050000
9094966,2480000
9094967,4240000
9094968,2460000
9094969,3515152
9094970,1830000
9094971,2370000
9094972,7300000
9094973,2900000
9094974,2960000
9094975,14070000
9094976,4280000
9094977,6500000
9094978,2450000
9094979,4950000
9094980,4200000
9094981,3830000
9094982,4850000
9094983,2950000
9094984,6700000
9094985,6469000
9094986,3270000
9094987,1400000
9094988,5900000
9094989,12230000
9094990,3954964
9094991,28815000
9094992,2500000
9094993,380000
9094994,5800000
9094995,5110000
9094996,4250000
9094997,2299000
9094998,5950000
9094999,9100000
9095000,2600000
9095001,3320000
9095002,1850000
9095003,2600000
9095004,3700000
9095005,2870000
9095006,1500000
9095007,5500000
9095008,6100000
9095009,7900000
9095010,3550000
9095011,11500000
9095012,2350000
9095013,29070000
9095014,13500000
9095015,13000000
9095016,2650000
9095017,6000000
9095018,4550000
9095019,3390000
9095020,4999000
9095021,3670000
9095022,2450000
9095023,2500000
9095024,8150000
9095025,7400000
9095026,3000000
9095027,2000000
9095028,2200000
9095029,1850000
9095030,1250000
9095031,3450000
9095032,4390000
9095033,3570000
9095034,4400000
9095035,4560000
9095036,4099000
9095037,4600000
9095038,7800000
9095039,5099000
9095040,1500000
9095041,2200000
9095042,670000
9095043,1320000
9095044,5600000
9095045,2500000
9095046,4000000
9095047,2800000
9095048,2330000
9095049,5040000
9095050,4850000
9095051,1800000
9095052,4690000
9095053,6300000
9095054,3170000
9095055,1750000
9095056,14370000
9095057,11499000
9095058,2400000
9095059,5090000
9095060,2500000
9095061,8541000
9095062,6100000
9095063,6300000
9095064,12500000
9095065,5900000
9095066,4050000
9095067,5590000
9095068,3200000
9095069,2200000
9095070,1500000
9095071,2600000
9095072,4800000
9095073,4000000
9095074,3499000
9095075,2400000
9095076,1800000
9095077,3300000
9095078,1870000
9095079,2750000
9095080,2080000
9095081,2500000
9095082,2100000
9095083,3099999
9095084,7380000
9095085,3400000
9095086,3350000
9095087,3350000
9095088,2700000
9095089,2705000
9095090,1790000
9095091,1950000
9095092,3600000
9095093,4050000
9095094,2830000
9095095,2850000
9095096,5800000
9095097,4200000
9095098,2870000
9095099,1850000
9095100,3000000
9095101,3800000
9095102,4300000
9095103,4299000
9095104,2400000
9095105,3500000
9095106,3650000
9095107,3500000
9095108,11900000
9095109,3150000
9095110,9150000
9095111,5800000
9095112,9350000
9095113,3060000
9095114,14500000
9095115,14499000
9095116,7315000
9095117,3299999
9095118,7900000
9095119,2200000
9095120,21300000
9095121,24265290
9095122,3650000
9095123,2680000
9095124,10990000
9095125,5640000
9095126,8200000
9095127,2650000
9095128,8300000
9095129,11238000
9095130,11238000
9095131,3480000
9095132,3099000
9095133,2500000
9095134,3850000
9095135,7790000
9095136,3200000
9095137,1750000
9095138,4150000
9095139,2800000
9095140,2800000
9095141,3600000
9095142,2900000
9095143,2900000
9095144,5000000
9095145,1200000
9095146,32000000
9095147,4190000
9095148,3190000
9095149,3190000
9095150,2690000
9095151,2000000
9095152,7200000
9095153,3790000
9095154,3990000
9095155,2250000
9095156,1800000
9095157,4900000
9095158,3700000
9095159,4539857
9095160,4714759
9095161,4518074
9095162,10760000
9095163,3790000
9095164,3990000
9095165,5490000
9095166,4290000
9095167,4390000
9095168,4190000
9095169,3390000
9095170,5490000
9095171,4590000
9095172,7490000
9095173,4590000
9095174,4790000
9095175,5190000
9095176,6090000
9095177,3220000
9095178,5190000
9095179,7490000
9095180,6090000
9095181,5190000
9095182,5190000
9095183,4290000
9095184,3290000
9095185,9890000
9095186,2000000
9095187,4690000
9095188,6050000
9095189,3250000
9095190,3080000
9095191,9600000
9095192,4909450
9095193,7019760
9095194,3950000
9095195,3900000
9095196,3300000
9095197,2300000
9095198,9200000
9095199,2050000
9095200,17200000
9095201,3500000
9095202,2600000
9095203,3800000
9095204,7600000
9095205,5021100
9095206,3017700
9095207,2996100
9095208,2352000
9095209,2343000
9095210,2366000
9095211,3382950
9095212,3335925
9095213,4100000
9095214,3258900
9095215,5700000
9095216,3439800
9095217,1550000
9095218,5650000
9095219,3600000
9095220,2300000
9095221,4900000
9095222,11284000
9095223,5900000
9095224,6100000
9095225,4014157
9095226,4288778
9095227,3581305
9095228,3765451
9095229,7199202
9095230,5340045
9095231,3841979
9095232,4692986
9095233,7193517
9095234,4692655
9095235,3898859
9095236,4409919
9095237,4495950
9095238,4323176
9095239,4111152
9095240,5456708
9095241,3989480
9095242,7268121
9095243,88000000
9095244,5150000
9095245,4600000
9095246,2650000
9095247,4550000
9095248,1400000
9095249,1950000
9095250,13350000
9095251,1800000
9095252,7499000
9095253,3650000
9095254,2331000
9095255,4983035
9095256,9440000
9095257,1500000
9095258,4226550
9095259,7350000
9095260,7399999
9095261,1350000
9095262,3750000
9095263,9742070
9095264,16655688
9095265,39000000
9095266,3700000
9095267,4250000
9095268,26000000
9095269,4900000
9095270,2250000
9095271,10000000
9095272,7780000
9095273,1450000
9095274,30000000
9095275,5000000
9095276,11500000
9095277,5092083
9095278,4050000
9095279,5000000
9095280,2500000
9095281,4590000
9095282,2750000
9095283,2750000
9095284,5350000
9095285,3000000
9095286,6300000
9095287,3900000
9095288,4550000
9095289,1150000
9095290,1740000
9095291,2450000
9095292,5299000
9095293,16700000
9095294,750000
9095295,9650000
9095296,5000000
9095297,1200000
9095298,2890000
9095299,850000
9095300,4100000
9095301,4700000
9095302,2700000
9095303,4350000
9095304,1950000
9095305,2200000
9095306,3650000
9095307,4850000
9095308,3350000
9095309,7000000
9095310,9500000
9095311,61490000
9095312,1800000
9095313,2650000
9095314,7600000
9095315,3880000
9095316,5480000
9095317,6416044
9095318,3500000
9095319,1150000
9095320,2500000
9095321,2300000
9095322,2000000
9095323,3000000
9095324,5500000
9095325,5100000
9095326,4074339
9095327,6000000
9095328,3990000
9095329,3790000
9095330,2980000
9095331,5950000
9095332,6200000
9095333,16900000
9095334,28484820
9095335,3090000
9095336,13500000
9095337,1250000
9095338,3950000
9095339,3500000
9095340,4490000
9095341,12990000
9095342,5000000
9095343,2300000
9095344,1800000
9095345,1750000
9095346,3550000
9095347,3550000
9095348,1250000
9095349,2700000
9095350,2600000
9095351,6400000
9095352,2470000
9095353,7800000
9095354,550000
9095355,5110000
9095356,2000000
9095357,2700000
9095358,4500000
9095359,3100000
9095360,3100000
9095361,31360000
9095362,7000000
9095363,7200000
9095364,18999000
9095365,8200000
9095366,3900000
9095367,22000000
9095368,19600000
9095369,47000000
9095370,250000
9095371,2160000
9095372,4900000
9095373,8300000
9095374,28000000
9095375,15900000
9095376,4100000
9095377,7000000
9095378,6696000
9095379,6700000
9095380,3800000
9095381,3600000
9095382,2580000
9095383,6800000
9095384,2960000
9095385,8620000
9095386,2800000
9095387,2400000
9095388,2400000
9095389,2500000
9095390,5800000
9095391,3499999
9095392,6200000
9095393,5300000
9095394,4500000
9095395,3050000
9095396,4000000
9095397,4700000
9095398,2800000
9095399,3950000
9095400,9000000
9095401,11700000
9095402,3900000
9095403,1500000
9095404,3800000
9095405,4100000
9095406,2650000
9095407,1300000
9095408,7100000
9095409,750000
9095410,4040000
9095411,2460000
9095412,5450000
9095413,3150000
9095414,3000000
9095415,5800000
9095416,2700000
9095417,2900000
9095418,1490000
9095419,3700000
9095420,1600000
9095421,3332100
9095422,2290000
9095423,3350000
9095424,3532510
9095425,1950000
9095426,7950000
9095427,2400000
9095428,3240180
9095429,3900000
9095430,8300000
9095431,6850000
9095432,5400000
9095433,20000000
9095434,3286140
9095435,6175753
9095436,1970000
9095437,8211000
9095438,3240180
9095439,4000000
9095440,2050000
9095441,3200000
9095442,2795425
9095443,7480000
9095444,2790000
9095445,12590000
9095446,9140000
9095447,8800000
9095448,3590420
9095449,10000000
9095450,3787000
9095451,2800000
9095452,29900000
9095453,3150000
9095454,9248000
9095455,8400000
9095456,3750000
9095457,2831495
9095458,6320000
9095459,3148260
9095460,6400000
9095461,2999999
9095462,2750000
9095463,6990000
9095464,4400000
9095465,8650000
9095466,3145285
9095467,18800000
9095468,2900000
9095469,1120000
9095470,3000000
9095471,3480000
9095472,3650000
9095473,3648330
9095474,3100000
9095475,3590420
9095476,4000000
9095477,2150000
9095478,3648330
9095479,4047456
9095480,3619375
9095481,3194220
9095482,3101295
9095483,3619375
9095484,7164000
9095485,3145285
9095486,800000
9095487,3619375
9095488,3800000
9095489,3870000
9095490,3057305
9095491,3532510
9095492,2500000
9095493,4750000
9095494,4750000
9095495,7275840
9095496,8860000
9095497,9400000
9095498,3532510
9095499,2200000
9095500,3450000
9095501,5400000
9095502,1630000
9095503,850000
9095504,3350000
9095505,3350000
9095506,3350000
9095507,3350000
9095508,4200000
9095509,3145285
9095510,5500000
9095511,5200000
9095512,5600000
9095513,3189275
9095514,3532510
9095515,2600000
9095516,2777715
9095517,3590420
9095518,14500000
9095519,6600000
9095520,9800000
9095521,3332100
9095522,5100000
9095523,1700000
9095524,1300000
9095525,4050000
9095526,7600000
9095527,3532510
9095528,3194220
9095529,22973721
9095530,2705095
9095531,2814025
9095532,3619375
9095533,3148260
9095534,2450000
9095535,2450000
9095536,8500000
9095537,5500000
9095538,1870000
9095539,1900000
9095540,3850000
9095541,1800000
9095542,3222500
9095543,3250000
9095544,1650000
9095545,6510000
9095546,2680000
9095547,4100000
9095548,9800000
9095549,2049000
9095550,2750000
9095551,3500000
9095552,30000000
9095553,40500000
9095554,1500000
9095555,3194220
9095556,3101295
9095557,2850335
9095558,2741405
9095559,2795425
9095560,8000000
9095561,15840200
9095562,2970000
9095563,4950000
9095564,3101295
9095565,2741405
9095566,2723285
9095567,3057305
9095568,3600000
9095569,3150000
9095570,5800600
9095571,4091730
9095572,4091730
9095573,4043705
9095574,5741750
9095575,3980555
9095576,7799000
9095577,2090000
9095578,8300000
9095579,2200000
9095580,4700000
9095581,3986000
9095582,11500000
9095583,2814025
9095584,2759355
9095585,25900000
9095586,950000
9095587,10900000
9095588,9000000
9095589,900000
9095590,13000000
9095591,7770000
9095592,2725000
9095593,3305280
9095594,2741405
9095595,9018306
9095596,9353210
9095597,1650000
9095598,5000000
9095599,6500000
9095600,2777715
9095601,4961000
9095602,2500000
9095603,18713125
9095604,7900000
9095605,3900000
9095606,19824618
9095607,2600000
9095608,2050000
9095609,7100000
9095610,2705095
9095611,1200000
9095612,750000
9095613,3100000
9095614,3250000
9095615,5082000
9095616,2200000
9095617,2759355
9095618,2705095
9095619,2642620
9095620,2500000
9095621,1250000
9095622,3150000
9095623,14363110
9095624,4400000
9095625,7000000
9095626,1950000
9095627,6113968
9095628,7400000
9095629,4490000
9095630,2400000
9095631,3850000
9095632,8799999
9095633,4250000
9095634,3890000
9095635,1750000
9095636,6450000
9095637,16145072
9095638,12800000
9095639,3150000
9095640,4970000
9095641,2402600
9095642,2687215
9095643,3550000
9095644,3500000
9095645,5500000
9095646,2759355
9095647,7200000
9095648,2759355
9095649,3690000
9095650,5435000
9095651,2360000
9095652,3850000
9095653,4500000
9095654,16503599
9095655,2777715
9095656,9800000
9095657,5070000
9095658,4600000
9095659,3970000
9095660,19594389
9095661,2723285
9095662,2400000
9095663,1400000
9095664,2600000
9095665,19140790
9095666,4750000
9095667,18838169
9095668,1600000
9095669,6050000
9095670,6050000
9095671,2831495
9095672,2837355
9095673,3850000
9095674,2964420
9095675,17600000
9095676,7250000
9095677,22500000
9095678,7910000
9095679,4750000
9095680,16501936
9095681,9231000
9095682,13728000
9095683,2777715
9095684,11818000
9095685,2898700
9095686,7452000
9095687,9550000
9095688,7516000
9095689,10600000
9095690,2795425
9095691,92000000
9095692,23385302
9095693,1660000
9095694,2777715
9095695,4299711
9095696,3900000
9095697,3620000
9095698,3600000
9095699,1900000
9095700,20946018
9095701,3034080
9095702,2759355
9095703,6200000
9095704,16515390
9095705,2850335
9095706,2705095
9095707,730000
9095708,3290000
9095709,1750000
9095710,15895089
9095711,2600000
9095712,7850000
9095713,3349000
9095714,8100000
9095715,20350000
9095716,28858724
9095717,19559929
9095718,8500000
9095719,1600000
9095720,112000000
9095721,900000
9095722,14000000
9095723,7800000
9095724,16380000
9095725,47000000
9095726,11500000
9095727,3650000
9095728,7000000
9095729,2900000
9095730,22529381
9095731,4290000
9095732,3450000
9095733,3990000
9095734,22490000
9095735,2400000
9095736,3699000
9095737,1150000
9095738,14699000
9095739,5890000
9095740,1200000
9095741,2730000
9095742,5650000
9095743,5650000
9095744,2050000
9095745,4500000
9095746,2900000
9095747,5000000
9095748,23309117
9095749,4150000
9095750,141949494
9095751,9000000
9095752,5700000
9095753,4500000
9095754,2300000
9095755,2300000
9095756,3170000
9095757,3300000
9095758,5500000
9095759,2450000
9095760,1500000
9095761,17706889
9095762,7400000
9095763,20599000
9095764,3000000
9095765,3000000
9095766,3300000
9095767,5500000
9095768,7500000
9095769,2897183
9095770,1750000
9095771,17643234
9095772,7700000
9095773,4500000
9095774,1760000
9095775,3480000
9095776,3184650
9095777,3100000
9095778,6300000
9095779,63000000
9095780,6000000
9095781,2630000
9095782,2600000
9095783,3690000
9095784,2000000
9095785,1000000
9095786,4300000
9095787,3100000
9095788,3890000
9095789,8000000
9095790,2440000
9095791,7999999
9095792,2050000
9095793,17512527
9095794,17806952
9095795,15271810
9095796,6350000
9095797,6600000
9095798,3078000
9095799,16145072
9095800,28000000
9095801,4500000
9095802,28000000
9095803,2896500
9095804,6000000
9095805,4300000
9095806,11399850
9095807,5800000
9095808,5000888
9095809,2750000
9095810,3900000
9095811,8000000
9095812,3000000
9095813,800000
9095814,2300000
9095815,3650000
9095816,1779586
9095817,12300000
9095818,7300000
9095819,2780000
9095820,12131200
9095821,1150000
9095822,4000000
9095823,3350000
9095824,5950000
9095825,29999000
9095826,2100000
9095827,23500000
9095828,1850000
9095829,5400000
9095830,9100000
9095831,4780000
9095832,2350000
9095833,7890000
9095834,3990000
9095835,5490000
9095836,5490000
9095837,3990000
9095838,3990000
9095839,4340000
9095840,3990000
9095841,4290000
9095842,3990000
9095843,9539882
9095844,9340000
9095845,4290000
9095846,4340000
9095847,3990000
9095848,3990000
9095849,3990000
9095850,5490000
9095851,3990000
9095852,9340000
9095853,3990000
9095854,6590000
9095855,4290000
9095856,4340000
9095857,3990000
9095858,3990000
9095859,3990000
9095860,4290000
9095861,3500000
9095862,3600000
9095863,3800000
9095864,3400000
9095865,5435000
9095866,10550000
9095867,6800000
9095868,4550000
9095869,2050000
9095870,4350000
9095871,4100000
9095872,7812200
9095873,12200000
9095874,8000000
9095875,5800000
9095876,8700000
9095877,2370000
9095878,1430000
9095879,2370000
9095880,7480000
9095881,4200000
9095882,6500000
9095883,4850000
9095884,3890000
9095885,6400000
9095886,6700000
9095887,12067000
9095888,7990000
9095889,9765000
9095890,7600000
9095891,15922000
9095892,5390000
9095893,4590000
9095894,9420000
9095895,4600000
9095896,18117000
9095897,5800000
9095898,1100000
9095899,3600000
9095900,4930000
9095901,5500000
9095902,12900000
9095903,15640353
9095904,17654329
9095905,16501936
9095906,6300000
9095907,16339378
9095908,16515390
9095909,8200000
9095910,12500000
9095911,6300000
9095912,37000000
9095913,4000000
9095914,16145072
9095915,15519626
9095916,6410000
9095917,7000000
9095918,5000000
9095919,2450000
9095920,6038040
9095921,6158200
9095922,16376973
9095923,19839510
9095924,15640353
9095925,18686858
9095926,3000000
9095927,4100000
9095928,19594389
9095929,18838169
9095930,15477409
9095931,22973721
9095932,16515390
9095933,3559215
9095934,2457000
9095935,6000000
9095936,8773020
9095937,8549040
9095938,3700000
9095939,2750000
9095940,5800000
9095941,2990000
9095942,4340000
9095943,400000
9095944,2150000
9095945,5150000
9095946,7800000
9095947,10000000
9095948,35000000
9095949,7000000
9095950,18450000
9095951,73000000
9095952,60000000
9095953,16503599
9095954,4600000
9095955,5200000
9095956,15895089
9095957,22529381
9095958,18713125
9095959,11450000
9095960,105000000
9095961,7950000
9095962,7000000
9095963,7100000
9095964,19594389
9095965,14000000
9095966,8400000
9095967,1680000
9095968,3990890
9095969,1547003
9095970,4650000
9095971,3200000
9095972,2250000
9095973,1850000
9095974,6700000
9095975,5900000
9095976,9800000
9095977,4400000
9095978,2800000
9095979,3000000
9095980,3580000
9095981,2299000
9095982,1950000
9095983,15750000
9095984,2570000
9095985,6500000
9095986,2150000
9095987,5490000
9095988,4800000
9095989,5750000
9095990,1100000
9095991,16096483
9095992,2990000
9095993,2700000
9095994,7699000
9095995,10000000
9095996,16503599
9095997,2859000
9095998,3400000
9095999,5741750
9096000,5600000
9096001,2700000
9096002,5000000
9096003,4670000
9096004,2100000
9096005,17290062
9096006,7400000
9096007,7322000
9096008,6300000
9096009,2100000
9096010,3900000
9096011,1050000
9096012,7100000
9096013,6100000
9096014,7489920
9096015,6966725
9096016,17512527
9096017,21236935
9096018,19839510
9096019,16238309
9096020,23309117
9096021,17290062
9096022,17806952
9096023,16503599
9096024,15957915
9096025,16645568
9096026,17832518
9096027,2600000
9096028,19824618
9096029,16553808
9096030,15477409
9096031,23385302
9096032,18175039
9096033,18713125
9096034,19625966
9096035,16096483
9096036,18686858
9096037,17643234
9096038,16515390
9096039,20946018
9096040,15895089
9096041,23123236
9096042,17294547
9096043,23385302
9096044,16339378
9096045,500000
9096046,22529381
9096047,18686858
9096048,15726554
9096049,16501936
9096050,16376973
9096051,16238309
9096052,19140790
9096053,18838169
9096054,15640353
9096055,16376973
9096056,1600000
9096057,15271810
9096058,15769436
9096059,7185575
9096060,5400000
9096061,4960000
9096062,6300000
9096063,8000000
9096064,36700000
9096065,4300000
9096066,8500000
9096067,3300000
9096068,8199000
9096069,6100000
9096070,7500000
9096071,19839510
9096072,15890292
9096073,3800000
9096074,7673000
9096075,2800000
9096076,10258000
9096077,1100000
9096078,6700000
9096079,3300000
9096080,8100000
9096081,11999000
9096082,600000
9096083,3950000
9096084,4950000
9096085,37252423
9096086,3500000
9096087,4350000
9096088,1500000
9096089,5000000
9096090,6545460
9096091,5967000
9096092,15271810
9096093,5850000
9096094,2950000
9096095,2300000
9096096,15640353
9096097,6000000
9096098,2600000
9096099,15895089
9096100,2870000
9096101,11900000
9096102,9500000
9096103,7750000
9096104,1075000
9096105,2800000
9096106,3500000
9096107,15769436
9096108,3300000
9096109,11890000
9096110,19594389
9096111,9700000
9096112,9500000
9096113,9650000
9096114,2886645
9096115,3145285
9096116,3189275
9096117,15726554
9096118,2886645
9096119,1919190
9096120,3619375
9096121,3706240
9096122,12000000
9096123,3619375
9096124,15769436
9096125,2746070
9096126,3200000
9096127,3697680
9096128,3711170
9096129,3904290
9096130,3711170
9096131,18175039
9096132,15957915
9096133,16339378
9096134,17290062
9096135,3378060
9096136,2011440
9096137,16238309
9096138,3619375
9096139,16145072
9096140,17806952
9096141,16376973
9096142,1898100
9096143,5800000
9096144,23309117
9096145,3332100
9096146,15890292
9096147,3590420
9096148,2925000
9096149,3677285
9096150,3560000
9096151,8800000
9096152,2200000
9096153,2449000
9096154,17654329
9096155,4500000
9096156,3780000
9096157,2930000
9096158,6900000
9096159,6300000
9096160,680000
9096161,570000
9096162,3200000
9096163,1950000
9096164,24707471
9096165,7990000
9096166,2870000
9096167,3950000
9096168,3400000
9096169,5200000
9096170,1420000
9096171,680000
9096172,17806952
9096173,1800000
9096174,2343000
9096175,19839510
9096176,2900000
9096177,3100000
9096178,2700000
9096179,17654329
9096180,3600000
9096181,8970000
9096182,8066520
9096183,15400000
9096184,4538800
9096185,2500000
9096186,1800000
9096187,4544400
9096188,4684000
9096189,3850000
9096190,4550000
9096191,17290062
9096192,23309117
9096193,15726554
9096194,16645568
9096195,17512527
9096196,18175039
9096197,16145072
9096198,19824618
9096199,17832518
9096200,16376973
9096201,15957915
9096202,21236935
9096203,20946018
9096204,22973721
9096205,18713125
9096206,15519626
9096207,24707471
9096208,17643234
9096209,16096483
9096210,17294547
9096211,16238309
9096212,18686858
9096213,15890292
9096214,23123236
9096215,19140790
9096216,23385302
9096217,2800000
9096218,2400000
9096219,5390000
9096220,4285996
9096221,10120000
9096222,11696000
9096223,2724143
9096224,8699000
9096225,4058789
9096226,2125000
9096227,3000000
9096228,7225000
9096229,5000000
9096230,3710000
9096231,5620000
9096232,4000000
9096233,8800000
9096234,1800000
9096235,9100000
9096236,2150000
9096237,22000000
9096238,3650000
9096239,5350000
9096240,1670000
9096241,2229000
9096242,5890000
9096243,4190000
9096244,570000
9096245,15128000
9096246,19278000
9096247,5430000
9096248,7000000
9096249,7000000
9096250,7000000
9096251,3700000
9096252,1500000
9096253,8200000
9096254,1950000
9096255,5200000
9096256,16501936
9096257,4671700
9096258,12592800
9096259,4000000
9096260,2000000
9096261,2772000
9096262,980000
9096263,1670000
9096264,3270000
9096265,6150000
9096266,6390000
9096267,3100000
9096268,22113660
9096269,1000000
9096270,8090000
9096271,15957915
9096272,3400000
9096273,3200000
9096274,6800000
9096275,7500000
9096276,3400000
9096277,7600000
9096278,7185575
9096279,1750000
9096280,2090000
9096281,500000
9096282,6098120
9096283,2560000
9096284,10700000
9096285,5200000
9096286,3450000
9096287,7489920
9096288,7410240
9096289,6990000
9096290,18175039
9096291,21236935
9096292,8678150
9096293,6158200
9096294,3215000
9096295,3500000
9096296,15271810
9096297,15769436
9096298,6158200
9096299,6590000
9096300,6098120
9096301,17512527
9096302,6000000
9096303,4900000
9096304,5500000
9096305,2060000
9096306,1999999
9096307,1500000
9096308,6400000
9096309,6290000
9096310,23123236
9096311,1000000
9096312,4800000
9096313,5099999
9096314,5800000
9096315,1760000
9096316,8720000
9096317,6730000
9096318,7112625
9096319,7258950
9096320,2600000
9096321,930000
9096322,3057305
9096323,4610760
9096324,2759355
9096325,2550000
9096326,3100000
9096327,3240180
9096328,2687215
9096329,3700000
9096330,3189275
9096331,3532510
9096332,7410240
9096333,2500000
9096334,9800000
9096335,1100000
9096336,1350000
9096337,6278965
9096338,7195000
9096339,8800000
9096340,1400000
9096341,7700000
9096342,7185575
9096343,9300000
9096344,3800000
9096345,6715580
9096346,18060000
9096347,14500000
9096348,3170000
9096349,6158200
9096350,2850000
9096351,15950000
9096352,7500000
9096353,2650000
9096354,1100000
9096355,6200000
9096356,5200000
9096357,3600000
9096358,7500000
9096359,13000000
9096360,5150000
9096361,3500000
9096362,3200000
9096363,7410240
9096364,2200000
9096365,2790000
9096366,0
9096367,4430000
9096368,4600000
9096369,1850000
9096370,3300000
9096371,3300000
9096372,1400000
9096373,24641870
9096374,8629680
9096375,26981280
9096376,3432800
9096377,5363600
9096378,4752000
9096379,3400000
9096380,3333360
9096381,3268000
9096382,3268000
9096383,3268000
9096384,3266500
9096385,3268000
9096386,3299165
9096387,3194374
9096388,2500000
9096389,2750000
9096390,22469920
9096391,20556000
9096392,19521120
9096393,21358540
9096394,1100000
9096395,3500000
9096396,3350000
9096397,4610760
9096398,6966725
9096399,6900000
9096400,4810360
9096401,6966725
9096402,2700000
9096403,7489920
9096404,2099000
9096405,7000000
9096406,4300000
9096407,3000000
9096408,4810360
9096409,2750000
9096410,5100000
9096411,4900000
9096412,16645568
9096413,19839510
9096414,24707471
9096415,17512527
9096416,15895089
9096417,15271810
9096418,4450000
9096419,3697000
9096420,16501936
9096421,7410240
9096422,2350000
9096423,4200000
9096424,2150000
9096425,8500000
9096426,16500000
9096427,2650000
9096428,1400000
9096429,24500000
9096430,16376973
9096431,18000000
9096432,1850000
9096433,11000000
9096434,2750000
9096435,2700000
9096436,11500000
9096437,18686858
9096438,16503599
9096439,19140790
9096440,4800000
9096441,6800000
9096442,23385302
9096443,1300000
9096444,1000000
9096445,7410240
9096446,4810360
9096447,7489920
9096448,3500000
9096449,10800000
9096450,6200000
9096451,3990000
9096452,7428750
9096453,15890292
9096454,450000
9096455,17290062
9096456,16096483
9096457,17654329
9096458,15769436
9096459,3353680
9096460,7200000
9096461,1800000
9096462,4117050
9096463,4810360
9096464,6771000
9096465,6158200
9096466,7428750
9096467,6966725
9096468,7489920
9096469,7774546
9096470,7081946
9096471,4061231
9096472,4072520
9096473,6624600
9096474,1958882
9096475,3755877
9096476,3755877
9096477,5800600
9096478,4072520
9096479,7081946
9096480,61900000
9096481,24707471
9096482,7489920
9096483,4610760
9096484,6158200
9096485,7330560
9096486,5300000
9096487,7112625
9096488,2490000
9096489,3620000
9096490,4810360
9096491,4250000
9096492,3353350
9096493,5350000
9096494,1300000
9096495,6980000
9096496,2686445
9096497,3337491
9096498,2169716
9096499,17294547
9096500,45000000
9096501,17643234
9096502,9300000
9096503,730000
9096504,6200000
9096505,3790000
9096506,4300000
9096507,16376973
9096508,7750000
9096509,5989550
9096510,22973721
9096511,108000000
9096512,66950000
9096513,44000000
9096514,1000000
9096515,2600000
9096516,3600000
9096517,17806952
9096518,4200000
9096519,1000000
