packet_id,delivered,Usage
80622,1,Public
16871,1,Private
66647,1,Private
77610,1,Public
101232,0,Public
31405,1,Private
49640,1,Public
97002,1,Private
81246,1,Public
99433,1,Public
78226,0,Public
54548,1,Public
30778,1,Private
56327,0,Private
43576,0,Private
25957,0,Private
90907,0,Private
16872,1,Public
24134,1,Public
37480,0,Public
107339,1,Public
47875,0,Public
43577,0,Public
46063,1,Public
6569,0,Public
31406,1,Private
93985,0,Private
10809,0,Public
2355,0,Public
58750,1,Private
75178,1,Private
43578,0,Public
69739,1,Private
78804,1,Public
61205,0,Public
13787,1,Private
19325,1,Private
63610,1,Public
114008,1,Private
16873,1,Public
16874,1,Public
67878,0,Private
106117,1,Public
90908,0,Private
56931,0,Public
51488,0,Private
2356,1,Public
16875,1,Public
57519,1,Private
104260,1,Private
50851,0,Private
103068,1,Public
70358,1,Public
35591,0,Private
80623,1,Private
69126,1,Public
89117,1,Public
110410,1,Public
87937,1,Public
114600,1,Public
108591,1,Public
76981,1,Private
34407,1,Private
62411,0,Private
98817,1,Private
6570,0,Public
25349,0,Public
52098,1,Public
94615,1,Public
30181,1,Public
118236,1,Private
100020,1,Public
73416,0,Public
64225,1,Public
100021,1,Public
41738,1,Public
67290,1,Public
62412,0,Public
103069,1,Public
88535,0,Private
86154,1,Private
16258,1,Public
12007,1,Public
34990,1,Public
56932,0,Public
12596,1,Public
103676,0,Public
33190,1,Public
82466,1,Public
106118,1,Private
120703,0,Public
55757,0,Private
85525,1,Public
71538,0,Private
34991,0,Private
21760,0,Public
64824,1,Public
46668,0,Private
95819,1,Public
79424,1,Public
120704,0,Private
121326,1,Public
110999,0,Public
80009,1,Private
47278,1,Public
121327,1,Private
69127,1,Private
81247,1,Public
69740,1,Public
105489,1,Public
42365,0,Private
68500,1,Private
86155,1,Public
113407,1,Public
41739,1,Public
110411,1,Public
47279,1,Public
5402,1,Public
73417,0,Private
56933,0,Public
75179,1,Public
42991,1,Public
50852,0,Public
84297,1,Public
50248,1,Public
80010,1,Public
58751,1,Public
43579,0,Private
88536,0,Private
14430,1,Public
103070,1,Public
77611,1,Public
75180,1,Public
73418,0,Private
21761,1,Private
83069,1,Private
53319,0,Private
74601,0,Public
92754,1,Private
88537,0,Private
87938,1,Public
58129,0,Public
75777,1,Private
33191,1,Private
59383,1,Public
515,1,Public
102460,0,Public
96407,1,Private
87347,1,Public
61821,0,Private
7185,1,Public
2943,1,Public
89698,0,Private
5989,1,Private
19326,1,Public
44208,0,Private
119448,1,Public
47280,1,Public
2357,1,Public
90909,0,Public
93986,1,Public
107973,0,Public
97601,0,Public
2944,1,Private
1146,0,Private
63022,1,Public
34408,1,Private
32575,0,Public
42366,0,Private
118842,0,Private
25350,1,Public
19327,1,Private
46064,1,Private
42367,0,Public
5990,1,Private
54549,1,Private
97602,0,Private
34992,1,Private
110412,1,Public
107974,0,Public
111000,0,Public
94616,1,Private
52099,1,Public
59384,1,Public
34993,0,Private
117015,0,Private
32576,0,Private
17485,1,Private
116442,1,Private
80012,1,Private
52690,1,Private
58752,1,Public
32014,1,Public
80011,1,Public
53949,1,Public
92755,1,Public
72163,0,Public
120080,1,Private
29577,1,Private
55164,0,Public
45439,0,Public
51489,1,Public
67291,1,Public
101849,0,Private
59991,1,Public
89118,1,Public
92131,0,Private
114009,1,Public
56934,0,Public
56328,1,Public
6571,0,Private
32577,0,Private
79425,1,Public
7786,1,Public
46669,0,Private
108592,1,Private
30182,0,Public
10810,0,Private
61206,0,Private
25958,0,Private
41740,0,Private
39917,0,Public
38072,1,Public
68501,1,Public
61207,0,Private
56329,1,Private
118237,1,Public
86744,1,Public
22360,1,Public
35592,0,Private
47876,0,Private
61208,0,Public
90266,1,Private
103071,1,Public
87348,1,Private
50249,1,Private
110413,1,Private
11405,0,Public
67879,0,Private
105490,1,Private
83687,1,Public
22978,1,Public
92132,0,Public
89119,1,Public
54550,1,Public
98818,1,Private
117017,0,Private
92756,1,Private
117016,0,Private
7787,0,Private
100606,1,Public
516,0,Private
51490,1,Public
17486,1,Public
83688,1,Private
92133,0,Public
71539,0,Private
95820,1,Private
33777,1,Public
60605,0,Public
106715,1,Public
27121,1,Public
72787,0,Private
4147,1,Private
72788,0,Public
73419,0,Public
48467,1,Private
6572,0,Private
88538,0,Private
114601,1,Public
24732,0,Public
20607,1,Private
46065,1,Public
103677,1,Public
102461,1,Private
38073,1,Public
30183,1,Private
67880,0,Private
78227,0,Private
73998,1,Private
65451,1,Private
13788,0,Public
25351,1,Public
31407,1,Public
67292,1,Private
67293,1,Private
48468,1,Private
39316,0,Private
8986,1,Public
75181,1,Public
114602,1,Private
114010,1,Private
89120,1,Private
59385,0,Private
41124,1,Public
16876,1,Public
42992,1,Private
118843,0,Private
75778,1,Public
88539,0,Public
42993,1,Private
115229,1,Private
49051,1,Public
93378,1,Public
97603,0,Public
42994,1,Public
29578,1,Public
87349,0,Public
52100,1,Public
30184,1,Public
56935,0,Public
27122,0,Private
2945,1,Public
100607,0,Private
89699,0,Private
53320,0,Public
100608,1,Public
107975,0,Public
61209,0,Public
59992,0,Private
109775,1,Public
36206,0,Public
49641,0,Private
80013,1,Public
517,1,Public
61822,1,Public
17487,1,Public
117018,0,Public
32578,0,Public
107340,1,Public
89121,1,Public
58753,1,Public
80624,1,Public
21165,1,Private
4148,0,Public
19328,1,Public
25352,1,Private
76982,1,Private
29579,1,Public
120081,1,Public
76383,0,Public
16877,1,Public
47281,0,Private
66061,1,Private
112810,0,Private
36207,0,Private
27123,0,Public
84298,1,Private
59386,1,Public
65452,1,Private
39317,1,Public
92134,0,Public
24135,0,Private
66062,1,Public
32579,0,Public
65453,1,Public
31408,1,Private
50250,1,Public
41125,1,Public
71540,0,Private
84299,1,Private
110414,1,Public
25353,0,Private
13789,0,Private
59387,1,Public
72164,1,Public
93987,1,Private
51491,1,Public
70933,0,Public
69741,1,Public
77612,1,Public
100609,1,Public
1147,0,Public
62413,0,Private
87939,1,Public
62414,0,Private
22979,1,Public
55758,0,Public
72789,0,Private
28340,1,Private
112209,1,Private
109168,0,Private
25354,1,Private
50251,1,Public
18737,1,Public
73999,1,Public
39318,1,Public
64825,1,Private
42368,0,Public
83689,1,Private
85526,1,Public
71541,0,Private
15020,1,Public
80625,1,Private
57520,1,Private
16878,1,Public
35593,1,Private
74000,1,Public
93988,1,Private
50252,1,Public
58130,0,Public
64826,1,Public
39918,0,Public
121328,1,Public
52101,1,Public
47282,0,Private
67881,0,Private
82467,1,Public
97003,1,Public
30779,1,Public
87940,1,Public
41741,1,Private
64827,1,Public
49642,0,Public
74001,1,Public
16259,1,Private
68502,1,Private
9566,0,Private
33778,1,Private
6573,0,Private
18738,1,Private
2946,1,Public
90910,0,Private
117019,0,Private
80014,1,Public
15647,1,Public
93989,0,Private
16879,1,Private
16260,1,Private
81864,1,Public
8372,1,Public
35594,1,Public
86745,1,Public
76983,1,Public
65454,1,Public
25355,0,Private
95219,0,Private
30185,1,Public
45440,0,Public
63023,1,Public
61210,0,Private
17488,1,Public
106119,1,Public
84917,1,Public
2358,1,Public
25959,0,Public
18739,1,Public
114603,1,Private
80015,1,Public
32580,0,Private
120082,1,Private
13790,1,Public
3568,1,Public
28341,1,Public
8373,1,Private
100610,1,Private
22361,1,Public
109169,0,Private
93379,1,Public
114011,0,Public
107341,1,Public
107342,1,Public
57521,1,Private
24136,1,Public
83070,1,Private
19329,1,Private
98819,1,Public
55759,0,Public
55760,0,Private
80626,1,Public
87350,1,Public
44209,0,Private
72165,1,Public
46670,0,Private
33192,0,Private
89122,1,Private
111609,1,Public
15648,1,Public
7186,1,Private
111001,0,Private
59993,1,Private
111610,0,Private
42995,1,Public
114012,1,Private
22362,1,Public
105491,1,Public
38074,1,Private
56330,1,Public
120705,0,Private
5991,1,Public
35595,0,Private
66648,1,Public
4149,1,Private
73420,0,Private
51492,1,Public
62415,1,Private
93990,1,Public
66063,1,Public
72166,1,Public
119449,1,Private
51493,1,Public
19948,1,Private
98204,0,Public
45441,0,Private
45442,0,Public
88540,0,Public
33193,1,Public
47283,1,Public
111002,0,Public
65455,0,Public
75779,0,Public
5403,1,Private
94617,1,Private
119450,1,Private
41126,1,Public
93380,1,Public
4796,1,Public
14431,1,Public
116443,1,Public
53321,0,Private
55761,0,Private
101233,0,Public
18140,1,Public
72167,1,Private
21166,1,Private
30186,1,Public
76384,0,Private
58131,0,Private
118844,0,Public
38689,0,Private
5404,1,Private
115230,0,Private
111611,0,Public
38690,0,Private
61823,1,Private
1148,0,Private
57522,0,Private
95821,1,Public
518,1,Public
28946,1,Private
111003,0,Public
52102,1,Public
90267,1,Public
57523,1,Public
28947,1,Public
41127,1,Private
97604,0,Public
59388,1,Public
56936,0,Private
2947,0,Private
13223,0,Public
59994,1,Private
75780,0,Public
16880,1,Public
20608,1,Public
105492,1,Public
89700,1,Public
93381,0,Private
101850,0,Public
1765,1,Private
22980,1,Public
41742,1,Public
94618,1,Public
24137,1,Private
34994,1,Public
11406,0,Public
48469,1,Private
77613,1,Private
83071,1,Public
72790,0,Private
117618,1,Private
104878,1,Private
8987,1,Public
64226,1,Public
1766,1,Public
42369,0,Public
70934,0,Public
55165,0,Private
78228,0,Private
46066,1,Public
28948,1,Public
49052,1,Public
108593,1,Public
63611,1,Private
32581,0,Private
37481,1,Public
8988,1,Public
70935,0,Private
21167,1,Public
1767,1,Public
24733,0,Private
7187,0,Private
50253,1,Public
104261,1,Public
66064,1,Public
89701,1,Private
2948,1,Public
1149,0,Public
61824,1,Private
54551,1,Public
82468,0,Private
27726,0,Private
93991,1,Public
83072,1,Private
70359,1,Private
65456,1,Public
121329,1,Public
55762,0,Private
101234,0,Private
71542,0,Private
81865,0,Private
44210,0,Private
82469,1,Public
75182,1,Private
75781,1,Private
76984,1,Public
8989,1,Private
64227,1,Public
95220,0,Private
23552,1,Public
92757,1,Public
21762,1,Public
117619,1,Public
49053,1,Public
95221,0,Public
70360,0,Private
93992,1,Public
32015,1,Public
25356,1,Private
24734,0,Private
16261,0,Public
32582,0,Public
47284,1,Private
119451,0,Public
33779,1,Public
17489,1,Private
115231,0,Private
115821,0,Public
4150,1,Public
51494,0,Public
61825,0,Private
93993,0,Private
101851,0,Public
50853,0,Public
10180,0,Private
30187,1,Public
108594,0,Public
37482,1,Public
101852,0,Private
78805,1,Public
83073,1,Private
121330,1,Private
120083,0,Public
7788,1,Private
35596,1,Public
16262,0,Private
84918,1,Public
92758,0,Public
30780,0,Private
107976,0,Private
103678,1,Public
78806,1,Public
90911,0,Private
8990,1,Public
71543,0,Private
74002,0,Public
115232,0,Private
97004,1,Private
69128,1,Public
101235,0,Private
104879,1,Public
18141,0,Private
115233,0,Private
6574,0,Private
18142,0,Public
81866,1,Public
103072,1,Public
35597,1,Private
64228,1,Public
3569,1,Private
31409,0,Public
70361,0,Private
36852,1,Public
76385,0,Private
68503,0,Private
61826,0,Public
70936,0,Public
50854,0,Private
59389,0,Public
99434,1,Private
27727,0,Private
36208,0,Private
44833,0,Private
519,1,Private
81248,0,Public
97005,1,Public
107343,0,Public
119452,0,Private
100022,0,Public
75782,1,Private
30188,1,Private
94619,0,Public
22981,0,Public
80016,0,Private
103679,1,Public
71544,0,Private
52103,1,Public
30189,1,Private
10181,1,Public
69742,1,Private
1768,1,Public
16881,1,Public
115822,0,Private
27728,0,Public
51495,0,Public
70937,0,Private
38075,1,Public
27729,0,Private
41743,1,Public
104262,0,Public
67882,0,Private
107344,0,Public
75183,1,Private
75783,0,Private
108595,0,Private
78807,1,Private
46671,0,Private
65457,0,Private
81249,0,Public
84300,0,Public
113408,1,Public
104263,0,Public
91516,0,Public
520,1,Public
105493,0,Private
53322,0,Public
66649,0,Private
9567,1,Public
26525,1,Public
3570,1,Public
83690,1,Private
26526,1,Public
107977,0,Public
30781,0,Public
26527,1,Private
36209,0,Private
67294,1,Public
100023,0,Public
30782,0,Private
24735,0,Private
112811,0,Private
88541,0,Private
60606,0,Private
93994,1,Public
33780,1,Public
30190,1,Public
34409,0,Private
32016,1,Public
50855,0,Public
54552,0,Private
19949,1,Public
63612,0,Private
111004,0,Private
107978,0,Public
27730,0,Public
60607,0,Private
6575,0,Public
35598,1,Private
29580,1,Private
18143,0,Private
62416,1,Public
8374,1,Public
56937,0,Private
117020,0,Public
33781,1,Public
101853,0,Private
12597,0,Public
74602,0,Public
118845,0,Private
103073,0,Private
92759,0,Public
114013,0,Private
115823,0,Public
72791,0,Private
102462,1,Public
2359,0,Private
104880,0,Private
38691,0,Public
116444,1,Public
27731,0,Private
7789,1,Private
35599,0,Public
81867,0,Private
42996,0,Private
55166,0,Public
106716,1,Private
4797,0,Public
50254,1,Public
84919,1,Public
22982,0,Private
18144,0,Private
71545,0,Private
49643,1,Public
119453,0,Public
4798,0,Public
55763,0,Private
51496,0,Public
120706,0,Public
4151,0,Public
120084,0,Public
73421,0,Private
25960,0,Public
81868,0,Public
19950,1,Private
40519,1,Public
38692,0,Private
38076,0,Private
2360,0,Public
45443,0,Private
38693,0,Private
86156,1,Public
84301,0,Private
14432,1,Private
95822,0,Public
2361,0,Private
83074,1,Private
63024,1,Public
65458,1,Public
2362,0,Public
88542,0,Public
22363,1,Private
27124,1,Public
81250,0,Private
61827,0,Private
87941,0,Private
112812,0,Private
5405,0,Private
118238,1,Private
70938,0,Public
31410,0,Public
46672,0,Private
96408,1,Public
25357,1,Public
69743,1,Private
109776,1,Public
110415,1,Public
15021,0,Public
9568,0,Public
109777,1,Public
85527,1,Private
114604,0,Private
119454,0,Private
18145,0,Private
41128,0,Private
63025,1,Public
90268,0,Private
114605,0,Private
56331,0,Public
111612,1,Private
119455,0,Private
93995,1,Private
53950,1,Private
38077,1,Private
76386,0,Private
3571,1,Public
15649,0,Private
102463,1,Private
73422,0,Public
43580,0,Public
96409,0,Public
35600,1,Public
31411,0,Private
63026,1,Public
47877,0,Private
95222,0,Public
82470,1,Public
62417,1,Public
21763,1,Private
109778,1,Public
54553,1,Private
84302,0,Private
63613,0,Public
120085,0,Public
60608,0,Private
43581,0,Public
45444,0,Private
101854,0,Private
47878,0,Public
16263,0,Public
66650,1,Public
24138,0,Public
109779,1,Public
36853,1,Public
15022,0,Private
28342,0,Private
15650,0,Public
23553,0,Private
103074,0,Public
28949,1,Public
63027,1,Public
2949,1,Public
1150,0,Private
103680,1,Public
79426,0,Private
49054,1,Public
41744,1,Public
16882,1,Private
44211,0,Public
98205,0,Private
118846,0,Private
119456,0,Private
118239,1,Private
14433,1,Public
80017,1,Private
3572,1,Private
49055,1,Private
19951,1,Public
47285,1,Public
107979,0,Private
38078,1,Public
87942,0,Public
74003,0,Private
7790,1,Public
13791,1,Public
98206,0,Private
64229,1,Public
47286,1,Public
18740,1,Public
13224,0,Public
55764,0,Private
61211,0,Public
107345,0,Public
44834,0,Public
24139,1,Public
25961,0,Private
65459,1,Public
81869,1,Private
19330,1,Private
111613,1,Public
118847,0,Public
98207,0,Private
24736,0,Private
7188,1,Public
67295,1,Public
84303,0,Private
32017,1,Public
66065,1,Public
52104,0,Private
112813,0,Public
44835,0,Public
91517,0,Public
97006,1,Private
98820,1,Public
117620,1,Public
39919,0,Private
100611,1,Public
107346,0,Private
41129,0,Private
19331,1,Public
22364,1,Public
4152,1,Public
33194,0,Private
21764,1,Private
118848,0,Private
46673,0,Private
67296,0,Public
74004,0,Private
67883,0,Public
31412,0,Private
28950,1,Public
40520,1,Private
34995,1,Public
39319,1,Public
56938,0,Public
49056,1,Public
33195,0,Private
120707,0,Private
87943,0,Public
78229,0,Public
75784,1,Private
115824,0,Private
30191,1,Public
78230,0,Private
50255,1,Public
115825,0,Private
86746,1,Public
2950,1,Public
98821,1,Private
102464,1,Private
42997,0,Private
14434,0,Public
25962,0,Public
63614,0,Public
93996,1,Public
23554,0,Private
90912,0,Public
36854,0,Private
4153,0,Private
36210,0,Private
73423,0,Private
34996,0,Private
60609,0,Public
83691,1,Public
27732,0,Private
104264,0,Public
66651,1,Public
104265,0,Public
103075,1,Private
109170,0,Public
59995,1,Public
15652,0,Private
32583,0,Private
15651,0,Private
48470,0,Public
107980,0,Public
31413,0,Private
19332,1,Public
4799,0,Public
87351,1,Public
39320,1,Public
72792,0,Public
31414,0,Private
74603,0,Public
84920,1,Private
98208,0,Private
79427,0,Private
90913,0,Public
35601,1,Public
112814,0,Private
51497,0,Private
101855,0,Public
31415,0,Private
521,1,Public
42998,0,Public
88543,0,Public
109780,0,Private
75184,1,Public
94620,1,Public
64230,1,Public
34997,1,Public
97605,0,Private
8375,1,Public
44212,0,Private
110416,1,Private
58132,0,Public
54554,1,Private
5992,0,Private
63028,1,Private
47879,0,Public
22365,0,Private
117621,1,Private
1151,0,Private
53323,0,Private
30192,1,Private
88544,0,Public
7791,1,Public
21168,0,Public
24737,0,Public
98822,1,Public
44213,0,Public
112210,1,Public
100024,0,Private
114606,0,Private
57524,1,Public
67884,0,Private
100612,1,Private
25358,0,Private
85528,1,Private
20609,0,Private
100614,1,Public
7189,0,Public
100613,1,Public
43582,0,Private
16264,0,Public
98823,1,Public
3573,1,Private
114607,0,Public
522,1,Public
104881,1,Public
20610,0,Private
90914,0,Private
100615,1,Private
43583,0,Private
523,1,Public
97606,0,Public
110417,1,Public
89702,0,Public
120708,0,Private
18741,1,Public
50256,0,Private
121331,1,Public
72793,0,Private
47287,1,Public
49057,1,Public
50257,1,Private
66066,1,Public
69744,1,Public
10812,0,Public
5993,0,Public
56332,0,Private
10811,0,Private
110418,1,Private
70939,0,Public
1152,0,Public
68504,0,Private
109781,0,Private
109782,1,Public
61828,0,Private
16883,1,Private
36211,0,Private
52105,1,Public
87352,1,Private
13792,1,Public
60610,0,Public
112211,1,Private
81870,1,Private
57525,0,Public
41745,1,Public
34998,1,Public
106717,0,Public
58754,0,Private
25359,1,Public
110419,1,Public
103681,1,Private
97007,1,Public
62418,1,Public
18146,0,Public
55167,0,Private
6576,0,Private
84304,0,Private
25360,1,Public
72168,1,Public
19952,1,Public
2951,1,Public
93382,0,Public
112212,1,Private
66067,1,Private
10813,0,Private
42370,0,Public
32018,1,Private
72794,0,Private
74604,0,Public
49058,1,Public
30783,0,Public
68505,1,Public
89123,1,Private
89703,0,Private
5994,0,Public
33196,0,Public
15023,0,Private
72795,0,Private
16265,0,Private
106120,1,Public
23555,0,Public
96410,1,Public
10814,0,Private
66068,1,Public
16884,1,Public
88545,0,Public
89704,0,Private
117021,0,Public
9569,1,Private
65460,0,Private
75185,1,Public
30784,0,Private
83075,1,Private
85529,1,Public
56939,0,Public
81251,0,Public
4800,0,Private
66652,0,Public
44214,0,Private
58133,0,Private
35602,1,Public
31416,0,Public
50856,0,Private
111614,1,Public
52106,1,Public
95823,0,Private
101856,0,Public
5995,0,Public
26528,1,Public
114014,0,Public
81871,1,Public
103076,1,Public
119457,0,Private
9570,1,Private
105494,0,Public
77614,0,Private
120086,0,Private
89705,0,Public
84921,0,Private
117022,0,Private
109171,0,Public
48471,0,Public
46674,0,Public
8991,1,Public
4801,0,Private
1153,0,Private
115826,0,Public
97008,1,Public
114015,0,Public
27733,0,Private
1769,1,Public
31417,0,Private
95223,0,Public
87353,1,Public
24738,0,Private
108596,0,Public
42999,0,Public
37483,1,Public
97009,1,Public
19333,1,Public
14435,1,Private
92135,0,Private
46675,0,Public
81252,0,Private
47288,1,Private
32584,0,Public
97010,1,Public
22366,0,Private
94621,1,Public
9571,0,Public
95824,0,Private
63615,0,Public
82471,1,Private
103682,1,Private
67885,0,Public
4154,1,Private
25963,0,Private
111005,0,Private
119458,0,Private
115234,0,Public
43584,0,Private
34410,0,Private
115235,0,Public
61829,0,Public
12008,1,Public
59996,0,Private
109172,0,Private
22367,1,Public
89706,0,Public
72169,1,Private
60611,0,Private
115827,0,Public
82472,1,Private
50258,0,Public
98824,0,Public
58755,0,Private
28951,1,Public
113409,1,Public
19953,1,Private
9572,1,Public
76985,1,Public
65461,1,Public
25361,1,Private
50857,0,Private
9573,1,Private
524,1,Public
18742,1,Public
43000,0,Public
11407,0,Private
17490,1,Public
116445,1,Public
92136,0,Public
111615,1,Public
38079,1,Private
86747,0,Private
44836,0,Public
69745,1,Public
22983,0,Public
58756,0,Private
61830,0,Public
51498,0,Public
81253,0,Private
107981,0,Public
61831,0,Private
114608,0,Private
49644,1,Public
13793,1,Public
1770,1,Public
94622,0,Public
22368,1,Public
89707,0,Private
106121,1,Public
10182,1,Private
49059,1,Public
4802,0,Private
57526,1,Private
52691,1,Private
103683,1,Public
113410,1,Private
100616,1,Public
107982,0,Private
86748,1,Private
117023,0,Public
55168,0,Private
83692,1,Private
6577,0,Private
74605,0,Private
68506,1,Private
103077,1,Public
31418,1,Private
55169,0,Private
114016,1,Private
100025,1,Private
120709,0,Public
73424,0,Private
120087,1,Public
62419,1,Public
61832,1,Private
1154,0,Public
13794,0,Public
81254,1,Private
5406,1,Public
92137,0,Public
68507,1,Public
66653,1,Public
115828,1,Private
24140,0,Private
41746,1,Private
67886,0,Private
26529,1,Public
64231,1,Private
85530,1,Public
114609,1,Private
55170,0,Public
106718,1,Public
52107,1,Public
33782,1,Public
110420,1,Public
93997,1,Public
76986,1,Public
50259,1,Public
43001,1,Private
53324,0,Private
39321,1,Public
46067,1,Public
118849,0,Private
96411,1,Public
40521,1,Public
74606,0,Private
73425,0,Private
69746,1,Private
25362,1,Public
119459,1,Public
56333,1,Private
38080,1,Private
112213,1,Private
73426,0,Public
38081,1,Public
39920,0,Private
118240,1,Private
26530,1,Private
32585,0,Public
63029,1,Public
48472,1,Public
86749,1,Private
25363,1,Public
22369,1,Public
103078,1,Public
93383,1,Public
81255,1,Private
52108,1,Public
96412,1,Private
46068,1,Public
9574,1,Public
30193,1,Private
115236,1,Public
5996,1,Private
33783,1,Public
101236,0,Public
81256,1,Private
106719,1,Private
30785,1,Public
117024,0,Private
35603,0,Private
119460,0,Private
112214,1,Private
31419,1,Private
90915,0,Public
80627,1,Private
98209,0,Private
16266,0,Public
58757,1,Public
35604,1,Private
52692,0,Private
66654,1,Public
11408,0,Public
58758,1,Public
59997,1,Private
13225,0,Public
75785,0,Public
21169,1,Private
83076,1,Public
52109,1,Private
16267,1,Private
22370,1,Private
20611,1,Public
117025,0,Private
22984,1,Public
103684,1,Private
117622,1,Public
86750,1,Public
55171,0,Public
43002,1,Public
12009,0,Public
88546,0,Public
4155,1,Private
50260,1,Private
88547,0,Public
27734,0,Private
39322,1,Public
61212,0,Private
97607,0,Private
8992,1,Public
16885,1,Public
67887,0,Private
54555,1,Private
22985,1,Private
103079,1,Private
118241,1,Public
4803,1,Public
37484,1,Private
7792,1,Public
38082,1,Public
89708,1,Private
71546,0,Public
12598,1,Private
18147,1,Public
54556,1,Public
104882,1,Public
68508,0,Private
70940,0,Private
43585,0,Private
9575,0,Public
65462,0,Private
36212,0,Private
111616,0,Private
115237,1,Public
25964,0,Public
72170,0,Private
8993,1,Private
63030,1,Private
59998,1,Private
77615,1,Private
31420,1,Public
47289,1,Private
80018,1,Public
30194,1,Private
56940,0,Private
43003,1,Private
116446,1,Public
59390,1,Public
24739,0,Private
53325,0,Private
80019,1,Public
68509,1,Public
48473,1,Public
55172,0,Private
30195,0,Public
14436,1,Public
52693,1,Public
105495,1,Public
114610,1,Private
66069,1,Public
16268,1,Public
15024,1,Private
29581,1,Public
67888,0,Private
36213,0,Private
43586,0,Private
111006,0,Private
75786,1,Public
84922,0,Public
74005,1,Public
1771,1,Private
74607,0,Public
89124,1,Public
76987,1,Public
41130,1,Public
21170,1,Private
117623,1,Private
108597,1,Private
107347,1,Public
55765,0,Public
78231,0,Public
25965,0,Private
85531,1,Public
44215,0,Public
56334,1,Public
103080,1,Public
20612,1,Public
7190,1,Public
72796,0,Public
44216,0,Private
62420,1,Public
81872,1,Public
101237,0,Public
8376,0,Private
9576,0,Public
53326,0,Public
5997,1,Public
24141,1,Public
84923,1,Public
83693,1,Public
33197,1,Public
79428,1,Public
113411,1,Private
56941,0,Private
97608,0,Private
35605,1,Private
117026,0,Public
65463,1,Private
118242,0,Private
93998,1,Private
95825,1,Public
22371,1,Public
30786,1,Public
119461,1,Private
53327,1,Private
119462,1,Public
52110,1,Public
89709,1,Private
30196,1,Private
98825,1,Private
102465,1,Private
9577,1,Private
75787,1,Public
113412,1,Public
102466,0,Public
78232,1,Public
31421,0,Public
5998,1,Private
22986,1,Public
97011,1,Private
63616,1,Private
113413,1,Private
56335,1,Public
109173,1,Public
81873,1,Public
70941,1,Private
100617,1,Public
56336,1,Private
27735,1,Public
96413,1,Public
91518,1,Private
103081,1,Public
103082,1,Public
121332,1,Public
111617,1,Private
98826,0,Private
64828,1,Private
33198,1,Public
21765,1,Public
39921,1,Private
525,1,Public
54557,1,Public
78233,1,Public
89710,1,Private
43004,1,Private
73427,1,Private
39922,1,Private
69129,0,Private
72797,1,Public
46069,1,Private
59999,1,Private
64829,1,Private
4804,0,Private
39923,1,Private
12599,1,Private
10815,1,Private
18148,1,Public
59391,1,Public
3574,1,Public
74608,1,Public
112815,1,Public
100026,1,Private
46676,0,Public
44217,1,Private
35606,1,Public
50858,1,Private
116447,0,Private
121333,1,Public
100618,0,Private
97012,1,Public
72798,1,Public
5407,1,Private
104266,1,Public
78234,0,Public
21171,1,Public
105496,1,Public
100619,1,Public
15653,1,Private
58759,1,Public
93999,1,Private
30787,1,Public
37485,1,Public
63031,1,Public
88548,0,Private
32586,1,Public
64232,1,Private
115829,1,Public
92760,1,Public
44837,1,Private
110421,1,Public
21766,1,Public
94623,1,Private
58760,1,Public
36214,1,Private
73428,1,Private
96414,1,Public
12010,1,Public
82473,1,Public
69747,1,Public
58761,1,Public
108598,1,Public
50261,1,Public
76988,1,Public
79429,1,Public
41131,1,Public
73429,0,Public
64830,1,Public
80628,1,Private
52694,1,Public
89711,1,Public
27736,1,Public
25966,1,Private
32019,1,Private
526,1,Public
102467,1,Public
92138,1,Private
117027,1,Public
98210,1,Private
84924,1,Public
63617,1,Public
95826,1,Public
120710,0,Private
49060,1,Private
85532,1,Private
73430,0,Private
26531,1,Public
36855,1,Public
56942,1,Public
76989,1,Public
115830,1,Private
96415,1,Public
54558,0,Private
92761,1,Public
106720,1,Public
38694,1,Private
5999,1,Private
39924,1,Public
42371,1,Private
5408,1,Public
112215,0,Public
84925,1,Private
23556,1,Public
47880,1,Private
78808,1,Private
36856,1,Public
102468,1,Private
79430,1,Private
112816,0,Public
109174,1,Public
2363,1,Public
78809,1,Public
31422,1,Public
73431,1,Public
89125,1,Public
120088,1,Public
22987,1,Public
12600,1,Public
104883,1,Public
115238,0,Private
78810,1,Public
48474,1,Private
85533,1,Public
59392,1,Public
121334,1,Private
95827,1,Public
41132,1,Public
107348,1,Public
73432,1,Public
33784,1,Public
9578,1,Public
8377,1,Public
24142,1,Public
26532,1,Public
49645,1,Private
10183,0,Private
49061,0,Public
34411,1,Public
113414,0,Public
45445,1,Public
21172,1,Public
57527,1,Public
11409,0,Public
24740,1,Public
2364,1,Private
1772,0,Public
87944,1,Public
44838,1,Public
55766,1,Public
49646,1,Private
32587,0,Private
86157,1,Private
36857,1,Public
8378,1,Public
93384,1,Private
24741,1,Public
47290,1,Private
22988,1,Public
6000,1,Private
15025,0,Public
50262,0,Private
21767,0,Private
36858,1,Public
34412,1,Public
39925,1,Private
7793,1,Public
114017,0,Private
73433,1,Public
64831,1,Public
98211,1,Private
60612,0,Private
11410,1,Public
104267,1,Public
19334,1,Public
83694,1,Private
109783,0,Private
55767,0,Private
15026,1,Private
27125,0,Private
41133,1,Public
87945,1,Public
92762,1,Public
109784,1,Public
53951,1,Private
42372,0,Public
79432,1,Public
52695,1,Private
51499,1,Private
113415,1,Public
110422,1,Public
28952,1,Public
79431,1,Public
86751,1,Public
89126,1,Public
67889,1,Private
95828,1,Private
52111,1,Public
43587,1,Public
28953,1,Private
118850,1,Public
79433,1,Public
10816,1,Public
69130,1,Public
84926,1,Public
70942,1,Public
75788,1,Public
43005,1,Public
39323,0,Public
71547,1,Private
527,1,Private
28343,1,Private
66655,0,Public
1155,1,Private
67890,0,Private
106721,1,Private
24742,1,Private
21768,1,Public
27126,1,Private
82474,1,Public
2365,1,Public
111007,0,Private
111618,1,Public
37486,1,Public
12011,1,Public
27737,0,Private
14437,1,Public
71548,1,Private
47881,1,Private
76387,0,Private
76990,1,Private
37487,1,Public
92139,0,Private
47882,0,Private
34999,0,Public
31423,1,Public
105497,0,Private
107349,1,Private
66070,0,Private
14438,1,Public
22372,1,Private
28344,0,Private
97013,0,Private
25364,1,Public
28345,1,Private
62421,1,Private
105498,0,Private
13795,1,Public
69748,1,Private
89127,1,Private
89712,0,Private
58762,1,Private
108599,1,Private
100620,1,Public
56943,0,Private
528,1,Private
110423,1,Public
19335,0,Private
57528,1,Public
92763,0,Private
63032,1,Public
96416,1,Private
104884,1,Public
93385,1,Private
71549,0,Private
81874,1,Private
92140,0,Private
40522,1,Public
95224,1,Private
94624,1,Public
111008,0,Private
7191,0,Private
106122,1,Public
120089,1,Private
64233,1,Private
31424,0,Private
75789,1,Private
33785,0,Public
7192,1,Public
2952,1,Public
113416,1,Public
76388,0,Public
95225,0,Private
35607,0,Public
92764,1,Private
16269,1,Public
5409,1,Public
120090,1,Private
38695,1,Private
64832,1,Private
72799,0,Private
16886,1,Private
18149,1,Public
18743,1,Public
30788,1,Private
115239,1,Public
49062,1,Public
97014,1,Public
6001,0,Private
43006,0,Private
106722,1,Public
118243,1,Public
107350,1,Private
8994,1,Public
64234,1,Private
34413,1,Private
113417,1,Private
103083,1,Public
529,1,Private
61213,0,Private
65464,0,Private
58134,0,Private
61214,1,Private
81257,1,Private
15654,0,Private
89713,1,Private
52696,1,Public
36215,0,Private
78235,0,Private
39324,1,Private
7193,1,Public
25967,0,Private
12012,1,Public
9579,1,Public
15027,1,Private
70362,1,Private
120091,1,Private
104268,1,Private
42373,0,Private
90269,1,Private
95226,0,Private
78236,0,Private
53952,1,Public
108600,0,Private
33786,1,Public
38083,1,Public
45446,0,Private
28954,1,Public
30789,1,Public
53953,1,Public
77616,0,Private
78811,1,Public
90916,0,Private
56337,0,Private
44839,0,Private
98827,1,Public
33787,1,Public
112817,0,Private
530,1,Public
114611,1,Private
118851,0,Private
3575,1,Private
90917,0,Private
111619,1,Public
64833,0,Private
104269,0,Private
84927,0,Private
73434,0,Private
17491,1,Private
87354,1,Public
110424,1,Private
100621,1,Public
60000,1,Private
76991,1,Public
120092,1,Private
35000,1,Public
104270,1,Private
103084,0,Private
4156,0,Public
18150,1,Private
70363,1,Private
1773,1,Public
90918,0,Private
69131,1,Public
36859,1,Public
56338,1,Private
81875,1,Private
1156,1,Private
44218,1,Private
49063,1,Private
107983,0,Private
64235,0,Private
106123,1,Public
111009,0,Private
97609,0,Private
87355,1,Private
19336,1,Public
31425,1,Private
78237,0,Private
121335,1,Public
31426,0,Private
54559,0,Public
93386,1,Private
74006,1,Private
22373,1,Public
68510,1,Public
29582,0,Private
87946,1,Private
91519,0,Private
86752,1,Private
116448,1,Private
23557,1,Private
110425,1,Public
36860,1,Private
111620,1,Private
112818,1,Private
47291,0,Private
87356,1,Public
103085,1,Public
47292,1,Private
109175,1,Private
63033,1,Public
21173,1,Public
15028,1,Private
61215,1,Private
110426,1,Private
100027,1,Private
2366,0,Private
112216,1,Public
51500,1,Private
66071,1,Private
78238,1,Private
64834,1,Private
7794,1,Public
63618,1,Private
2953,1,Public
65465,1,Public
10184,1,Private
86158,1,Public
61833,1,Public
42374,0,Private
117028,1,Private
91520,0,Private
56339,1,Public
107351,1,Public
23558,1,Public
22374,1,Public
10817,1,Private
77617,1,Public
36216,0,Private
112819,1,Private
4805,1,Private
91521,1,Private
105499,1,Private
22989,1,Private
92765,1,Private
42375,0,Private
115831,1,Private
61834,0,Private
7194,1,Public
50859,0,Private
31427,1,Private
114018,1,Private
35608,1,Public
30790,1,Private
60613,0,Private
46070,1,Private
109785,1,Private
1774,1,Private
21174,1,Private
8379,0,Public
30791,0,Private
89128,0,Private
16270,1,Private
84928,1,Public
117029,0,Private
14439,1,Public
75790,1,Private
90919,1,Public
19954,1,Public
114019,1,Public
60001,1,Public
115240,0,Private
26533,1,Public
1775,1,Public
58135,0,Private
13226,0,Private
89714,1,Private
65466,1,Private
74007,1,Private
90270,0,Private
95829,0,Private
33199,1,Private
32588,1,Private
17492,1,Public
115832,1,Private
12601,1,Private
70943,1,Private
12602,1,Private
38084,1,Private
59393,1,Public
45447,1,Public
3576,0,Private
9580,1,Private
34414,1,Private
66072,1,Private
90920,1,Private
64835,1,Private
50860,0,Private
12013,1,Public
32589,1,Private
35001,1,Public
3577,1,Public
15655,1,Private
8380,1,Private
48475,1,Private
52697,0,Public
31428,1,Private
114612,1,Private
65467,1,Public
90271,1,Private
58763,1,Private
50263,1,Private
76389,1,Public
55768,1,Public
59394,1,Public
112820,1,Public
70944,1,Private
48476,1,Private
115833,0,Private
73435,1,Private
8995,1,Public
80629,1,Private
75186,1,Public
109176,0,Private
56944,1,Private
21769,0,Private
81877,0,Private
531,1,Private
50861,0,Private
81876,1,Public
50862,0,Private
25365,1,Private
33788,1,Private
120093,1,Public
16271,1,Public
65468,0,Public
29583,1,Private
92766,1,Public
110427,1,Private
3578,1,Public
38696,1,Public
74609,0,Public
74610,0,Private
119463,1,Public
16272,1,Private
18744,0,Private
90921,1,Public
111010,1,Private
21770,1,Private
77618,1,Private
105500,1,Private
32590,0,Private
107984,1,Private
32020,1,Public
112217,1,Public
67891,1,Private
47293,1,Public
30197,1,Public
104271,1,Private
118852,0,Private
86159,1,Private
80020,1,Public
106124,1,Public
46677,1,Private
43588,0,Private
76390,1,Private
16887,1,Public
8381,1,Public
16888,1,Private
68511,0,Private
72171,1,Private
66073,1,Public
34415,1,Private
67297,1,Public
30198,1,Private
106125,1,Public
102469,1,Public
100028,1,Public
94000,1,Public
121336,1,Public
36861,0,Public
41134,1,Public
52112,1,Public
57529,1,Public
15656,1,Public
79434,1,Public
32021,1,Public
106723,1,Public
28346,1,Public
38085,1,Private
4806,0,Public
77619,1,Public
103685,1,Public
75791,1,Private
61835,1,Public
28955,1,Private
20613,1,Private
34416,1,Public
36217,1,Private
100622,1,Public
8382,1,Private
93387,1,Public
50863,0,Public
43589,1,Private
44840,1,Private
30199,0,Private
121337,0,Private
36218,1,Public
58764,1,Public
92767,1,Public
69132,1,Public
61216,0,Private
77620,1,Private
94625,1,Private
41747,0,Private
97610,0,Private
100623,0,Private
1157,0,Private
63619,0,Private
28956,0,Private
98212,1,Private
115241,1,Private
118244,1,Public
16889,1,Public
63034,1,Public
22990,1,Private
60002,1,Public
28347,1,Public
89715,0,Private
41748,1,Private
21771,1,Private
7795,1,Private
13796,1,Public
75187,0,Public
60003,1,Private
36219,1,Public
72172,1,Public
74611,1,Private
22991,1,Public
27738,1,Public
81258,1,Public
18151,1,Private
33200,1,Public
30792,1,Private
88549,1,Public
13797,0,Public
26534,1,Public
112821,1,Private
59395,1,Private
120094,1,Public
60614,1,Private
89716,1,Private
83695,1,Public
36862,1,Private
21175,1,Private
35609,1,Private
58765,1,Private
67298,1,Public
75188,0,Private
12014,1,Public
77621,1,Public
92768,1,Private
16273,1,Public
4157,0,Public
89129,1,Public
95830,0,Private
111011,1,Private
66656,1,Public
13227,1,Private
26535,1,Private
112822,0,Private
69749,1,Private
46071,0,Private
38697,0,Private
85534,1,Private
119464,1,Private
15029,1,Private
60004,1,Private
52113,1,Public
97015,1,Public
66657,1,Private
66074,1,Public
7796,0,Private
107985,1,Private
10185,1,Private
56340,0,Private
40523,1,Private
118853,0,Private
108602,0,Private
28348,1,Private
100029,0,Private
108601,0,Public
40524,1,Private
80630,1,Public
86753,1,Private
75189,1,Private
54560,1,Private
35002,1,Private
55173,1,Public
75190,1,Public
50864,0,Private
94626,1,Public
117624,1,Public
50264,1,Public
74008,0,Public
43007,1,Private
106126,1,Private
65469,1,Private
15657,1,Private
109177,1,Private
102470,0,Public
70364,1,Private
66075,0,Private
27127,1,Public
94001,1,Private
66658,1,Public
93388,0,Private
85535,1,Public
32022,1,Public
116449,1,Private
5410,0,Private
10818,1,Private
37488,1,Private
13798,0,Public
43008,0,Private
81878,1,Public
1158,0,Private
54561,1,Public
78812,1,Private
30793,0,Private
117625,1,Public
27128,1,Public
20614,1,Private
55769,1,Public
115242,1,Private
97611,1,Private
11411,0,Private
77622,1,Public
60005,1,Private
105501,1,Private
67892,1,Private
68512,1,Private
103086,0,Public
21176,1,Public
103686,1,Public
95831,1,Private
8383,1,Public
91522,1,Private
75792,1,Public
76391,1,Private
32591,1,Private
88550,1,Private
12603,1,Public
24143,1,Public
46072,0,Public
77623,1,Public
10819,0,Private
56341,1,Private
47294,1,Public
25366,0,Private
532,1,Private
47295,0,Private
86160,1,Public
38698,0,Private
97016,1,Public
47883,0,Private
34417,1,Public
95832,1,Public
109178,0,Private
50865,0,Private
106127,0,Public
101857,0,Private
76392,1,Private
40525,1,Public
96417,0,Private
14440,1,Public
26536,0,Public
1776,1,Public
116450,1,Public
107986,0,Private
7797,1,Public
100030,1,Private
70945,0,Private
112218,0,Private
93389,1,Private
107352,1,Private
72173,1,Public
33201,1,Private
14441,1,Private
19337,1,Private
51501,1,Private
1159,1,Private
108603,1,Private
88551,0,Private
112219,1,Private
95227,0,Private
22375,1,Public
6578,1,Private
35003,1,Private
7798,1,Public
31429,0,Private
6579,0,Private
1777,1,Private
31430,1,Private
71550,0,Private
101858,0,Private
13228,0,Private
86161,0,Private
2954,1,Private
104272,1,Public
93390,1,Public
18745,0,Private
10820,0,Private
115243,1,Public
51502,1,Public
15030,1,Public
80021,1,Public
46678,1,Private
103687,1,Private
55770,0,Private
75191,1,Public
12604,1,Private
62422,0,Public
42376,0,Private
42377,0,Private
70365,1,Private
98828,0,Public
80022,1,Public
120095,0,Public
30794,1,Public
55174,1,Private
58766,1,Public
36220,0,Private
46679,0,Private
38699,1,Private
61217,0,Private
32592,0,Private
117030,0,Private
63620,1,Public
105502,1,Private
83077,0,Private
24144,1,Public
39325,0,Private
9581,0,Private
55175,0,Private
48477,1,Private
44841,0,Private
60615,0,Public
70946,0,Private
55771,0,Private
108604,1,Private
111012,0,Private
106128,1,Public
11412,1,Private
104885,0,Public
23559,1,Private
33202,1,Public
95228,0,Private
15031,1,Public
2955,1,Public
67893,0,Private
21177,0,Private
116451,1,Private
69133,0,Private
44219,0,Private
83696,0,Public
98213,0,Private
54562,1,Public
66076,1,Public
100031,1,Private
111013,0,Private
84305,1,Public
81259,0,Private
6002,1,Private
21773,0,Public
66077,1,Public
17493,1,Public
118854,0,Private
21772,0,Private
56342,1,Private
46073,1,Private
27129,0,Public
121338,0,Public
32593,1,Private
121339,1,Public
61836,1,Public
79435,1,Private
10821,0,Private
113418,1,Private
38086,0,Private
71551,1,Private
18746,0,Private
106724,0,Private
56343,1,Private
35610,0,Private
94002,0,Public
4158,0,Private
32594,0,Private
107353,1,Private
98214,0,Private
83078,0,Public
13229,1,Private
100032,1,Public
95833,1,Private
38700,0,Private
59396,0,Public
117626,0,Public
14442,0,Private
27130,0,Public
86162,0,Private
5411,1,Private
54563,1,Private
6003,1,Public
75192,1,Public
86754,0,Private
100624,1,Public
48478,0,Private
106129,1,Public
37489,0,Private
63035,1,Private
32023,1,Private
15658,1,Private
61218,0,Private
83079,0,Private
100625,1,Private
103087,0,Public
17494,1,Private
66078,0,Private
37490,0,Private
89717,1,Private
103688,1,Public
117627,0,Public
95834,1,Private
25968,0,Private
58767,1,Private
10186,0,Private
110428,0,Private
66079,1,Public
111621,0,Private
7195,0,Private
90272,1,Private
62423,0,Private
98215,0,Private
90273,1,Private
15032,1,Private
59397,0,Private
4807,1,Private
47296,0,Private
60616,0,Private
22992,0,Private
86755,0,Private
22993,1,Private
83697,0,Public
120711,0,Private
60617,1,Private
103689,1,Private
88552,0,Private
35611,0,Private
42378,0,Private
28957,0,Private
61219,0,Private
1160,0,Private
12605,1,Private
70947,0,Private
40526,0,Public
114020,0,Private
71552,0,Private
114613,0,Private
53328,0,Private
111622,0,Public
104886,0,Private
58768,0,Private
50265,1,Public
38701,0,Private
4159,0,Private
73436,0,Private
9582,0,Private
86756,0,Public
37491,0,Public
115244,1,Private
97017,1,Private
56945,0,Private
21178,0,Public
91523,1,Private
25969,0,Private
30795,1,Private
52698,1,Public
106725,0,Public
49064,1,Public
104273,1,Private
4808,0,Private
2956,1,Private
111014,0,Private
111015,0,Private
14443,0,Private
38702,1,Private
66659,0,Private
77624,1,Public
43590,0,Private
20615,1,Private
49647,1,Private
109179,0,Private
4809,1,Private
59398,0,Private
79436,0,Private
72800,0,Private
55772,0,Private
73437,0,Private
107987,0,Private
114614,0,Private
44220,0,Private
50266,0,Private
77625,1,Public
90274,1,Private
27131,0,Private
87357,1,Public
28349,1,Private
58136,0,Private
2958,1,Public
16274,1,Private
68513,1,Public
2957,1,Private
72174,1,Private
67299,0,Public
107988,0,Private
96418,0,Private
71553,0,Private
76992,1,Private
71554,0,Private
13230,0,Private
15033,1,Private
118245,0,Public
24145,1,Private
120096,1,Private
533,1,Public
87947,1,Private
30797,1,Private
63621,1,Private
71555,0,Private
27132,0,Public
84306,1,Private
30796,0,Private
4810,0,Private
66080,1,Private
98216,0,Private
48479,0,Private
32024,1,Private
100626,1,Public
91524,0,Public
6004,0,Private
80631,1,Private
75793,1,Public
38087,1,Public
43591,1,Private
18152,0,Public
13799,0,Private
118246,0,Private
29584,1,Private
70366,0,Private
7196,0,Private
26537,0,Private
21179,0,Private
11413,0,Private
64236,0,Private
31431,0,Private
7197,0,Private
30200,0,Private
78239,0,Private
75794,0,Private
95229,0,Private
85536,0,Private
8996,0,Private
57530,1,Public
6580,0,Private
84307,1,Private
78240,0,Private
44842,0,Private
7799,1,Public
107354,1,Public
16275,0,Private
81879,1,Private
20616,0,Private
63622,0,Private
33203,1,Private
72801,0,Public
46074,0,Private
56946,0,Private
14444,0,Public
106726,0,Private
36863,0,Public
17495,1,Public
103088,0,Private
64237,0,Public
120712,0,Private
120097,1,Private
108605,1,Private
22994,0,Private
114615,0,Private
99435,0,Private
78241,0,Private
8997,0,Public
84308,0,Private
16890,1,Public
78813,0,Private
38088,1,Private
534,1,Private
111623,0,Public
102471,0,Private
49648,1,Public
90275,0,Private
4160,0,Private
535,1,Private
45448,0,Private
80632,1,Public
22376,0,Private
95230,1,Private
83698,0,Private
87358,0,Private
66081,1,Public
102472,0,Private
10822,1,Private
91525,0,Private
56344,0,Private
7800,0,Public
35004,0,Private
102473,0,Private
57531,1,Public
101238,1,Private
10823,1,Private
7198,0,Public
10187,0,Private
50267,1,Public
100033,1,Private
13800,0,Private
21774,0,Private
28350,1,Private
114616,1,Private
1161,0,Private
100034,1,Private
12015,0,Private
81260,1,Private
21180,0,Public
121340,1,Public
104887,0,Private
76993,1,Public
110429,0,Private
84309,1,Private
63036,1,Public
101239,1,Private
112220,0,Private
38703,1,Public
25970,1,Public
38089,0,Private
70367,1,Public
3579,1,Public
58137,0,Public
25367,0,Private
120098,1,Private
5412,1,Private
66660,0,Public
90276,1,Private
41135,1,Private
119465,1,Private
118855,1,Public
89718,0,Private
72802,1,Public
26538,0,Private
18747,0,Public
10824,1,Private
101240,1,Private
111016,0,Private
101241,1,Private
8384,1,Public
44843,1,Private
68514,1,Public
112823,1,Private
81261,1,Public
59399,0,Public
61220,1,Private
92141,1,Private
117031,1,Private
39326,0,Private
118856,0,Private
20617,1,Private
100627,1,Public
101242,0,Private
99436,0,Private
5413,1,Public
17496,1,Private
77626,1,Public
28958,0,Private
109180,0,Private
30201,0,Public
2959,0,Private
88553,0,Private
95231,1,Private
88554,0,Private
53954,1,Private
76393,0,Private
97612,0,Private
27739,0,Private
12016,0,Private
81262,1,Private
54564,1,Private
18153,1,Public
87948,1,Public
108606,1,Private
57532,1,Public
16276,1,Public
50268,1,Public
30202,0,Private
111017,0,Public
3580,1,Private
58138,1,Private
19955,1,Public
33789,1,Public
120713,0,Private
85537,0,Private
58769,1,Public
77627,1,Public
4161,0,Private
27133,0,Public
56947,0,Private
92142,0,Private
3581,0,Public
101859,0,Private
9583,0,Private
82475,1,Public
89130,1,Private
109786,1,Private
69134,0,Private
49649,1,Public
12017,0,Public
99437,0,Private
52699,0,Private
75795,1,Private
118857,0,Private
80633,1,Private
8385,1,Private
47884,0,Private
22377,0,Private
95835,1,Public
58139,0,Private
64238,0,Private
62424,0,Public
75193,1,Private
8998,0,Public
12606,1,Private
81880,1,Public
94003,0,Private
101860,0,Private
50866,0,Private
95836,1,Public
4162,0,Public
111018,0,Private
25368,0,Private
3582,1,Public
38090,1,Private
115245,1,Public
48480,1,Private
79437,1,Public
120714,0,Private
109181,0,Private
33204,1,Private
38704,0,Private
69135,0,Public
44844,0,Private
38091,1,Private
40527,0,Public
41749,1,Public
93391,1,Private
33790,1,Private
35612,0,Public
1162,0,Private
98217,0,Private
13231,0,Private
8386,1,Private
30203,0,Private
58140,0,Public
112221,0,Public
16277,1,Public
120099,1,Public
112222,0,Private
109182,0,Private
120715,1,Private
68515,1,Private
54565,1,Private
18748,0,Private
44221,0,Private
93392,1,Public
107355,1,Public
72175,1,Public
88555,0,Private
106727,0,Private
118247,0,Private
6005,1,Private
19956,1,Public
23560,1,Public
38705,0,Private
69136,0,Public
61221,0,Private
102474,0,Public
10188,0,Private
112223,0,Public
118858,0,Private
38092,1,Public
10189,0,Public
103089,0,Public
55176,0,Private
117628,0,Private
109183,0,Private
83699,0,Public
102475,0,Public
28959,0,Public
102476,0,Public
21181,0,Private
10825,0,Private
80023,1,Private
80634,1,Public
60006,1,Public
66661,0,Public
65470,1,Public
8999,0,Public
36221,0,Private
41750,1,Public
63623,1,Public
103090,0,Private
1163,0,Private
1164,0,Private
111624,0,Public
22995,1,Private
23561,1,Public
79438,0,Private
94004,0,Private
95232,1,Private
99438,0,Public
46680,0,Private
24743,0,Private
33205,1,Public
36864,0,Private
55773,0,Private
60618,0,Private
58141,0,Private
90277,1,Public
94005,0,Public
54566,1,Public
99439,0,Private
7801,1,Public
61222,0,Private
86163,0,Private
66662,0,Private
101243,0,Public
62425,0,Public
57533,1,Private
70948,0,Private
7802,1,Public
24146,1,Public
85538,0,Public
102477,0,Public
97018,1,Private
71556,0,Private
61223,0,Private
95837,1,Private
25971,0,Private
97019,1,Private
119466,0,Private
2367,1,Public
86757,0,Public
75796,1,Private
7803,1,Public
55177,0,Private
88556,0,Private
104888,0,Public
1778,1,Private
100628,1,Public
47297,0,Private
43009,1,Private
98218,0,Private
1779,0,Private
72803,0,Private
23562,1,Private
39926,0,Private
99440,0,Private
86758,0,Public
92143,0,Private
21182,0,Public
3583,1,Private
78242,0,Private
45449,0,Private
49650,1,Public
80635,1,Public
24147,1,Public
72804,1,Private
98829,0,Private
17497,1,Public
15034,1,Public
91526,1,Public
13801,0,Private
114021,1,Public
33791,1,Public
34418,1,Public
100035,1,Public
36222,0,Private
100036,1,Public
38706,0,Private
30798,1,Public
24148,1,Private
33206,1,Private
25369,0,Private
78243,0,Private
19338,0,Private
87949,1,Public
44845,1,Private
95233,1,Public
20618,1,Private
38707,0,Private
71557,0,Public
75194,1,Public
101861,0,Private
7199,0,Public
79439,1,Public
2960,1,Public
46681,0,Private
85539,0,Public
83700,0,Private
47298,0,Public
101244,0,Private
119467,1,Private
112224,0,Private
12018,0,Private
43010,1,Private
23563,1,Private
71558,1,Private
80024,1,Public
71559,0,Private
38708,0,Private
3584,1,Private
62426,0,Private
103690,1,Public
67300,0,Private
47299,0,Public
72176,1,Public
81263,1,Public
96419,0,Public
36223,0,Private
56948,0,Private
38709,1,Private
118859,0,Private
51503,1,Private
74612,0,Private
58142,1,Private
10190,0,Public
78814,0,Private
17498,0,Private
98219,0,Private
84929,0,Private
111019,1,Private
18749,0,Private
112824,1,Public
8387,1,Private
114022,1,Private
104274,1,Public
4811,1,Private
13232,1,Private
44222,1,Private
53329,0,Private
88557,1,Private
102478,0,Public
76994,1,Private
32595,0,Private
72177,1,Public
81881,1,Private
49065,1,Private
88558,1,Private
105503,1,Private
100629,1,Private
10826,0,Private
88559,0,Private
52700,1,Public
4812,1,Private
47885,0,Public
49651,0,Private
18750,0,Public
114617,1,Public
60007,0,Public
66663,0,Private
30799,0,Public
64239,0,Private
86164,0,Private
86759,0,Private
101245,0,Private
21183,0,Public
99441,0,Private
84310,1,Public
74613,0,Private
93393,1,Private
15659,1,Private
97020,1,Public
39327,0,Private
58770,1,Public
38710,1,Public
115834,1,Public
13802,0,Public
67894,0,Private
13233,0,Private
63624,1,Private
97021,1,Public
68516,1,Private
80025,1,Public
16891,1,Public
76394,0,Private
117032,0,Private
15035,1,Public
39328,0,Public
60008,1,Public
97022,1,Public
121341,1,Private
45450,1,Private
82476,1,Public
106130,0,Public
92769,1,Private
32596,1,Private
16278,1,Private
103091,0,Private
16892,1,Public
104275,1,Private
33207,1,Public
15036,1,Public
118860,0,Private
92144,0,Private
75195,0,Private
84930,0,Private
17499,1,Public
64240,0,Public
104276,1,Private
60009,1,Public
62427,0,Public
114023,1,Private
47886,1,Private
26539,0,Public
45451,0,Private
10827,0,Private
2368,0,Private
83701,0,Private
68517,1,Public
33208,1,Public
84311,1,Private
12019,0,Private
87359,1,Public
15037,1,Public
66082,1,Public
19957,1,Public
69750,1,Private
32597,1,Private
1780,1,Private
74614,0,Private
55774,1,Private
103092,0,Private
75196,1,Private
50269,1,Private
26540,0,Public
53330,1,Private
102479,0,Private
4163,0,Private
109787,1,Public
31432,1,Public
97023,1,Public
1165,0,Private
111020,0,Private
7804,0,Private
60619,1,Private
44846,0,Private
61224,1,Private
70949,0,Private
93394,1,Public
36865,0,Private
61225,0,Private
100630,0,Public
110430,0,Private
17500,1,Private
72178,1,Private
18751,0,Private
69751,0,Private
38711,0,Private
19339,0,Private
114618,1,Public
1781,0,Private
93395,1,Private
24744,0,Private
46682,0,Private
15038,1,Private
64242,0,Private
64241,0,Public
51504,1,Public
47300,0,Private
13234,0,Private
7200,0,Private
50270,1,Public
90278,1,Public
78244,0,Private
50271,1,Public
116452,1,Public
11414,1,Private
83080,0,Private
27134,0,Public
72179,0,Private
104889,0,Private
83702,0,Private
101246,0,Private
53331,1,Private
84312,1,Private
70368,1,Public
90279,1,Public
111021,0,Private
100631,1,Private
53332,1,Public
72805,0,Private
33792,1,Public
95838,1,Public
112225,0,Private
95234,1,Private
17501,1,Private
67895,1,Private
37492,0,Public
116453,1,Public
47887,1,Private
6581,1,Private
64243,0,Public
112825,1,Private
6006,1,Private
60620,1,Public
94006,0,Public
81882,1,Public
120716,1,Private
101247,0,Private
99442,0,Public
57534,0,Private
14445,0,Private
24745,1,Private
32025,1,Private
72180,1,Private
67301,0,Private
71560,1,Private
33209,1,Public
46683,1,Private
44847,1,Private
26541,0,Public
41751,1,Private
22378,0,Private
57535,1,Public
89131,1,Public
85540,0,Public
28351,1,Public
112226,0,Public
64836,0,Private
110431,0,Private
114024,1,Public
89132,1,Private
119468,1,Private
28960,0,Private
66083,1,Public
62428,0,Public
86760,0,Private
75797,1,Public
60621,0,Private
74010,0,Private
74009,1,Private
56949,0,Private
14446,0,Public
106728,0,Public
84931,0,Public
83703,0,Public
84932,0,Private
80026,1,Public
98220,0,Private
7805,1,Public
89719,1,Public
94627,1,Public
23564,1,Public
87950,1,Private
87360,1,Private
36224,1,Public
112227,0,Public
100632,1,Public
102480,0,Public
41136,1,Private
47888,0,Private
12607,1,Public
33210,1,Public
22379,0,Private
115246,1,Public
89720,1,Public
36866,0,Private
16893,1,Private
72806,1,Public
113419,1,Public
62429,0,Public
19958,0,Private
118861,0,Private
26542,0,Public
53955,1,Public
89721,1,Public
61837,1,Public
2369,1,Public
111625,0,Private
86761,0,Public
38093,0,Private
116454,1,Private
94007,0,Public
79440,1,Private
90922,1,Private
9000,0,Public
76395,0,Private
66084,1,Public
104277,1,Public
75197,1,Private
98221,0,Private
47301,0,Public
70369,0,Private
111626,0,Public
38712,1,Private
44848,0,Private
75798,1,Public
101862,0,Private
91527,1,Private
35613,0,Private
1782,1,Private
24746,0,Private
24149,1,Public
61226,0,Private
30800,1,Public
62430,0,Private
17502,1,Public
536,1,Private
109788,1,Private
86165,0,Public
39329,0,Private
537,1,Private
36225,1,Private
108607,1,Private
102481,0,Private
78815,0,Private
9001,0,Private
46684,1,Private
98830,0,Private
18752,0,Public
3585,1,Private
105504,1,Private
84313,1,Private
4164,0,Public
70950,1,Private
32026,1,Public
59400,0,Private
12020,0,Private
101863,0,Private
80636,1,Public
92145,1,Private
91528,1,Private
36226,0,Private
66664,0,Public
2961,1,Public
81264,0,Public
18753,0,Public
91529,1,Public
61227,0,Private
94628,1,Private
87951,1,Public
47889,1,Private
19340,0,Public
119469,1,Private
1166,0,Private
94629,1,Public
101248,1,Private
74615,1,Private
103691,1,Public
45452,0,Private
63037,1,Public
75198,1,Private
74011,1,Public
104890,0,Private
52114,1,Public
35005,0,Public
39330,0,Private
54567,1,Private
74616,1,Private
55775,1,Public
90280,1,Public
96420,0,Public
48481,1,Public
84314,1,Public
11415,1,Public
87361,1,Public
47302,0,Private
4165,0,Private
25972,1,Private
34419,0,Private
47890,0,Private
103093,0,Private
120100,1,Public
50867,1,Private
9584,0,Public
64837,1,Public
110432,0,Public
46685,0,Public
111022,1,Private
75799,1,Public
43011,1,Public
29585,1,Public
61228,0,Public
22380,0,Public
28961,0,Public
83081,0,Private
22996,1,Public
6582,1,Public
94630,1,Private
18154,1,Public
13235,1,Private
55178,1,Private
81883,1,Public
39331,0,Public
111627,0,Public
120717,1,Private
70370,1,Public
16279,1,Private
106729,0,Private
114025,1,Public
54568,1,Public
39332,0,Private
118862,1,Private
7201,0,Private
42379,1,Private
41752,1,Private
33793,1,Public
49652,1,Public
39927,1,Private
109184,0,Private
7202,0,Private
114026,1,Private
13236,1,Private
13237,0,Private
24150,1,Private
61229,1,Private
86166,0,Private
63625,1,Public
10191,0,Private
81265,1,Private
117629,0,Private
38094,1,Private
120101,1,Public
94631,0,Private
84933,0,Public
56345,0,Private
10192,0,Private
18754,0,Public
64244,0,Public
86167,0,Public
22381,0,Public
8388,1,Public
121342,1,Public
97613,1,Public
15039,1,Private
30204,0,Public
30801,1,Public
46686,1,Private
81266,1,Public
98222,1,Private
95235,1,Private
33211,1,Private
118863,0,Private
19959,1,Private
96421,0,Private
69752,1,Public
66085,1,Private
40528,1,Public
16280,1,Private
74617,0,Private
108608,1,Public
62432,0,Private
106730,0,Private
104278,1,Public
72181,1,Public
51505,1,Public
62431,0,Public
81884,1,Private
95839,1,Private
7806,0,Public
99443,0,Private
12021,0,Public
70371,1,Public
12608,1,Public
4166,0,Public
61230,0,Private
53956,1,Public
53333,0,Private
63038,1,Public
87362,1,Public
119470,1,Public
78816,0,Public
35006,0,Private
44849,0,Private
99444,0,Private
14447,0,Public
66665,0,Private
70951,0,Private
114619,1,Private
89133,1,Public
84934,0,Public
37493,0,Public
118248,0,Private
6583,1,Private
97614,0,Public
104279,1,Private
21184,0,Public
78245,1,Private
114620,1,Public
13803,0,Public
109789,1,Public
24151,1,Private
87363,1,Public
84315,1,Public
2370,1,Public
12022,0,Public
107356,1,Private
36227,1,Private
75800,1,Private
17503,1,Private
538,1,Public
43012,0,Private
81885,1,Public
109790,0,Private
70952,0,Private
25973,0,Public
15660,1,Private
18155,1,Private
20619,1,Private
19341,0,Public
16281,1,Private
107989,0,Private
38713,0,Private
27740,0,Private
72182,1,Public
49066,1,Public
80637,1,Private
90923,1,Private
54569,1,Public
63039,1,Public
109185,1,Public
23565,1,Private
47891,0,Private
46687,0,Private
107990,1,Private
99445,0,Private
60622,1,Private
44850,1,Private
84935,0,Public
65471,1,Public
31433,1,Private
72807,1,Private
6007,1,Private
69137,0,Private
33212,1,Private
21775,0,Private
78246,0,Private
25370,0,Private
12609,1,Private
2371,1,Private
95840,0,Private
50868,1,Public
47303,0,Private
50869,1,Private
67896,1,Private
105505,1,Private
96422,0,Public
114621,1,Private
22997,1,Private
118864,0,Private
120102,1,Private
81886,1,Private
91530,1,Private
97615,0,Private
39333,0,Public
117630,0,Private
38714,0,Private
41753,1,Private
43592,1,Private
64838,0,Private
32598,1,Private
91531,1,Private
30205,0,Private
73438,1,Private
63040,0,Private
89722,0,Private
99446,0,Public
86762,0,Private
98831,0,Private
6584,0,Private
94632,1,Public
58771,1,Private
63041,1,Public
120718,1,Private
113420,1,Public
51506,0,Private
93396,0,Public
38095,1,Public
18755,0,Private
19960,1,Private
39334,0,Public
95236,1,Public
112826,0,Private
97616,1,Private
81887,1,Private
63626,1,Private
92770,0,Private
120103,0,Private
11416,0,Private
67302,0,Public
64839,1,Private
24747,0,Private
74012,0,Private
117033,1,Private
41137,1,Private
15661,0,Private
38096,0,Private
63627,0,Private
49653,1,Public
5414,1,Private
73439,0,Private
51507,0,Private
118865,0,Private
104891,0,Private
24152,1,Private
2372,0,Private
91532,0,Private
13804,0,Private
39335,0,Private
37494,0,Private
67303,0,Private
83082,0,Public
69753,1,Private
32599,1,Public
55776,0,Private
95841,1,Private
28962,0,Public
116455,1,Public
106731,0,Public
60623,0,Private
5415,1,Private
75199,1,Private
9585,0,Private
97024,1,Public
34420,0,Private
56346,0,Private
15040,0,Private
46075,0,Private
103094,0,Private
56347,0,Private
120719,1,Private
121343,1,Public
35614,0,Public
31434,0,Private
13805,0,Private
22998,0,Private
55179,0,Private
27135,0,Public
24748,1,Private
24153,1,Public
7203,0,Private
85541,0,Private
73440,1,Private
46688,0,Private
75200,1,Public
47304,0,Private
94008,0,Public
13806,0,Public
10828,0,Private
9002,0,Private
74013,0,Private
80027,1,Public
58772,0,Private
107991,0,Private
44851,0,Private
120720,0,Private
94633,1,Public
98223,0,Private
119471,0,Private
46689,0,Private
48482,0,Private
16894,1,Public
76396,1,Private
115835,0,Private
70953,0,Private
90924,1,Private
107992,0,Private
109186,0,Private
35007,0,Private
55180,0,Private
39928,0,Private
103692,1,Private
100633,1,Private
69138,0,Public
90925,0,Private
106732,0,Public
90281,1,Private
73441,0,Private
47892,0,Private
80638,1,Public
13238,0,Private
88560,0,Private
28352,0,Private
79441,0,Private
47893,0,Private
66666,0,Private
54570,0,Private
109187,0,Private
72183,1,Private
55181,0,Private
32601,0,Private
105506,0,Private
42380,1,Private
32600,0,Private
113421,1,Private
119472,0,Private
111628,0,Public
120721,0,Private
24154,1,Public
83704,0,Private
70954,0,Private
98224,1,Public
115836,0,Private
27741,0,Private
106131,1,Public
4167,0,Private
60624,0,Private
97025,1,Public
33213,1,Private
21776,0,Private
45453,0,Private
37495,0,Private
39336,0,Public
116456,1,Public
107357,1,Private
62433,0,Private
35008,0,Private
72808,1,Private
47305,0,Public
110433,0,Public
43013,1,Private
76397,1,Private
48483,1,Private
117631,0,Public
68518,1,Public
73442,1,Private
81888,1,Private
90282,0,Private
55777,1,Private
42381,0,Private
60625,0,Private
37496,0,Private
83083,0,Private
119473,1,Private
78817,0,Public
84316,1,Private
63042,1,Private
66667,0,Public
74014,1,Private
120722,1,Private
81889,1,Private
97617,1,Private
120723,0,Private
86168,0,Private
21777,0,Public
74015,1,Private
4168,0,Public
2962,1,Public
22383,0,Private
97618,0,Private
22382,0,Private
33794,1,Private
94009,0,Private
56348,1,Private
31435,1,Private
26543,0,Private
39929,1,Private
2963,1,Public
115837,0,Public
1783,0,Private
18156,1,Private
21185,0,Public
33795,0,Public
14448,0,Private
36228,1,Private
38097,1,Private
20620,1,Public
38715,1,Private
33214,1,Public
95237,1,Private
105507,1,Public
46690,0,Private
6008,1,Public
98225,0,Private
115247,1,Public
89723,1,Public
115838,1,Private
66086,1,Public
65472,1,Public
25371,0,Private
64245,0,Private
74618,0,Private
114027,1,Public
66087,1,Public
83084,0,Public
19342,0,Private
81890,1,Private
5416,1,Private
58773,1,Private
107993,1,Private
105508,1,Public
7204,0,Private
94634,1,Public
11417,1,Private
92771,1,Public
24749,0,Private
111629,0,Private
116457,1,Public
2964,1,Public
9586,0,Private
4169,0,Private
32602,1,Public
71561,0,Private
16895,1,Private
24155,0,Private
25974,0,Private
114622,1,Public
5417,1,Private
41754,0,Private
120724,1,Private
58143,0,Private
37497,0,Public
17504,1,Public
36229,0,Private
27136,0,Private
77628,1,Public
18756,0,Public
83085,0,Private
115839,1,Public
9587,0,Private
53957,1,Public
27742,1,Private
44852,0,Private
42382,1,Private
72809,0,Private
47306,0,Private
105509,1,Public
6009,1,Public
30802,1,Public
62434,0,Public
81267,1,Private
37498,0,Public
7807,0,Private
88561,0,Private
42383,0,Private
82477,1,Public
24750,0,Public
49067,1,Public
103095,0,Public
94635,1,Public
11418,1,Private
57536,1,Public
108609,1,Public
86169,0,Private
50272,1,Private
94636,0,Private
61231,0,Private
114623,1,Public
62435,0,Public
89134,1,Public
58774,1,Private
18157,0,Private
58775,1,Public
15041,1,Private
72810,0,Private
8389,1,Public
82478,1,Public
23566,1,Private
39930,0,Private
80028,1,Public
74619,1,Private
52701,1,Public
29586,1,Public
117632,0,Public
18158,0,Private
120104,0,Private
27743,0,Public
71562,0,Private
16896,1,Public
90926,0,Private
98832,0,Private
80639,0,Public
47894,0,Private
67304,0,Public
74620,0,Private
10829,0,Private
2373,1,Public
21778,0,Public
82479,1,Private
38098,1,Private
70955,1,Public
25372,0,Public
67305,0,Public
106132,1,Private
112228,0,Public
66668,0,Private
35009,0,Public
63628,1,Private
80029,1,Public
44223,0,Private
92772,0,Private
28353,0,Private
117034,0,Private
66669,0,Private
6585,0,Private
32603,1,Private
95238,0,Private
89135,1,Public
23567,0,Private
71563,0,Private
61838,0,Private
117035,0,Private
24156,1,Public
36230,1,Private
78818,0,Private
107358,0,Private
100037,0,Private
80640,1,Public
95842,0,Private
60626,0,Private
97026,1,Private
115248,0,Private
10193,0,Public
115840,1,Private
101249,1,Private
23568,0,Private
9003,0,Public
19961,1,Public
29587,1,Public
33796,1,Public
10830,0,Private
52702,0,Public
69139,0,Public
94637,1,Public
50273,1,Private
105510,0,Private
118866,1,Public
106133,1,Public
41138,1,Public
118867,0,Private
60627,1,Private
67897,1,Private
90927,1,Private
6010,0,Private
84936,0,Public
119474,0,Private
44853,1,Private
12610,1,Private
36231,1,Private
33215,0,Public
86170,0,Private
74621,1,Private
9004,0,Public
93397,0,Private
108610,1,Private
114028,0,Private
14449,0,Public
104892,0,Public
112827,0,Private
2965,1,Public
26544,0,Private
90283,0,Private
32604,0,Private
9005,0,Private
85542,0,Private
109791,1,Public
74622,0,Private
70956,0,Private
55182,1,Private
42384,0,Private
56950,1,Public
17505,1,Private
45454,0,Private
46691,0,Private
72184,1,Public
84317,1,Private
107994,0,Private
60010,1,Public
107359,1,Public
120105,0,Private
59401,0,Private
9006,0,Public
25975,1,Private
67898,1,Private
61839,0,Private
87364,1,Public
81268,0,Public
68519,1,Public
25976,0,Private
109188,0,Private
24157,1,Public
64840,0,Private
43014,1,Private
61232,1,Private
41755,1,Public
61233,0,Private
69754,1,Private
43015,1,Private
6011,0,Public
72185,1,Public
13239,0,Private
109189,0,Private
56349,0,Private
89136,1,Public
108611,1,Private
76398,1,Private
61234,0,Public
70372,0,Private
109792,1,Private
96423,0,Private
56350,0,Private
58776,0,Private
42385,1,Private
93398,0,Private
109190,0,Private
67306,0,Private
24751,0,Private
42386,0,Private
38099,1,Private
61840,1,Private
60011,1,Public
110434,0,Private
7205,0,Public
101864,0,Private
85544,0,Public
16282,0,Private
85543,0,Private
70957,0,Private
53334,0,Public
30206,0,Private
92773,1,Public
111023,0,Private
96424,0,Public
52115,1,Public
58144,0,Private
90284,0,Private
51508,0,Private
48484,0,Private
21186,0,Public
20621,0,Private
13240,0,Private
51509,0,Private
120725,0,Private
92774,0,Private
2966,1,Public
118249,0,Public
1167,1,Private
36867,0,Private
42387,0,Private
4170,0,Public
18757,0,Public
106733,0,Private
56951,0,Private
10194,0,Private
116458,1,Public
15042,0,Private
110435,0,Private
4813,0,Private
46692,0,Private
94010,0,Private
22384,0,Private
66670,0,Private
59402,0,Public
111024,1,Private
20622,1,Private
44224,1,Private
63629,0,Private
85545,0,Public
24752,1,Private
117633,0,Public
78819,0,Public
6586,0,Private
54571,1,Private
84318,1,Private
77629,1,Private
53335,1,Private
16283,0,Public
61235,0,Private
113422,1,Public
88562,1,Private
22385,0,Private
37499,0,Public
78820,0,Private
81269,0,Private
31436,1,Private
74016,0,Private
14450,0,Private
60012,1,Public
113423,1,Public
36232,0,Private
52703,1,Public
109793,1,Public
27137,0,Private
116459,1,Public
43016,1,Private
25373,0,Private
111025,0,Private
42388,0,Private
57537,1,Public
94638,1,Public
539,1,Private
85546,0,Private
90928,1,Private
22386,0,Private
24158,1,Public
17506,1,Public
104280,1,Public
112828,0,Private
97619,0,Private
104893,0,Private
74017,1,Public
47895,0,Private
27744,0,Private
118868,0,Private
115841,1,Private
84319,1,Private
7206,0,Private
49654,1,Public
37500,0,Public
47896,1,Private
118250,0,Private
15043,0,Private
90285,1,Private
30207,0,Private
69755,1,Public
115249,1,Private
87952,1,Private
111630,0,Public
44854,0,Private
112829,1,Private
24753,0,Private
50870,0,Private
2967,1,Private
99447,0,Private
51510,0,Private
30803,0,Private
107360,0,Private
1784,1,Private
68520,1,Private
82480,1,Public
10195,0,Private
540,1,Private
36868,0,Private
11419,0,Private
67899,1,Private
111027,0,Private
111026,0,Private
61236,1,Private
120106,1,Public
95239,0,Private
41756,1,Public
42389,0,Private
27138,0,Private
88563,0,Private
106134,1,Private
18758,0,Public
83705,0,Public
101250,0,Private
7808,1,Private
21187,0,Private
101251,0,Private
19962,0,Public
27745,0,Private
95843,1,Public
36869,0,Public
118251,0,Public
114624,1,Public
68521,1,Public
30208,0,Private
40529,1,Public
106135,1,Public
80030,1,Private
41757,0,Private
78821,0,Private
13807,0,Private
38716,0,Private
92146,0,Private
51511,1,Public
91533,1,Public
19343,0,Private
46693,0,Private
50274,1,Public
14451,0,Public
103096,0,Private
67307,0,Private
94011,0,Public
49068,1,Public
109794,1,Public
45455,1,Private
106734,0,Private
103097,0,Public
13808,0,Private
93399,1,Private
74018,1,Public
72811,1,Private
46076,0,Public
14452,0,Public
56952,1,Private
61237,0,Private
60013,0,Public
76399,0,Private
94012,0,Private
103693,1,Private
77630,1,Public
64841,1,Public
90929,1,Private
106735,0,Private
55778,0,Private
94639,1,Private
86763,0,Public
24754,0,Private
29588,1,Public
69756,1,Public
78247,1,Private
31437,1,Private
80641,1,Private
60628,0,Private
38100,1,Public
82481,0,Private
58777,1,Public
52704,1,Public
18159,1,Public
41758,1,Public
50871,1,Private
111631,0,Public
28963,0,Private
15662,1,Public
111632,0,Public
69140,0,Private
5418,1,Private
15663,1,Public
31438,1,Public
11420,0,Private
114625,1,Public
92775,1,Public
60629,0,Private
83086,0,Private
75201,1,Private
61841,1,Public
47307,0,Private
95844,1,Public
66671,0,Public
86764,0,Private
58778,1,Public
67900,0,Private
40530,1,Public
67308,0,Public
58145,1,Private
100038,1,Private
27746,0,Private
33797,1,Public
74019,1,Private
78248,0,Private
66672,0,Private
21188,0,Private
43593,1,Private
35615,0,Public
36870,0,Public
63043,1,Public
115842,1,Private
73443,1,Public
1785,1,Public
26545,0,Public
93400,1,Public
96425,0,Private
76995,0,Private
14453,0,Public
9588,0,Private
28964,0,Public
66088,1,Public
93401,1,Public
115843,1,Private
94013,0,Public
51512,1,Private
85547,0,Public
2374,1,Private
70373,1,Public
37501,0,Private
61238,0,Private
65473,1,Public
85548,0,Public
38717,0,Private
86765,0,Public
16284,1,Public
50275,1,Private
36233,1,Private
99448,0,Private
112229,0,Public
71564,0,Private
50872,0,Private
10196,0,Private
87953,1,Public
98226,0,Public
85549,0,Private
16285,1,Private
29589,1,Public
66673,0,Private
41759,1,Public
121344,1,Private
113424,1,Public
63044,1,Public
25374,0,Public
10197,0,Private
44225,0,Private
70374,1,Public
40531,1,Private
61239,0,Public
33798,1,Public
12611,1,Private
116460,1,Public
66090,1,Private
66089,1,Public
61842,1,Public
7809,1,Public
101865,0,Private
47897,1,Private
120726,0,Private
41139,1,Private
44226,1,Private
47898,1,Private
101252,0,Private
7207,0,Private
32605,0,Private
89724,1,Public
95240,1,Private
36871,0,Public
17507,1,Public
12612,1,Private
6012,1,Private
19963,1,Private
50276,1,Private
39931,1,Private
90930,1,Private
94640,1,Public
91534,1,Private
10198,0,Private
117036,1,Private
47308,0,Private
6013,1,Public
4814,1,Private
52705,1,Public
35010,0,Public
80642,1,Public
42390,0,Private
111028,1,Private
92148,0,Private
92147,0,Private
75801,1,Private
95241,0,Private
19964,1,Private
34421,1,Public
80643,1,Private
57538,1,Private
52116,1,Public
44227,1,Private
89137,1,Public
76996,1,Public
116461,1,Private
37502,0,Private
112230,0,Public
69757,1,Public
50277,1,Private
18759,0,Public
54572,1,Public
61843,1,Private
117037,0,Private
99449,0,Public
22999,1,Public
66674,0,Public
49069,1,Public
63045,1,Public
10831,0,Public
114029,1,Public
43017,1,Public
15044,1,Public
28354,0,Private
30804,1,Public
17508,1,Public
61844,1,Private
67309,0,Private
36234,1,Private
5419,1,Public
64246,0,Public
25375,0,Public
117634,0,Public
104894,0,Private
9007,0,Public
27747,1,Private
10832,0,Private
16897,1,Public
8390,1,Private
62436,0,Public
118869,1,Private
49656,1,Private
13241,0,Private
19965,1,Public
84937,0,Private
49655,1,Public
28355,1,Public
74623,0,Private
6587,0,Private
19966,1,Public
36872,0,Public
30805,1,Private
41760,1,Public
112231,0,Private
30209,0,Public
80031,0,Private
22387,0,Private
14454,0,Private
97620,1,Private
61240,1,Private
117635,0,Private
16286,1,Private
76400,1,Private
106736,0,Private
21189,0,Private
54573,1,Public
63046,1,Public
24755,0,Private
57539,1,Public
16898,1,Private
11421,0,Private
13242,0,Private
112232,0,Private
1168,1,Private
10199,0,Private
82482,0,Public
116462,1,Private
119475,1,Public
50873,0,Private
87365,1,Private
92150,1,Private
71565,0,Private
92149,0,Private
112233,0,Private
96426,0,Public
64247,0,Public
14455,0,Private
30806,1,Public
6588,0,Private
40532,0,Private
13243,0,Private
115844,0,Private
39337,0,Public
38718,0,Private
1169,1,Private
92776,1,Public
28965,0,Private
80032,1,Public
16287,1,Public
81891,1,Private
101866,0,Private
110436,0,Public
75802,1,Public
117038,1,Private
84938,0,Public
32027,1,Private
19344,0,Private
2968,1,Private
100634,1,Public
107361,1,Public
69758,1,Public
33216,1,Public
22388,0,Public
28966,0,Private
60014,1,Public
4815,1,Private
93402,0,Private
55183,0,Private
89138,1,Public
87954,1,Private
70375,1,Public
60630,0,Private
88564,0,Private
86766,0,Public
114626,1,Public
103098,0,Public
24159,1,Private
47899,1,Private
44855,0,Private
63630,1,Private
120727,0,Private
68522,1,Public
115845,1,Public
30210,0,Public
43594,1,Private
114030,1,Public
88565,0,Private
49070,1,Private
25977,0,Private
25376,0,Private
79442,1,Private
74624,0,Private
109795,1,Public
51513,1,Private
19345,0,Private
117636,0,Private
13809,0,Private
81892,1,Public
15664,1,Private
541,1,Private
120107,1,Private
73444,0,Private
109191,0,Private
44856,0,Private
115250,1,Private
41761,1,Private
49071,1,Public
53958,1,Public
27139,0,Private
66091,1,Private
109796,1,Public
83706,0,Public
46077,1,Public
30807,1,Public
75803,1,Private
63631,1,Private
19967,1,Private
112830,1,Private
30808,1,Private
5420,1,Private
11422,1,Private
42391,1,Private
57540,1,Private
11423,1,Private
30211,0,Public
35011,0,Private
115846,0,Private
45456,0,Private
55184,1,Private
83087,0,Public
75804,1,Private
80644,0,Public
107995,0,Public
45457,0,Private
34422,1,Private
82483,1,Private
88566,0,Private
37503,0,Public
47309,0,Public
63047,1,Private
23569,1,Private
90931,0,Private
69141,0,Public
118252,0,Public
86171,0,Private
97621,0,Private
24160,1,Public
32606,0,Private
38101,1,Public
90932,0,Private
64842,1,Public
52117,1,Private
61845,1,Public
103099,0,Private
71566,0,Private
92151,0,Private
88567,0,Private
69142,0,Private
17509,1,Public
55185,0,Private
42392,0,Private
6589,0,Private
56351,1,Private
81270,1,Private
63048,0,Public
117637,0,Private
41762,1,Public
60631,0,Private
64843,1,Private
20623,0,Private
15045,1,Private
32607,0,Private
10200,0,Public
109193,0,Private
72186,1,Public
47310,0,Public
1786,1,Private
109192,0,Private
50278,1,Private
107996,0,Private
2375,0,Private
36873,0,Public
118253,0,Private
83088,0,Private
32608,0,Private
30809,0,Private
16899,1,Public
80033,1,Public
118254,0,Public
71567,0,Private
73445,0,Private
11424,1,Private
91535,1,Private
28356,1,Private
104281,1,Private
119476,1,Private
24161,1,Public
100039,1,Public
120108,1,Private
112831,0,Private
53336,0,Private
97622,0,Private
18160,1,Private
13244,0,Private
16900,0,Private
13810,0,Public
55186,0,Private
33799,1,Public
29590,1,Public
104282,0,Private
49657,1,Private
9008,0,Private
56352,1,Private
83089,0,Private
19346,0,Public
103100,0,Public
120728,0,Private
81271,0,Private
16288,1,Private
117039,0,Private
5421,1,Private
101867,0,Private
7810,0,Public
111029,0,Private
2376,1,Private
38719,0,Public
105511,0,Private
12613,1,Public
13811,0,Private
27748,0,Private
70958,0,Private
23570,1,Private
53959,1,Private
13245,0,Private
83090,0,Private
98833,0,Public
24162,1,Private
25978,0,Private
78822,0,Public
51514,0,Private
49072,1,Public
92152,0,Private
98227,0,Private
63632,1,Private
47900,0,Private
46078,1,Private
21190,0,Public
2969,0,Public
115251,1,Private
92777,1,Private
6014,0,Private
43595,0,Private
43018,0,Private
109194,0,Private
67310,0,Public
12023,0,Private
51515,0,Private
2970,0,Public
101253,0,Private
32609,0,Private
117040,0,Private
120729,0,Private
81272,1,Private
27749,0,Private
90933,0,Private
65474,1,Public
13246,0,Private
87366,1,Public
115847,1,Private
4816,1,Private
59403,0,Public
56353,1,Private
84320,1,Private
76401,0,Private
98834,0,Public
94641,1,Private
17510,1,Private
45458,0,Private
91536,1,Private
47901,0,Private
101868,0,Public
32610,0,Private
56953,0,Private
45459,0,Private
79443,1,Private
49073,1,Public
50874,0,Public
79444,1,Private
37504,0,Private
81893,0,Private
71568,0,Private
80034,1,Private
108612,1,Public
70959,0,Private
72812,0,Private
44857,0,Private
57541,1,Public
39338,0,Public
17511,1,Private
20624,1,Public
69143,0,Public
47311,0,Public
3586,1,Public
30810,1,Public
96427,0,Public
68523,1,Public
49658,1,Private
67901,0,Private
542,1,Public
115848,0,Private
17512,1,Private
76997,1,Public
115252,0,Private
23000,0,Private
25377,0,Private
109797,1,Private
6590,0,Private
44228,0,Private
51516,0,Private
84321,1,Private
33800,1,Private
44858,0,Private
9009,0,Public
26546,0,Public
105512,0,Private
46694,0,Private
4817,1,Private
83091,0,Public
83707,0,Public
99450,0,Private
27750,0,Private
82484,1,Public
13812,0,Private
117041,0,Private
60632,0,Private
107362,1,Private
30811,1,Private
32611,0,Private
26547,0,Public
58146,1,Private
77631,0,Private
92778,1,Public
41140,1,Private
83092,0,Private
26548,0,Public
111030,0,Private
15046,1,Public
98228,0,Private
89725,1,Private
94014,0,Public
15665,1,Private
54574,1,Public
36874,0,Private
7208,0,Private
14456,0,Private
114627,1,Private
63049,1,Private
78823,0,Public
9589,0,Public
19347,0,Private
30812,1,Private
55187,0,Private
80645,1,Public
89726,0,Private
35012,0,Private
78824,0,Private
110437,0,Private
36235,0,Private
83093,0,Public
107363,1,Public
17513,1,Public
23001,0,Private
70376,1,Private
53960,0,Private
89139,1,Public
33801,1,Private
67311,0,Public
8391,0,Public
89140,1,Public
81273,1,Public
38102,1,Private
112234,0,Private
113425,1,Public
109798,1,Public
50875,0,Private
63633,1,Public
94642,1,Public
70960,1,Private
103101,0,Public
67902,0,Private
114628,1,Private
101869,1,Private
37505,0,Private
29591,1,Public
58147,0,Private
52706,1,Private
66675,0,Public
48485,1,Public
64248,0,Public
15047,1,Public
53337,0,Private
25979,0,Private
84939,0,Public
66676,0,Private
35013,0,Public
70961,0,Private
6591,0,Private
67312,0,Public
98229,0,Private
115253,1,Public
119477,0,Private
78825,0,Public
63634,1,Private
97623,1,Private
6015,1,Public
24756,0,Private
60633,0,Private
64844,1,Private
80035,1,Public
117042,0,Private
46695,0,Private
44859,0,Private
76998,1,Private
92779,1,Private
76402,0,Private
55779,0,Private
60634,0,Private
31439,1,Private
67903,0,Private
64249,0,Public
19968,1,Private
27751,0,Private
109799,1,Public
76403,0,Private
79445,0,Private
35014,0,Private
116463,1,Private
70962,0,Private
58779,1,Public
31440,1,Public
85550,0,Private
19348,0,Private
111633,0,Private
76404,0,Public
89727,0,Private
59404,0,Public
98230,0,Private
115254,1,Public
105513,1,Private
19969,1,Public
83094,0,Public
44860,1,Private
84940,0,Private
34423,1,Public
10833,0,Private
51517,1,Public
112235,0,Private
72187,0,Public
112832,0,Private
10834,0,Private
18760,0,Private
9010,0,Private
109195,0,Private
41763,1,Public
58780,1,Private
1170,0,Private
71569,1,Private
43019,1,Public
18161,1,Private
90286,1,Public
103102,0,Public
72813,0,Private
49074,1,Private
85551,0,Public
51518,1,Private
9011,0,Public
114629,1,Private
39932,0,Private
113426,1,Public
1171,1,Private
74020,1,Public
98835,0,Private
35616,0,Public
64845,1,Private
19349,0,Private
31441,0,Private
37506,0,Private
45460,0,Private
6016,1,Private
23002,0,Private
24757,0,Private
47902,0,Private
13813,1,Public
44861,0,Private
100040,1,Private
6017,1,Private
19970,1,Public
80036,0,Public
58781,1,Private
47312,1,Public
9012,1,Private
97027,1,Private
19971,1,Private
44862,0,Private
54575,1,Public
12024,1,Public
109800,1,Private
15666,1,Private
29592,1,Private
15048,1,Public
53961,1,Public
51519,1,Private
55188,0,Private
100041,0,Private
55780,0,Private
53962,1,Public
46079,0,Private
68524,1,Public
16901,1,Public
97028,1,Public
121345,0,Public
8392,1,Private
28357,1,Private
94015,1,Private
66092,0,Private
6018,1,Private
111634,0,Private
1172,0,Private
44229,1,Private
75805,1,Public
45461,1,Private
66093,1,Public
61846,1,Private
35015,1,Private
43596,1,Private
80646,1,Public
34424,0,Private
82485,1,Private
36236,0,Private
49075,1,Public
80037,1,Private
61847,0,Private
13814,0,Public
36875,1,Private
81274,1,Private
99451,0,Public
41764,1,Private
103103,0,Public
5422,0,Private
87955,1,Private
101254,0,Private
28358,1,Private
8393,1,Public
79446,1,Private
46080,0,Private
70377,0,Private
75806,1,Public
119478,1,Private
15049,1,Private
75202,1,Private
21191,1,Private
31442,0,Private
70378,1,Private
27140,1,Public
115849,0,Private
38103,0,Public
26549,1,Private
56954,0,Private
38104,1,Private
18162,0,Private
10835,0,Private
21779,1,Private
14457,1,Public
101870,0,Private
52118,1,Private
11425,0,Private
27141,1,Public
86767,1,Private
108613,1,Private
70379,0,Public
78249,1,Private
9013,1,Public
89141,1,Public
117043,0,Private
92153,0,Private
82486,0,Private
112833,0,Private
26550,1,Public
118870,1,Private
87367,1,Private
101255,0,Private
70963,0,Private
101256,0,Private
40533,0,Private
35016,1,Public
3587,1,Public
97624,0,Private
92154,0,Private
43020,0,Private
115255,0,Private
52707,1,Public
39933,0,Private
82487,1,Private
115256,1,Private
43021,0,Private
50279,1,Private
92780,1,Private
48486,0,Private
98836,1,Private
17514,1,Private
99452,1,Public
38105,1,Public
1173,0,Private
97029,1,Public
11426,0,Private
64250,1,Private
9590,1,Public
31443,0,Private
107364,0,Private
81275,1,Private
79447,1,Private
44863,0,Public
36237,1,Private
14458,0,Public
5423,0,Private
84941,1,Private
39934,0,Private
98837,0,Private
115257,0,Private
112834,0,Private
114031,0,Private
71570,0,Private
30212,1,Public
65475,1,Public
34425,1,Private
72814,1,Public
18762,1,Private
18761,1,Public
20625,0,Private
49076,0,Public
117044,0,Private
61848,0,Private
79448,0,Private
13815,1,Private
58149,0,Private
58148,1,Private
81894,1,Public
98231,1,Private
110438,1,Public
70964,0,Private
49659,1,Private
66677,0,Public
6019,0,Private
95242,0,Private
111635,1,Private
68525,1,Public
26551,1,Public
94016,0,Public
101871,0,Private
64251,1,Public
79449,1,Private
57542,1,Private
43597,0,Private
58150,1,Private
47903,0,Private
90287,1,Private
75203,1,Private
51520,1,Private
1787,1,Private
42393,0,Private
99453,1,Public
4171,1,Public
71571,0,Private
14459,1,Private
82488,1,Public
27752,0,Private
12025,0,Private
63050,1,Private
38106,1,Public
98838,1,Private
45462,0,Private
95243,0,Private
49077,1,Public
90288,1,Private
50280,1,Private
49078,1,Public
106737,1,Public
112835,0,Private
116464,0,Public
106738,1,Public
39935,0,Private
58151,0,Private
99454,1,Private
118871,0,Private
96428,1,Public
79450,1,Public
24758,0,Private
47313,1,Public
48487,1,Public
1788,1,Private
114032,0,Private
19350,0,Private
92155,1,Public
52708,1,Public
111031,0,Private
95244,0,Private
76999,1,Public
106136,1,Public
118255,1,Public
12026,1,Public
95845,1,Public
91537,1,Public
95846,1,Private
86172,1,Private
28359,1,Public
33217,1,Private
4172,1,Public
2971,1,Public
35017,1,Public
69759,1,Public
67904,1,Private
107365,1,Private
117045,1,Private
47904,1,Private
75807,1,Private
45463,1,Private
117638,1,Public
111636,1,Public
94643,1,Public
74625,1,Private
95245,0,Private
107366,1,Public
92781,1,Public
79451,1,Public
34426,1,Private
112836,0,Private
17515,1,Public
100042,0,Private
90289,0,Private
30813,1,Private
97030,1,Public
84322,1,Private
119479,1,Private
70380,0,Private
27753,0,Private
24163,0,Public
121346,1,Public
113427,1,Public
63051,1,Public
107367,1,Private
15667,0,Private
45464,1,Private
39339,1,Private
55189,1,Private
110439,1,Public
99455,1,Private
115258,1,Private
85552,1,Public
35018,1,Public
116465,0,Private
25980,0,Private
117046,0,Private
118256,1,Public
94017,0,Private
67905,0,Private
103694,1,Public
94018,1,Private
80038,1,Public
58152,1,Private
112837,1,Public
4818,1,Private
25981,0,Public
47905,0,Public
92782,1,Private
109196,0,Private
19972,1,Public
114033,1,Private
81276,0,Private
28967,1,Public
105514,1,Private
68526,0,Private
66094,1,Public
46081,0,Private
72188,1,Public
51521,0,Private
119480,1,Private
12614,1,Private
62437,1,Public
32612,0,Private
39340,1,Public
17516,1,Public
58783,0,Public
38720,1,Private
27142,1,Public
81895,1,Public
58782,1,Private
9591,0,Private
95246,0,Private
4173,1,Private
79452,1,Private
110440,1,Private
31444,0,Private
50281,1,Public
77632,0,Private
119481,0,Private
36238,1,Private
43022,1,Public
28360,0,Public
30213,1,Private
35019,0,Public
33218,0,Private
118257,1,Private
91538,1,Private
543,1,Public
76405,1,Private
100635,1,Public
92783,1,Private
16902,1,Private
25982,0,Private
98839,1,Public
114034,0,Private
33802,1,Private
89728,0,Private
99456,1,Private
64252,1,Public
79453,0,Private
41765,1,Public
70381,0,Private
28968,1,Private
79454,1,Private
23571,0,Private
25378,1,Public
56955,1,Private
26552,1,Public
81896,1,Public
84942,1,Public
32613,1,Private
67313,0,Private
67314,0,Private
19973,0,Private
92156,0,Private
39936,0,Private
69760,1,Public
118872,0,Private
84943,1,Public
75808,1,Private
40534,0,Public
58784,0,Private
106137,1,Public
1789,1,Public
43598,0,Private
24759,0,Private
63635,1,Private
41766,1,Public
46082,1,Private
53338,1,Private
104895,1,Public
87956,1,Private
19974,0,Private
35617,1,Public
50876,0,Private
83708,1,Public
21780,1,Public
64846,1,Private
106739,1,Private
89729,1,Private
58785,1,Public
23572,1,Public
59405,1,Private
103695,1,Public
69761,1,Public
46696,0,Public
36239,1,Private
32614,1,Private
8394,1,Public
10836,0,Private
28969,0,Public
116466,1,Private
50877,0,Private
75809,1,Private
16289,1,Private
49079,1,Private
94644,1,Public
68527,1,Public
109801,1,Public
32028,1,Public
13247,0,Private
66095,1,Private
28970,1,Public
41767,1,Private
96429,1,Public
23003,1,Public
121347,1,Public
52119,1,Public
77000,1,Private
28971,1,Public
100043,1,Public
118258,1,Public
6020,1,Public
52709,1,Public
104896,1,Public
77633,1,Private
27754,0,Private
101872,1,Private
49080,1,Private
25379,1,Public
68528,1,Private
28361,1,Private
61241,0,Private
83709,0,Private
24760,1,Public
102482,1,Public
94645,1,Private
6592,0,Private
49081,1,Public
64253,1,Private
89142,1,Public
95247,1,Private
78250,1,Private
84944,1,Public
91539,1,Public
75204,1,Public
84945,1,Public
29593,1,Private
27143,1,Public
101257,1,Private
99457,0,Public
92784,1,Private
43023,1,Public
24761,1,Public
50878,1,Public
37507,1,Public
97031,1,Public
7209,1,Public
16290,1,Public
81277,1,Private
92157,0,Public
87368,1,Private
46083,1,Public
16903,1,Public
39937,1,Private
56956,1,Private
112838,1,Private
114035,1,Private
60635,1,Public
98232,1,Private
49660,0,Public
98840,1,Private
31445,1,Private
28972,1,Public
56957,1,Private
80040,1,Public
80039,1,Public
7811,1,Private
21192,1,Public
46084,1,Private
101873,0,Private
8395,1,Private
18163,1,Private
72189,1,Private
109802,1,Public
40535,1,Public
70382,1,Private
70965,0,Private
118873,0,Private
38107,1,Public
25983,0,Private
82489,1,Public
9014,1,Public
90290,1,Private
98841,1,Public
46085,1,Private
97032,1,Private
87957,1,Private
45465,0,Private
75205,1,Private
100044,1,Private
7210,1,Public
58153,0,Private
41141,0,Private
44864,0,Private
66678,0,Private
12027,1,Private
90934,0,Private
55190,0,Private
71572,1,Private
120109,1,Private
70966,1,Private
70967,0,Private
112236,1,Public
64847,1,Private
48488,0,Private
61242,1,Private
74022,1,Private
43024,0,Private
49661,1,Public
113428,1,Private
96430,0,Private
114630,0,Private
76406,0,Private
74021,1,Private
64848,0,Private
100636,1,Public
7211,1,Public
16904,1,Private
58786,0,Private
66679,1,Private
2377,0,Private
61849,0,Private
84946,1,Private
7212,1,Public
61850,0,Private
49082,1,Public
66680,1,Public
544,1,Public
94646,1,Public
92158,0,Private
39341,1,Public
52120,0,Public
69144,1,Private
16291,1,Private
118259,1,Private
84947,1,Private
56354,1,Private
97625,0,Private
107368,1,Private
90291,1,Private
47906,0,Private
61851,0,Private
58787,1,Private
86768,1,Private
55781,0,Private
70383,1,Private
32029,1,Private
69762,1,Public
14460,0,Private
33219,1,Private
87369,1,Private
32030,0,Public
118874,1,Private
58154,0,Private
6021,0,Private
70968,0,Private
98842,1,Public
33220,0,Private
97626,0,Private
22389,1,Private
89730,1,Private
61852,0,Private
2972,1,Public
58155,1,Private
49662,1,Private
37508,1,Public
18763,1,Private
103696,1,Public
26553,1,Private
69145,0,Private
17517,1,Public
23004,1,Private
8396,1,Private
109197,1,Private
114036,0,Private
92159,0,Private
106740,1,Public
104283,1,Private
99458,1,Private
74023,0,Private
12615,1,Private
117047,0,Private
6593,1,Private
22390,1,Private
113429,1,Private
65476,1,Private
117048,1,Private
29594,1,Public
89143,1,Private
96431,1,Private
104284,1,Private
55782,0,Private
12028,1,Private
52710,1,Public
63636,1,Private
111032,0,Private
24762,0,Private
54576,1,Public
12029,1,Private
70969,0,Private
17518,0,Private
78251,0,Private
13816,1,Public
63637,1,Public
67906,1,Private
95249,0,Private
95248,0,Private
73446,0,Private
59406,1,Public
93403,1,Public
102483,1,Public
70970,0,Private
545,1,Private
106138,1,Private
78826,0,Private
48489,1,Public
79455,1,Public
68529,1,Public
120730,1,Private
60636,0,Private
7812,1,Public
60637,1,Private
38108,1,Private
38721,0,Private
33221,1,Private
49663,1,Private
96432,1,Private
19975,1,Private
101874,1,Private
87370,1,Private
100045,1,Public
44230,1,Private
17519,1,Public
77634,1,Private
22391,1,Public
118260,1,Public
33222,1,Private
93404,0,Private
1174,0,Private
45466,1,Private
98843,1,Public
53963,1,Private
58788,1,Private
95250,0,Private
108614,1,Public
86173,1,Private
104897,0,Private
38722,0,Private
120731,0,Private
118261,1,Public
102484,1,Public
103104,1,Public
67907,0,Private
59407,1,Public
59408,0,Private
14461,1,Public
81897,1,Public
25984,0,Private
19976,1,Private
120110,1,Public
39342,1,Public
79456,1,Public
80647,1,Public
39938,1,Private
110441,1,Public
6022,1,Private
84323,1,Public
106139,1,Public
87958,1,Public
109198,1,Private
6594,0,Private
4174,0,Public
88568,1,Private
95251,0,Private
118875,0,Private
42394,0,Private
86174,1,Private
48490,1,Private
50879,0,Private
90292,1,Public
66096,1,Public
112839,0,Private
43025,1,Public
100637,1,Private
47907,0,Private
104898,1,Private
28362,1,Private
109199,0,Private
81898,1,Public
18164,1,Private
81899,0,Public
20626,1,Private
75810,1,Public
64849,1,Private
54577,1,Private
98844,0,Public
45467,1,Private
52711,1,Private
40536,1,Public
109803,1,Public
61853,1,Public
79457,1,Private
103697,1,Private
101258,0,Private
69763,1,Private
3588,1,Public
27144,1,Public
14462,1,Public
46697,1,Private
73447,0,Private
47908,0,Private
2378,1,Public
52121,0,Private
15050,1,Public
117639,1,Public
74626,0,Private
39939,0,Private
79458,1,Public
40537,1,Public
80648,1,Public
49664,1,Public
58156,0,Private
75206,1,Private
113430,0,Public
98845,1,Public
17520,1,Public
54578,1,Private
66097,1,Public
83710,1,Public
38109,1,Public
61854,1,Public
37509,1,Public
74024,1,Private
57543,1,Public
15051,1,Private
117049,0,Private
25985,0,Private
64850,1,Public
61243,0,Private
19977,1,Public
29595,1,Public
67315,1,Public
73448,1,Private
104899,1,Public
6023,1,Private
98233,0,Private
25380,0,Private
60015,1,Private
25381,1,Private
60638,0,Private
88569,0,Private
109804,1,Public
2973,1,Private
24763,0,Private
16292,1,Public
71573,1,Private
35618,1,Public
95847,1,Public
62438,1,Private
78252,0,Private
8397,1,Public
27755,1,Private
80649,1,Private
44231,0,Private
1790,1,Public
63638,1,Private
37510,1,Private
103698,1,Private
41142,0,Public
120732,0,Private
105515,1,Public
47314,1,Public
60639,0,Private
75207,1,Public
46086,1,Public
546,1,Public
30214,1,Private
38723,0,Public
87371,0,Public
117050,1,Private
40538,1,Public
3589,1,Public
84948,0,Private
13248,0,Private
114037,1,Public
10837,0,Private
103105,1,Public
51522,1,Public
32031,0,Public
1791,1,Public
47315,1,Public
58157,0,Private
83095,1,Public
110442,1,Private
74627,0,Private
41143,0,Private
35619,1,Public
19351,1,Private
30814,1,Public
24164,1,Public
58158,0,Private
99459,1,Public
56355,1,Public
80650,1,Private
61244,0,Private
46087,1,Public
8398,1,Private
50282,1,Public
47316,1,Public
6595,1,Private
28973,0,Private
104285,1,Public
93405,1,Private
9015,1,Public
5424,1,Private
547,1,Public
68530,1,Public
70971,1,Private
72815,0,Private
21193,1,Private
102485,1,Public
80651,1,Private
101875,0,Private
30215,1,Public
100046,1,Private
71574,0,Private
75811,1,Private
51523,1,Public
52122,1,Private
111637,1,Public
2974,1,Public
75812,1,Private
37511,1,Private
103699,1,Public
33223,1,Private
49665,1,Private
6596,1,Private
83711,1,Private
34427,1,Public
68531,1,Public
86769,0,Private
70972,0,Private
55783,0,Private
36876,1,Public
112237,1,Public
4175,1,Public
74628,1,Private
87372,1,Public
98846,1,Public
115259,1,Public
80041,1,Public
83096,0,Public
84949,1,Private
15668,1,Public
76407,1,Private
25382,1,Private
74025,0,Private
53339,0,Private
114038,1,Public
20627,1,Public
5425,1,Public
103700,1,Private
70973,1,Private
80042,1,Public
36877,0,Public
2975,1,Public
63639,1,Public
84324,1,Private
78827,1,Public
114039,1,Public
105516,0,Private
26554,0,Public
49083,1,Public
6597,0,Private
103701,1,Private
113431,1,Public
117640,1,Private
81278,1,Public
61245,0,Private
87373,1,Public
56356,1,Public
3590,1,Public
65477,1,Public
91540,1,Public
63640,1,Private
13817,1,Private
39343,1,Public
117051,1,Public
15052,1,Public
118876,1,Private
9592,1,Private
16293,1,Public
52712,1,Public
35020,1,Public
19352,1,Public
68532,1,Public
64851,1,Public
94019,1,Private
12030,1,Public
17521,1,Public
45468,1,Private
78828,1,Public
102486,0,Private
120733,1,Public
48491,1,Public
57544,1,Private
97033,1,Public
53340,1,Public
18165,1,Private
120111,1,Private
92160,1,Private
104286,0,Private
118262,1,Public
36240,0,Public
94647,0,Public
78829,1,Private
37512,0,Private
70384,1,Private
74629,0,Public
49084,1,Public
44232,0,Private
84325,1,Private
105517,1,Private
30216,0,Public
100638,1,Private
17522,0,Public
94020,1,Public
15669,1,Private
36878,1,Private
106741,1,Public
54579,1,Private
61855,0,Private
24165,0,Private
56958,0,Public
78830,1,Private
43599,0,Private
20628,0,Public
81900,1,Public
75813,0,Private
103703,1,Public
45469,1,Private
49085,1,Public
81279,1,Private
103702,1,Public
87959,1,Private
116467,1,Public
92161,1,Private
70974,0,Private
56357,1,Private
112239,1,Public
112238,1,Private
52713,1,Public
109805,1,Private
73449,0,Private
84326,1,Private
85553,1,Public
87374,1,Public
5426,1,Private
100047,1,Private
2976,1,Public
24166,1,Private
89144,1,Private
45470,1,Private
52714,1,Private
117641,1,Public
15053,1,Private
107369,0,Private
83097,1,Public
78253,1,Private
113432,1,Private
4176,1,Public
37513,1,Public
58159,0,Private
19353,1,Public
34428,1,Private
87375,1,Private
23005,0,Private
59409,1,Private
12031,1,Private
91541,1,Private
74026,0,Private
2379,0,Private
84950,1,Public
81901,1,Public
76408,1,Private
67908,0,Public
116468,1,Private
70975,0,Private
105518,0,Private
77001,1,Private
49086,1,Public
66681,1,Private
1792,1,Public
55191,1,Private
13818,1,Public
73450,1,Private
33803,0,Private
548,1,Public
14463,1,Public
24764,1,Private
100048,0,Private
109806,1,Public
55192,1,Private
66098,1,Public
78254,0,Public
38724,1,Private
84951,1,Public
115260,0,Private
106140,1,Public
36241,1,Private
46698,0,Private
6024,1,Private
26555,1,Public
21781,1,Private
103106,1,Public
85554,1,Public
12616,1,Private
106742,1,Public
70976,0,Private
32615,1,Private
44865,0,Private
73451,1,Private
12617,1,Private
67316,1,Public
97627,0,Private
3591,1,Private
10201,1,Private
7813,1,Public
53964,1,Public
111033,0,Public
6025,1,Private
107370,1,Private
92162,1,Private
30217,1,Public
94021,0,Private
10202,1,Public
53341,1,Private
30815,1,Public
81902,1,Public
105519,1,Private
106141,1,Private
30218,1,Public
6026,0,Private
103704,0,Private
114631,0,Private
21194,1,Public
39940,1,Private
36879,1,Public
89731,0,Private
116469,1,Private
6598,0,Private
10839,0,Private
72816,1,Private
6027,1,Private
30816,1,Private
46699,1,Private
117052,0,Private
64254,0,Private
61246,1,Private
98847,0,Private
70385,1,Private
10838,1,Private
41144,1,Private
52123,1,Public
101259,0,Private
50880,0,Private
84327,1,Private
20629,1,Private
94022,1,Private
47317,1,Private
69146,1,Public
106142,1,Public
42395,1,Private
1175,1,Private
4177,1,Private
27756,1,Private
41768,1,Private
118877,1,Private
112840,1,Private
35021,1,Public
92785,1,Private
99460,1,Public
58160,1,Private
99461,1,Public
94648,1,Private
66682,0,Private
111034,0,Private
14464,0,Public
4819,1,Private
32616,1,Private
22392,0,Private
120734,1,Private
107997,0,Private
13819,1,Public
26556,1,Private
106743,1,Private
8399,1,Public
71575,0,Private
94649,1,Public
69147,1,Private
101260,0,Private
49666,1,Private
58161,0,Private
67317,0,Private
31446,1,Private
72817,0,Private
55784,0,Private
118878,0,Private
58162,0,Private
106744,0,Private
44233,1,Private
52715,1,Private
79459,1,Public
1793,0,Private
32032,1,Public
90293,1,Public
23006,1,Public
27145,0,Private
27757,1,Private
66099,1,Public
86175,0,Private
24167,0,Private
106745,1,Private
46088,1,Private
62439,0,Private
12618,1,Public
28363,1,Public
38110,1,Private
104287,1,Public
60016,1,Private
22393,1,Public
36880,1,Private
99462,1,Private
116470,1,Private
76409,1,Public
115850,1,Public
112841,1,Private
77002,1,Public
29596,1,Public
35022,1,Private
30817,1,Private
1176,1,Private
104900,1,Private
106746,1,Private
104288,1,Public
112842,1,Private
28364,0,Private
22394,1,Private
118879,0,Private
109200,1,Private
80043,1,Public
66100,0,Private
76410,0,Private
59410,1,Private
46700,1,Private
66683,1,Private
101261,0,Private
81903,1,Private
81280,1,Private
18764,1,Public
118263,1,Public
19978,0,Private
77003,1,Public
111035,1,Private
39344,1,Public
46701,0,Private
13249,1,Private
39345,1,Public
23573,1,Public
95252,1,Private
12032,1,Private
35023,1,Private
102487,1,Public
27146,1,Public
108615,1,Public
80652,1,Private
23574,1,Private
81904,1,Public
29597,1,Public
6028,1,Public
51524,0,Private
48492,1,Private
75208,1,Public
78831,1,Private
85555,1,Public
118880,1,Public
19979,1,Private
66101,1,Private
35620,1,Private
29598,1,Public
112843,1,Public
73452,0,Private
79460,1,Private
36881,1,Private
56358,1,Public
12619,1,Private
89145,1,Private
66684,1,Private
7213,1,Private
27147,1,Public
59411,0,Private
115851,1,Public
9016,1,Public
94023,1,Public
41769,1,Public
71576,1,Public
18166,1,Public
9593,1,Private
70386,1,Private
97628,0,Private
33224,1,Public
30818,1,Private
26557,1,Public
17523,1,Public
110443,1,Public
84328,1,Private
53342,1,Private
81905,1,Public
28974,0,Public
62440,1,Public
84329,1,Public
72818,0,Private
120112,1,Public
43026,1,Private
97629,0,Public
26558,0,Private
61247,1,Private
57545,1,Private
11427,1,Private
114040,1,Public
54580,1,Public
43600,1,Private
24765,1,Private
30219,1,Private
48493,1,Public
74630,0,Private
97034,1,Private
81906,1,Public
98848,0,Private
8400,1,Public
33804,1,Public
63641,1,Public
66685,1,Public
66686,1,Private
66687,1,Private
66102,1,Private
91542,1,Private
15670,1,Public
59412,1,Private
6029,1,Public
23575,1,Private
120735,1,Private
100639,1,Private
95848,1,Public
9017,1,Public
43027,1,Private
26559,1,Public
16905,1,Public
51525,0,Public
109807,1,Private
69764,1,Public
120113,0,Private
76411,0,Private
23007,1,Public
59413,1,Public
49667,1,Public
30819,0,Private
31447,1,Private
104901,1,Private
35024,1,Private
12620,1,Private
25986,1,Private
19980,1,Private
35621,1,Private
95849,1,Private
112240,1,Private
95253,1,Private
69765,1,Public
51526,1,Private
42397,1,Private
42396,1,Private
15671,0,Private
100640,1,Private
86176,0,Private
29599,1,Private
101262,0,Private
58163,1,Private
6599,1,Private
116471,1,Public
89146,1,Private
89147,1,Public
74027,1,Private
36882,1,Public
86770,0,Private
72819,0,Private
36242,1,Private
61856,1,Private
107371,0,Private
21195,1,Public
9594,1,Private
53965,1,Private
72190,1,Private
9595,1,Private
118264,1,Private
9018,1,Private
6600,0,Private
63052,1,Public
77635,1,Private
101876,1,Private
77636,1,Public
54581,1,Public
81281,1,Private
92163,0,Private
91543,1,Private
19981,1,Private
9596,1,Private
56359,1,Private
12033,1,Public
35025,1,Private
1794,1,Public
25383,1,Public
48494,1,Public
100049,1,Public
2977,1,Public
40539,1,Private
35622,0,Private
24168,1,Private
47318,1,Public
6030,1,Public
24169,0,Private
115852,1,Public
79461,1,Private
53343,0,Private
117642,1,Public
65478,1,Public
82490,1,Private
70977,1,Private
63642,0,Private
72191,1,Private
43601,0,Private
110444,0,Public
35623,1,Public
7214,1,Public
76412,0,Private
86177,0,Private
111638,1,Private
52124,0,Public
115853,1,Public
56959,0,Private
81282,1,Public
34429,1,Public
48495,1,Public
7814,1,Private
20630,1,Private
117643,1,Public
94024,1,Public
81907,1,Private
43028,1,Public
33805,1,Public
39941,1,Private
84330,1,Private
109201,0,Private
72192,1,Public
25384,0,Public
4178,1,Private
38725,0,Private
28365,1,Private
89732,1,Private
16294,1,Private
32617,0,Private
109202,1,Private
41145,0,Private
44866,0,Private
67909,0,Private
63643,1,Private
5427,1,Private
23576,1,Private
84952,1,Public
28366,1,Private
57546,1,Private
98849,1,Private
72820,1,Public
58789,0,Private
52125,0,Private
92786,0,Private
6031,0,Private
84331,0,Public
46702,1,Private
28367,0,Private
87960,1,Private
42398,1,Private
104902,1,Public
75209,1,Public
61857,1,Private
20631,1,Private
54582,1,Public
36883,1,Public
39942,1,Public
45471,0,Private
95254,1,Private
69766,1,Public
48496,1,Private
92787,1,Private
6601,1,Private
114632,1,Private
76413,1,Private
108616,0,Private
95850,1,Private
9019,1,Public
22395,1,Public
18765,0,Public
76414,1,Private
83713,1,Public
83712,1,Public
51527,0,Private
28368,0,Private
38726,1,Private
41146,0,Private
49668,1,Private
111036,1,Private
86178,1,Private
94025,1,Private
549,1,Private
84332,0,Private
18766,1,Private
120736,1,Public
86771,1,Private
60017,1,Public
23008,0,Private
38727,1,Private
53344,0,Public
67910,0,Public
98234,0,Private
16906,1,Private
30220,1,Public
86772,1,Private
8401,1,Public
70978,0,Private
52126,0,Public
5428,0,Private
86773,1,Public
42399,0,Private
61248,0,Public
114633,1,Public
7215,1,Public
18767,1,Public
116472,1,Public
107998,0,Private
6032,1,Private
81908,1,Public
65479,1,Public
32618,0,Private
72821,0,Private
46089,1,Private
32619,0,Public
29600,1,Public
76415,0,Public
71577,0,Public
46090,1,Private
20632,0,Private
21782,1,Private
65480,0,Public
9597,1,Private
101877,0,Private
32033,1,Private
95851,1,Public
43602,0,Public
87376,0,Public
117644,1,Private
66103,1,Public
83098,1,Private
37514,1,Public
76416,0,Private
53345,0,Private
97035,1,Public
27148,1,Public
105520,1,Public
86179,0,Private
10203,1,Private
30221,1,Private
69767,1,Public
35026,1,Public
32034,1,Private
44867,0,Private
85556,1,Public
36243,0,Public
87377,1,Public
51528,1,Public
95255,0,Public
53966,0,Public
22396,1,Private
21783,1,Public
55193,0,Public
32035,1,Private
60018,1,Private
58790,1,Public
110445,1,Public
36884,1,Private
69148,0,Public
33225,1,Private
102488,0,Private
79462,1,Public
61858,1,Public
23577,1,Private
40540,1,Private
29601,0,Public
86180,1,Public
38111,1,Public
18768,1,Public
78255,0,Private
43603,0,Private
24766,0,Private
70387,1,Private
119482,1,Private
46091,0,Private
120737,0,Public
49669,1,Private
11428,0,Private
83099,1,Private
44234,0,Public
103107,1,Private
9598,1,Private
22397,1,Public
47319,1,Private
18167,1,Private
47909,0,Private
10840,0,Private
59414,1,Private
97036,1,Public
110446,1,Public
98850,1,Public
48497,1,Public
43029,1,Private
98851,1,Public
14465,1,Public
68533,1,Public
111639,1,Private
28975,1,Private
117053,0,Private
46703,0,Private
106747,0,Private
8402,0,Private
13820,1,Public
55785,0,Private
107372,1,Public
43604,0,Public
36244,0,Public
49087,1,Public
14466,1,Private
50283,0,Private
79463,1,Public
44868,0,Public
100050,1,Public
40541,1,Public
53967,1,Public
70388,1,Public
38728,0,Public
69149,0,Public
61859,1,Private
85557,0,Public
85558,1,Public
27149,0,Public
34430,1,Public
10841,0,Public
33806,1,Public
84953,1,Public
47320,1,Private
49670,1,Public
33807,1,Private
18769,1,Private
106143,1,Private
55194,0,Public
8403,1,Private
63645,1,Public
61249,0,Public
9020,1,Public
28976,0,Public
41770,0,Public
63644,1,Private
111640,1,Public
14467,1,Public
63646,1,Public
15054,1,Public
97037,1,Public
89148,0,Private
24767,0,Private
95256,0,Public
21196,1,Public
58164,0,Public
13250,0,Private
30820,1,Private
78256,0,Private
86181,1,Public
77637,1,Public
9599,1,Public
62441,0,Public
92788,1,Private
68534,1,Public
41147,1,Private
33808,1,Private
69150,1,Public
18770,1,Public
47321,1,Private
95852,1,Public
93406,1,Public
104903,1,Private
83714,1,Private
112241,1,Public
90294,1,Private
46092,1,Private
69151,1,Public
29602,1,Public
80044,0,Private
87378,1,Private
101878,0,Public
36885,1,Public
114634,0,Private
79464,1,Private
55786,0,Public
48498,1,Private
103705,1,Public
38112,1,Public
45472,0,Public
81909,1,Public
54583,1,Public
77638,1,Private
70979,0,Public
16295,1,Private
55787,0,Private
14468,0,Private
21197,1,Public
8404,1,Public
15055,0,Private
37515,0,Private
109203,0,Public
54584,1,Private
40542,1,Private
11429,0,Public
19354,1,Public
36886,1,Public
113433,1,Private
100641,1,Private
95257,0,Public
47322,0,Public
80653,0,Private
100051,1,Public
64255,1,Public
28977,1,Public
61860,1,Private
99463,1,Private
39346,1,Public
7216,1,Private
27150,1,Private
65481,1,Public
32036,1,Public
117054,0,Public
92164,0,Private
42400,0,Public
57547,1,Private
94026,1,Private
53346,0,Private
59415,1,Private
85559,1,Public
91544,1,Public
90295,1,Private
61250,0,Private
111037,0,Private
20633,1,Private
36887,1,Public
5429,1,Private
4179,0,Private
45473,0,Private
110447,1,Public
66688,1,Private
73453,0,Public
92165,0,Public
84333,1,Public
25385,0,Private
85560,0,Public
115854,1,Public
9600,1,Public
104289,1,Private
27151,1,Private
121348,1,Private
14469,1,Public
96433,1,Private
60640,0,Private
9601,1,Public
43030,1,Private
13251,0,Private
32037,1,Private
64256,1,Public
96434,0,Public
83715,1,Private
41771,1,Private
17524,1,Public
31448,1,Public
101879,0,Public
120114,1,Public
30222,1,Public
62442,0,Private
31449,1,Public
7815,1,Public
33809,0,Private
90935,0,Private
86182,1,Private
78832,1,Private
29603,1,Public
76417,0,Public
15672,1,Private
47323,1,Private
26560,0,Private
25987,0,Private
57548,1,Private
113434,1,Public
6602,0,Private
27758,0,Private
81910,1,Public
27759,0,Private
83100,1,Public
79465,1,Private
101880,0,Public
78833,1,Public
94650,1,Private
64257,1,Public
7816,1,Private
1795,1,Private
84334,1,Public
38729,0,Private
93407,1,Private
89149,1,Public
18168,1,Public
82491,1,Public
43605,0,Private
93408,1,Public
56360,1,Private
47910,0,Private
87961,1,Private
1796,1,Private
26561,1,Public
26562,1,Public
37516,1,Public
103706,1,Public
75210,0,Public
90296,0,Public
100052,1,Private
9602,1,Private
74028,1,Private
12621,1,Private
100053,0,Private
55788,0,Public
57549,1,Public
64258,1,Public
41772,1,Public
75211,1,Public
81911,1,Private
101263,0,Public
84335,1,Public
101881,0,Private
38113,1,Public
13252,0,Public
14470,1,Private
107373,1,Private
89150,1,Private
109204,0,Public
81283,0,Private
12034,1,Private
114635,1,Private
23009,1,Private
9021,1,Public
61251,0,Public
103707,1,Private
1177,0,Public
2978,1,Public
49088,1,Private
104904,1,Private
48499,1,Private
67318,1,Private
101882,0,Private
21198,1,Private
80654,1,Public
66104,1,Private
111038,0,Private
42401,0,Public
117645,0,Public
51529,1,Private
52716,1,Public
9603,1,Private
19355,1,Public
80655,1,Public
41773,1,Public
66689,1,Public
74029,1,Public
44235,0,Public
78257,0,Public
81284,1,Public
12622,1,Public
71578,0,Public
6033,1,Public
117055,0,Public
53968,1,Private
114041,1,Public
89151,1,Public
113435,1,Public
23010,1,Public
23578,1,Private
64852,1,Public
22398,1,Public
19982,0,Public
1178,0,Private
107374,1,Private
67911,0,Private
64259,1,Private
79466,1,Private
95258,0,Private
96435,0,Private
113436,1,Private
64260,1,Public
12035,1,Public
23579,0,Private
25386,1,Public
550,1,Public
16296,1,Private
120115,0,Public
1179,0,Public
53969,1,Private
58165,0,Private
23580,1,Public
13253,0,Private
78258,0,Public
104905,1,Private
18169,1,Private
88570,0,Private
85561,1,Public
15056,1,Private
76418,0,Private
50881,0,Public
36245,0,Private
89152,1,Private
23011,1,Private
35027,1,Public
28369,1,Public
54585,1,Public
38114,1,Private
107375,1,Private
46704,0,Public
112242,1,Private
16907,1,Private
81912,0,Public
19983,1,Private
57550,1,Private
48500,1,Private
97630,0,Public
32620,0,Private
47324,1,Private
50284,1,Public
22399,1,Private
115261,1,Private
32621,0,Private
25387,0,Private
72193,1,Private
90936,0,Private
54586,0,Public
82492,1,Public
55789,0,Private
106144,1,Private
68535,1,Public
1180,0,Private
104290,1,Public
112243,0,Public
39347,1,Public
2979,1,Public
68536,1,Public
63053,1,Public
35624,1,Private
115855,1,Private
39348,0,Public
25988,0,Private
27152,1,Public
116473,1,Private
110448,1,Public
60641,0,Public
38115,1,Public
9604,1,Public
12623,1,Public
112244,1,Public
39943,0,Private
15057,1,Private
106748,1,Public
111641,1,Private
90297,1,Public
119483,1,Public
69768,0,Private
103108,1,Public
39349,1,Public
33810,1,Public
1181,0,Public
50882,0,Private
78834,1,Public
46705,0,Public
7817,1,Public
28978,0,Public
95259,0,Private
92166,0,Public
69769,1,Private
19356,1,Private
60019,1,Private
25989,0,Private
71579,0,Public
25990,0,Private
16297,1,Public
33811,1,Private
121349,1,Public
8405,1,Public
95260,0,Private
94027,1,Public
83101,1,Public
23012,1,Private
27760,0,Private
77004,1,Private
95261,0,Private
105521,1,Public
108617,1,Public
67319,1,Public
90937,0,Public
60020,1,Public
56960,0,Private
92167,0,Public
3592,1,Public
78835,1,Private
28979,0,Public
90938,0,Public
70980,0,Public
46093,1,Private
67912,0,Private
61861,1,Private
67320,1,Public
55195,0,Public
89733,1,Public
105522,1,Public
45474,0,Public
37517,1,Private
46706,0,Private
29604,1,Public
120738,0,Private
25991,0,Private
41774,1,Public
3593,0,Public
96436,1,Public
56961,0,Private
33226,1,Public
25388,1,Private
106145,1,Private
36246,0,Public
33227,1,Private
84954,1,Private
6603,0,Private
47911,0,Private
96437,1,Public
64261,1,Public
21199,1,Public
43606,0,Private
55196,0,Public
56361,1,Public
47912,0,Private
59416,1,Public
9605,1,Private
67913,0,Public
60021,1,Public
7217,1,Public
107376,1,Public
33812,1,Public
49089,1,Public
28980,1,Public
55197,0,Public
43607,0,Private
9606,1,Public
105523,1,Public
53347,0,Private
115262,1,Private
28370,1,Public
42402,0,Private
37518,1,Private
30821,0,Private
32622,0,Public
3594,1,Public
70389,1,Public
115856,1,Public
23581,1,Public
77639,0,Private
96438,1,Public
47913,0,Private
45475,0,Public
15673,1,Private
89734,1,Public
8406,1,Public
86183,1,Public
47914,0,Public
21784,1,Private
108618,1,Public
16908,1,Private
98852,1,Private
32038,1,Public
104906,0,Public
67914,0,Private
108619,1,Private
50285,1,Private
57551,1,Public
23013,1,Public
84336,1,Public
29605,1,Private
1797,1,Public
80656,1,Private
75212,1,Public
64853,1,Public
78259,0,Public
94651,1,Public
63647,1,Private
55790,0,Public
81285,1,Private
107377,1,Public
53348,0,Public
6604,0,Private
83102,1,Public
118881,0,Public
80045,1,Public
30822,1,Public
39944,0,Public
70390,1,Private
25389,1,Private
100642,1,Private
108620,1,Public
43031,1,Public
19357,1,Public
39350,1,Public
36247,0,Public
64262,1,Private
33228,1,Private
86184,1,Public
55791,0,Private
64263,1,Public
74030,1,Private
45476,0,Private
19358,0,Public
111642,1,Public
51530,1,Public
84337,1,Private
74031,1,Private
64264,1,Public
26563,1,Private
114042,1,Private
74032,1,Public
111039,0,Private
23014,1,Public
24170,0,Public
33229,1,Private
114636,1,Private
47325,1,Public
48501,1,Private
74033,1,Public
49671,1,Public
21200,1,Private
92789,1,Private
28981,0,Private
107378,0,Private
110449,1,Public
47915,0,Public
68537,1,Private
38730,0,Private
36248,0,Public
92168,0,Private
26564,1,Public
107999,0,Public
24171,0,Public
57552,0,Private
551,0,Public
27153,1,Public
105524,1,Private
44236,0,Public
109205,0,Private
44869,0,Private
2380,1,Public
16909,1,Public
106749,1,Public
96439,1,Public
28371,1,Private
21785,1,Private
11430,0,Private
60022,1,Public
101264,0,Private
80657,1,Public
77005,1,Public
39945,0,Public
10842,0,Private
28982,1,Public
30823,1,Public
115263,1,Public
50883,0,Public
33813,1,Public
45477,0,Public
82493,1,Public
3595,1,Public
18771,0,Private
96440,1,Public
60642,0,Public
60643,0,Private
103109,1,Public
9607,0,Private
17525,0,Private
104291,1,Public
94652,1,Private
41775,1,Public
25390,1,Private
74034,1,Public
98853,0,Public
101883,0,Public
117646,1,Public
107379,1,Public
108621,1,Public
74035,1,Private
108000,0,Public
105525,1,Public
4180,0,Public
94028,1,Public
53970,1,Public
7218,1,Public
120116,1,Private
114637,1,Public
50286,1,Private
92169,0,Public
61252,0,Public
19359,1,Private
52717,1,Private
39351,1,Private
50287,1,Public
12624,1,Public
117647,1,Private
21786,1,Public
85562,0,Public
78836,1,Public
64265,1,Public
10843,0,Private
87962,1,Private
49672,1,Public
57553,1,Private
81286,1,Public
18772,1,Public
10204,1,Public
30223,1,Public
58791,1,Public
39946,0,Public
116474,1,Public
104292,1,Private
16910,1,Private
118265,1,Public
95262,0,Public
74631,0,Private
65482,0,Private
3596,1,Private
94029,1,Public
87379,1,Private
111040,0,Public
42403,0,Public
50288,1,Private
103708,1,Public
48502,0,Private
100054,1,Private
10844,0,Public
109206,0,Private
79467,1,Public
99464,1,Private
30824,1,Public
44870,0,Public
51531,1,Private
39352,0,Private
19984,1,Public
2381,1,Private
34431,1,Private
2382,1,Public
67321,0,Private
21787,1,Private
67915,0,Private
82494,1,Public
60023,1,Public
35625,1,Public
50289,1,Public
2980,1,Public
79468,1,Public
19985,1,Private
76419,0,Private
60024,0,Public
78260,0,Public
18773,1,Private
43608,0,Private
60025,1,Public
58792,1,Private
64266,1,Public
117056,0,Private
66105,1,Public
37519,1,Public
103110,1,Public
101265,0,Private
49673,1,Public
69152,1,Public
106146,1,Public
53971,1,Private
97631,0,Private
66690,1,Private
58793,1,Public
30224,1,Public
86185,1,Private
76420,0,Public
81913,1,Public
118882,0,Public
75213,0,Private
70981,0,Public
24172,1,Public
41148,1,Public
67322,1,Private
41149,1,Public
110450,1,Public
117057,0,Private
115857,1,Public
101884,0,Public
36249,0,Private
106750,1,Public
98235,0,Public
89735,1,Private
17526,1,Public
112844,0,Private
109207,0,Public
19986,1,Public
103111,1,Public
32623,0,Public
115264,1,Public
60644,0,Private
94653,1,Public
91545,1,Public
10205,1,Private
56362,0,Private
98236,0,Private
104907,1,Public
32624,0,Private
106751,1,Public
60026,0,Private
13821,0,Public
90298,1,Public
58794,0,Private
83716,1,Public
44871,0,Private
94030,1,Public
11431,0,Private
90299,1,Public
115858,1,Private
9608,0,Private
90300,0,Public
78261,0,Private
63054,1,Private
104293,1,Private
1798,1,Private
84955,1,Private
13254,0,Private
30225,0,Private
552,1,Public
103709,0,Public
74632,0,Private
5430,1,Public
88571,0,Private
18774,1,Public
84956,1,Private
7219,1,Private
38116,1,Public
44237,0,Private
118883,0,Private
50290,1,Public
111643,1,Public
109808,1,Public
59417,1,Private
25992,0,Private
99465,1,Public
69770,1,Private
52127,0,Public
69153,1,Public
89736,1,Public
93409,1,Private
5431,1,Public
15058,1,Public
42404,0,Public
41150,1,Private
28372,1,Public
113437,0,Private
1799,0,Private
87963,1,Private
93410,1,Public
92790,1,Public
105526,1,Public
41151,1,Public
58795,0,Public
104908,1,Public
42405,0,Private
84957,0,Public
58796,1,Private
106752,1,Public
90301,0,Private
35028,1,Public
553,1,Public
60027,1,Public
35029,1,Private
12625,1,Private
32625,0,Public
29606,1,Public
49090,1,Public
83103,1,Public
100055,1,Public
70982,0,Private
38731,0,Public
21201,1,Public
41776,0,Private
112245,1,Private
63055,1,Private
49091,1,Public
100056,1,Public
9022,1,Private
66691,1,Private
75814,1,Private
39947,0,Public
8407,1,Private
65483,1,Public
94654,0,Public
52718,0,Public
108001,0,Public
80658,1,Private
8408,1,Public
91546,1,Private
109208,0,Private
103112,1,Private
5432,1,Public
7220,1,Private
38117,1,Private
40543,1,Public
73454,0,Private
26565,1,Public
49092,1,Private
14471,1,Private
31450,1,Public
74633,0,Private
45478,0,Public
34432,1,Public
16911,1,Public
96441,1,Public
1182,0,Public
62443,1,Private
61862,1,Private
107380,1,Public
48503,1,Public
58166,0,Private
6605,0,Public
7818,1,Public
19360,1,Public
43609,0,Private
62444,1,Public
71580,0,Public
55792,0,Public
16912,1,Public
28373,1,Public
109209,0,Private
90302,1,Public
67916,0,Private
106147,0,Private
117648,1,Private
94031,1,Public
114638,1,Public
69154,1,Private
16298,1,Public
55793,0,Private
111644,1,Public
6035,0,Private
6034,1,Public
89153,1,Private
31451,1,Public
36888,1,Private
36250,0,Public
51532,0,Public
56363,1,Private
30825,1,Public
52128,0,Public
51533,1,Private
27154,1,Public
35030,1,Public
75214,1,Public
58797,1,Public
90939,0,Private
5433,1,Public
70983,0,Public
86774,1,Public
22400,1,Public
2383,1,Private
83717,1,Private
74634,0,Private
47326,1,Private
24173,1,Private
120739,0,Private
38732,0,Private
8409,1,Public
81914,1,Public
83104,1,Public
21202,1,Private
74635,0,Private
77640,1,Private
116475,1,Private
51534,1,Private
10206,1,Public
108622,1,Private
104909,1,Public
50291,1,Public
74636,0,Public
101266,0,Private
46707,0,Private
25391,1,Public
11432,0,Public
60645,0,Public
94655,1,Public
43610,0,Public
22401,1,Private
1800,1,Public
43611,0,Private
101886,0,Private
101885,0,Public
11433,0,Private
75215,1,Public
11434,0,Public
32626,0,Public
4820,1,Private
5434,1,Public
11435,0,Public
10845,0,Private
2981,0,Public
38733,0,Public
118266,1,Private
15059,1,Private
108623,1,Public
91547,1,Private
20634,1,Public
37520,1,Public
115859,1,Public
32039,1,Public
108002,0,Private
17527,1,Public
111041,0,Public
11436,0,Private
27155,0,Private
75815,1,Public
22402,1,Public
56364,1,Public
98237,0,Public
66106,1,Public
44238,0,Private
65484,1,Public
113438,1,Private
25993,0,Public
63648,1,Private
85563,1,Private
30826,1,Public
17528,1,Public
74637,0,Private
55794,0,Private
23582,1,Public
71582,0,Public
17529,1,Public
36889,1,Private
55198,0,Public
58798,1,Public
71581,0,Public
44239,0,Public
10846,0,Private
53349,0,Public
13255,0,Private
90303,1,Private
23583,1,Public
106148,1,Public
89154,1,Private
43032,1,Private
83105,1,Public
50884,0,Public
39353,1,Public
49674,1,Public
90304,1,Private
36251,0,Private
119484,1,Public
74036,1,Public
109809,1,Private
10847,0,Public
113439,1,Public
9609,1,Private
4181,1,Public
45479,0,Private
56365,1,Private
87380,1,Private
73455,0,Private
94032,1,Private
100643,1,Public
19987,0,Private
84338,1,Public
65485,1,Public
2384,1,Private
67917,0,Public
61253,0,Private
109210,0,Public
92791,1,Public
2982,1,Public
57554,1,Private
80659,0,Public
69155,0,Public
81287,1,Private
56366,1,Public
27761,0,Public
9023,1,Public
15674,1,Private
19988,1,Private
112846,0,Public
112845,0,Public
77006,1,Public
35626,0,Public
108003,0,Public
554,1,Private
30226,1,Public
111042,0,Private
45480,0,Public
90305,1,Public
110451,1,Public
108004,0,Private
11437,0,Public
50885,0,Private
118267,1,Public
81288,1,Public
90940,0,Public
78262,0,Public
7819,1,Public
27156,1,Public
95853,1,Private
78837,1,Public
18170,1,Public
4821,1,Public
9024,1,Private
118884,0,Private
65486,1,Private
34433,1,Public
66107,1,Public
24768,0,Public
58799,0,Private
52719,1,Private
29607,0,Private
103113,0,Private
35031,1,Public
9025,1,Private
64267,1,Public
65487,1,Public
555,1,Public
43612,0,Public
95263,0,Public
32627,0,Private
117058,0,Public
36890,1,Private
110452,1,Public
28983,1,Public
120740,0,Private
49675,1,Private
96442,1,Private
70984,0,Private
25392,1,Private
101887,0,Private
46708,0,Public
12626,1,Public
58167,0,Private
18171,1,Public
117059,0,Public
94656,1,Public
18775,1,Public
69156,1,Public
103710,1,Public
100057,0,Private
25393,1,Public
64854,1,Private
33230,1,Public
18776,1,Public
5435,1,Public
67323,1,Public
38734,0,Private
25394,1,Private
52720,1,Private
102489,1,Public
31452,1,Public
24769,0,Private
30827,1,Public
9026,0,Private
14472,1,Private
93411,1,Public
73456,0,Public
104910,1,Private
6036,1,Public
77641,1,Public
75216,1,Public
63056,1,Public
10848,0,Private
44240,0,Public
3597,1,Public
77007,1,Private
78838,1,Public
104294,1,Public
30227,1,Private
19989,1,Public
99466,1,Public
25395,1,Public
45481,0,Private
8410,1,Public
25994,0,Private
55199,0,Private
12627,1,Public
8411,0,Public
54587,1,Public
75816,1,Public
1183,0,Private
33814,1,Public
25396,1,Private
102490,1,Public
13256,0,Private
38118,1,Private
80046,1,Private
55200,0,Private
74037,1,Public
109810,0,Public
19990,1,Public
12036,1,Public
120117,1,Public
75217,1,Public
6037,1,Public
113440,1,Public
75817,1,Public
33815,1,Public
59418,0,Private
56367,1,Public
90306,1,Private
78839,1,Public
62445,0,Private
112246,1,Private
33231,1,Private
109811,1,Public
71583,0,Private
81289,1,Private
71584,0,Public
58800,1,Private
44241,0,Private
46709,0,Public
22403,1,Private
85564,1,Public
121350,1,Private
38735,0,Public
16299,1,Public
104296,1,Public
104295,1,Private
64268,1,Public
3598,1,Public
68538,1,Public
19361,1,Private
56962,0,Private
63057,1,Private
66692,1,Public
90941,0,Public
115860,1,Public
77642,1,Private
55795,0,Private
50292,0,Public
44872,0,Private
118885,0,Private
64269,1,Private
13822,0,Public
34434,1,Private
7221,0,Private
81915,1,Public
80047,0,Public
35627,1,Private
108624,1,Public
41152,1,Public
24174,1,Public
12628,1,Public
86186,1,Public
21788,1,Public
49676,1,Public
7222,1,Private
99467,1,Public
68539,1,Private
117649,1,Private
61863,1,Public
88572,0,Private
106149,1,Private
100644,1,Public
118886,0,Private
50886,0,Private
84339,1,Public
117650,1,Public
30828,1,Public
86187,1,Private
2385,1,Private
29608,1,Public
73457,0,Public
56963,0,Public
117060,0,Public
120741,0,Public
45482,0,Private
24770,0,Private
65488,1,Public
39948,0,Private
27157,0,Public
104911,1,Private
39354,0,Private
1801,1,Public
16913,1,Private
91548,1,Public
70985,0,Private
62446,1,Public
48504,1,Private
47327,1,Public
58801,1,Private
86188,1,Private
33816,1,Public
79469,0,Private
33232,1,Public
2386,1,Private
40544,1,Public
74038,1,Private
30829,1,Private
39355,1,Public
50293,1,Private
120118,1,Private
27158,1,Public
44873,0,Private
67324,1,Public
97038,1,Public
49093,1,Public
45483,0,Public
17530,1,Private
108005,0,Private
121351,1,Private
47328,1,Private
85565,1,Public
66108,1,Public
21789,0,Private
12037,1,Public
50887,0,Public
101267,0,Public
15675,1,Public
80048,1,Public
64855,1,Public
118887,0,Private
90942,0,Public
56964,0,Private
67325,1,Public
90307,1,Public
90308,1,Public
60028,1,Private
26566,1,Private
118888,0,Private
109211,0,Private
53972,1,Public
72194,1,Public
2983,1,Private
34435,1,Public
76421,0,Private
19362,1,Public
9610,0,Private
16300,1,Public
90309,1,Public
105527,1,Public
30228,1,Private
11438,0,Private
15060,1,Private
5436,1,Public
92792,1,Public
36252,0,Private
95264,0,Private
121352,1,Private
116476,1,Public
39949,0,Private
69157,1,Private
35628,1,Private
88573,0,Private
46710,0,Public
39356,1,Public
119485,1,Private
77008,1,Public
65489,1,Public
46711,0,Public
1184,0,Private
66693,1,Public
67326,1,Public
30229,0,Private
31453,1,Private
8412,1,Private
120119,1,Public
77009,1,Public
97632,0,Private
24175,1,Public
98854,1,Public
121353,1,Private
75218,1,Private
109812,1,Private
39950,0,Public
28984,1,Public
1185,0,Public
20635,1,Public
67918,0,Private
24771,0,Private
6038,1,Public
70986,0,Private
51535,1,Public
25397,0,Public
109212,0,Private
33817,0,Public
106753,1,Public
37521,1,Public
15061,1,Public
90310,1,Private
19991,1,Public
115861,1,Private
55201,0,Private
32040,1,Public
14473,1,Public
58802,1,Public
104912,1,Public
102491,1,Public
64270,1,Public
77643,0,Private
41777,1,Private
56965,0,Private
13257,0,Public
38736,0,Public
30230,1,Private
6606,0,Private
119486,1,Public
95854,1,Public
22404,1,Public
86189,0,Private
31454,1,Public
10207,1,Public
110453,1,Private
21790,0,Private
15062,1,Public
18777,1,Public
71585,0,Private
90311,0,Public
81916,1,Public
8413,1,Private
52129,1,Public
24176,1,Public
21791,1,Public
92170,0,Public
16914,0,Private
67919,0,Private
65490,1,Private
39357,1,Private
110454,0,Public
62447,1,Public
117061,0,Public
86775,1,Public
4822,0,Public
77644,1,Public
55202,0,Private
55796,0,Public
108625,0,Public
69771,0,Public
53350,0,Private
93412,0,Public
4182,1,Private
51536,0,Private
20636,0,Public
89155,1,Public
103711,1,Private
80049,1,Public
1186,0,Public
2387,0,Public
72195,1,Private
27762,0,Public
5437,0,Private
7223,1,Public
71586,0,Public
39358,0,Private
53351,0,Public
34436,0,Private
55797,0,Public
78263,0,Public
11439,0,Private
28374,0,Private
74638,0,Public
21203,1,Public
96443,0,Public
104913,1,Public
54588,1,Public
38737,0,Public
17531,1,Public
108626,0,Public
64856,0,Public
46094,0,Private
100058,0,Private
76422,0,Private
83718,1,Private
115265,0,Public
33233,0,Private
15063,0,Public
35032,1,Private
6607,0,Private
61254,0,Private
72196,1,Public
111645,1,Private
105528,0,Public
25995,0,Private
101268,0,Public
61864,0,Private
16915,1,Private
60029,1,Private
13258,0,Private
6608,0,Public
39951,0,Private
121354,1,Public
46712,0,Public
44874,0,Private
105529,0,Private
58803,0,Public
119487,0,Private
99468,1,Public
49677,1,Public
32628,0,Public
106754,1,Public
100645,1,Private
58804,0,Public
102492,1,Public
118889,0,Public
107381,0,Public
117062,0,Private
6039,0,Public
99469,0,Public
47329,1,Public
98238,0,Public
91549,0,Public
10208,1,Public
3599,1,Private
36253,0,Private
25398,1,Public
115862,0,Public
43033,0,Private
89156,1,Public
22405,1,Public
556,1,Public
79470,0,Private
62448,1,Public
1187,0,Private
1802,1,Private
2388,0,Private
47916,0,Public
115863,0,Private
89737,0,Public
32629,0,Private
72822,0,Public
112247,1,Public
6040,0,Private
4823,0,Private
557,1,Public
55203,0,Private
3600,1,Public
45484,0,Public
91550,0,Public
36891,1,Public
66110,0,Public
113441,1,Private
100646,1,Private
60646,0,Private
66109,0,Private
77010,1,Private
121355,1,Public
42406,0,Public
40545,1,Public
70987,0,Private
28375,0,Private
66694,1,Private
110455,1,Public
93413,0,Public
61865,0,Private
38119,1,Public
86776,0,Public
9027,1,Public
111646,1,Private
7820,0,Public
12038,1,Private
90312,0,Private
117651,1,Public
72823,0,Public
13823,1,Private
18778,0,Public
118890,0,Public
88574,0,Public
40546,1,Private
113442,1,Public
18172,0,Public
66695,1,Private
15064,0,Private
15676,0,Private
19363,1,Public
44242,0,Private
60030,1,Public
69158,1,Public
7821,1,Public
95855,0,Public
78840,1,Private
60647,0,Public
58805,0,Private
106150,1,Private
43034,0,Private
24177,1,Private
112248,1,Public
60648,0,Public
113443,1,Private
10849,0,Private
35033,1,Public
80660,1,Public
117652,1,Private
39952,0,Private
6609,0,Private
80050,1,Public
61255,0,Public
41778,0,Private
36254,0,Public
30830,0,Private
14474,1,Private
85566,1,Private
77645,1,Public
78841,1,Public
104914,1,Public
81290,0,Private
90313,0,Private
21204,1,Public
99470,1,Public
21792,1,Public
75818,1,Public
12039,1,Public
30831,0,Private
69772,1,Public
61866,0,Public
116477,1,Public
93414,0,Public
27763,0,Private
85567,1,Private
9611,1,Public
99471,1,Public
89157,1,Public
109813,1,Private
48505,0,Private
103712,1,Private
15065,0,Private
67327,1,Private
77011,1,Private
117063,0,Private
17532,1,Public
44243,0,Private
45485,0,Public
78264,0,Private
53973,1,Public
1188,0,Public
76423,0,Public
57555,1,Private
52130,1,Public
55204,0,Private
26567,1,Public
43035,0,Private
77646,1,Public
50294,1,Public
36255,0,Public
69773,1,Private
24772,0,Private
92171,0,Public
25399,1,Public
44875,0,Private
15677,0,Private
89158,1,Public
116478,1,Public
112847,0,Private
119488,0,Public
107382,0,Private
32630,0,Private
36256,0,Public
75819,1,Public
90314,0,Public
89738,0,Private
74639,0,Private
74039,0,Private
52721,1,Private
88575,0,Private
42407,0,Public
33234,0,Public
59419,1,Public
80661,1,Public
78265,0,Public
83106,0,Public
89159,1,Public
74040,0,Private
27159,0,Private
91551,0,Private
13824,1,Public
49094,0,Private
35629,1,Public
78266,0,Private
3601,1,Public
83107,1,Private
49095,1,Private
73458,0,Private
6610,0,Public
78267,0,Private
90943,0,Private
84958,1,Private
56368,0,Private
4183,1,Public
95856,0,Public
1803,0,Public
55205,0,Private
20637,0,Public
41779,1,Public
61256,0,Private
75820,1,Private
69774,1,Public
8414,0,Private
67920,0,Public
112848,0,Private
4824,0,Private
40547,1,Public
36257,0,Public
7822,1,Public
43613,0,Public
55798,0,Public
38121,1,Public
118891,0,Private
38120,1,Private
89739,0,Private
70988,0,Private
54589,1,Public
6611,0,Public
100647,1,Public
44244,0,Private
7224,1,Public
90315,0,Private
21793,1,Private
25996,0,Public
119489,0,Private
16301,0,Public
75821,1,Public
44245,0,Private
23015,0,Private
21794,1,Public
73459,0,Private
46713,0,Private
28985,1,Public
65491,1,Public
105530,0,Private
54590,1,Public
87964,0,Public
39953,0,Private
53974,1,Public
105531,0,Public
67921,0,Public
36892,1,Public
38738,0,Private
20638,0,Private
5438,0,Private
104915,1,Public
6041,0,Public
18779,0,Private
7225,1,Public
91552,0,Public
86777,1,Private
65492,0,Public
66111,1,Public
27160,1,Private
56966,0,Public
41780,1,Private
107383,0,Public
50295,1,Public
62449,1,Public
118268,1,Private
92172,0,Public
71587,0,Private
70391,0,Private
99472,1,Public
55799,0,Public
112249,0,Public
43614,0,Public
71588,0,Public
85568,1,Private
77012,1,Public
107384,0,Private
117653,1,Private
44246,0,Private
12629,0,Private
81291,0,Public
105532,0,Private
77013,1,Private
65493,1,Private
74041,0,Private
24773,0,Public
39359,1,Private
17533,1,Public
79471,0,Public
16916,1,Private
75822,1,Public
119490,0,Public
82495,0,Private
46095,0,Public
100059,0,Public
49096,0,Public
37522,1,Public
74640,0,Public
50888,0,Private
76424,0,Public
9028,1,Public
121356,1,Public
70392,0,Public
111647,1,Public
121357,1,Public
15066,0,Private
4825,0,Private
104916,1,Public
35630,1,Public
52722,1,Private
63649,0,Public
115266,0,Private
94657,1,Private
79472,0,Private
77014,1,Private
41153,0,Private
18780,0,Private
118892,0,Public
85569,1,Private
50889,0,Private
91553,0,Private
72197,1,Public
65494,1,Public
35631,1,Public
68540,1,Public
60649,0,Private
105533,0,Private
27161,1,Public
33235,0,Private
101888,0,Public
83108,1,Private
97039,1,Public
7823,1,Public
61867,0,Private
89740,0,Private
93415,0,Private
7226,1,Private
118269,1,Public
48506,0,Public
68541,0,Public
57556,1,Public
73460,0,Private
12630,0,Private
46714,0,Public
121358,1,Private
75219,1,Private
78842,1,Public
106151,1,Public
92173,0,Private
39954,0,Public
32041,1,Private
60650,0,Public
24774,0,Private
31455,0,Public
49678,0,Private
112250,1,Private
26568,0,Public
78268,0,Private
82496,1,Public
50890,0,Public
81917,0,Public
44247,0,Public
112251,1,Private
81918,1,Public
83719,1,Private
9612,1,Public
78843,1,Public
67328,1,Public
116479,1,Private
120742,0,Private
74641,0,Public
558,1,Public
39955,0,Private
21205,1,Public
108006,0,Public
1189,0,Private
39360,1,Public
74642,0,Private
73461,0,Private
100648,1,Private
95857,0,Public
83720,1,Public
81292,0,Private
55206,0,Private
7227,1,Private
36258,0,Private
60031,1,Public
26569,1,Public
41154,0,Public
109213,0,Public
78844,1,Public
75823,1,Public
76425,0,Private
19992,1,Public
65495,1,Private
53352,0,Private
98239,0,Public
21795,1,Public
97040,1,Public
120743,0,Public
25400,1,Public
559,1,Public
15067,0,Public
100060,0,Private
77647,1,Private
60032,1,Public
41155,0,Public
68542,1,Private
28986,0,Private
50296,1,Private
36260,0,Private
64271,1,Private
36259,0,Public
7824,1,Public
90316,0,Public
41156,0,Private
21796,0,Public
112252,1,Public
14476,1,Public
14475,0,Private
107385,0,Private
46096,0,Private
97633,0,Public
44876,0,Public
79473,0,Private
76426,0,Private
64857,0,Private
34437,0,Public
12040,1,Public
67329,1,Public
15068,0,Public
7825,1,Public
108627,0,Private
2984,1,Public
101269,0,Private
39956,0,Private
118270,1,Public
86778,1,Public
79474,0,Public
27764,0,Private
15679,0,Private
94033,1,Public
60652,0,Public
41781,1,Public
60651,0,Private
15678,0,Private
111648,0,Public
67922,0,Private
4184,1,Public
58168,0,Private
39361,1,Public
70393,0,Public
25997,0,Private
63650,0,Public
115864,0,Public
118271,1,Public
30832,0,Private
100649,1,Public
72824,0,Public
6042,0,Private
25998,0,Private
30833,0,Public
106755,1,Public
40548,1,Public
98855,1,Private
64272,1,Public
18781,1,Public
49679,1,Public
112253,1,Private
109814,1,Public
12041,1,Public
36261,0,Public
63058,1,Private
2389,0,Private
116480,1,Public
49097,1,Private
6612,0,Private
24178,1,Public
9613,1,Public
107386,0,Public
82497,1,Public
70394,0,Public
118272,1,Public
70989,0,Private
16917,1,Public
44877,0,Private
106756,1,Public
40549,1,Public
85570,0,Public
119491,0,Private
32042,1,Public
38739,0,Public
23584,0,Public
105534,0,Private
69775,0,Public
41782,1,Public
21206,1,Private
41157,0,Public
118273,1,Public
72198,1,Private
9029,1,Public
9030,1,Private
15069,0,Public
44878,0,Private
71589,0,Public
2390,0,Private
77015,1,Public
108628,0,Public
66696,1,Public
26570,1,Public
92174,0,Private
120120,0,Public
111043,0,Private
76427,0,Private
47330,1,Private
66112,1,Public
108629,0,Public
35034,1,Public
9031,1,Public
84959,1,Public
74643,0,Private
109815,0,Private
86190,1,Private
18782,1,Public
30834,0,Public
112849,0,Public
41158,0,Private
82498,1,Private
47331,1,Public
118893,0,Private
91554,0,Public
90944,0,Private
1190,0,Private
6043,0,Private
106152,1,Public
106757,1,Private
16302,0,Private
76428,0,Public
20639,0,Private
58806,0,Private
112850,0,Public
34438,0,Public
10209,1,Public
115267,0,Private
35632,1,Private
24179,1,Private
120744,0,Private
43615,0,Private
93416,0,Public
67923,0,Public
39957,0,Public
27765,0,Private
15070,0,Public
52723,1,Private
112851,0,Private
116481,1,Public
90317,0,Public
23016,0,Private
17534,1,Private
101270,0,Private
9614,0,Public
86191,1,Public
15071,0,Private
36262,0,Public
111044,0,Private
80051,1,Public
23585,0,Public
86192,1,Public
30231,1,Public
62450,1,Public
2985,1,Public
42408,0,Private
38740,0,Public
88576,0,Private
97041,1,Public
13825,0,Private
23586,0,Private
80662,1,Private
78845,0,Private
19364,1,Public
74644,0,Public
31456,0,Private
85571,1,Private
114639,0,Public
76429,0,Private
98240,0,Public
11440,0,Public
18173,0,Public
25999,0,Private
92793,0,Private
27162,1,Public
74042,0,Public
39362,1,Private
10210,1,Private
22406,0,Public
30232,1,Public
35633,1,Public
50891,0,Public
47917,0,Private
4185,0,Public
78846,1,Private
109214,0,Public
101889,0,Private
30835,0,Private
47333,1,Public
47332,1,Public
28987,1,Public
97634,0,Public
9032,1,Public
54591,1,Private
50892,0,Private
95265,0,Private
89741,0,Private
72199,1,Public
30836,1,Public
78847,1,Private
62451,1,Public
100650,1,Public
36893,0,Private
79475,1,Public
109215,0,Public
111045,0,Private
99473,1,Private
104297,1,Private
71590,0,Private
74043,1,Public
53353,0,Private
28376,1,Public
18783,1,Private
33236,1,Public
66697,1,Public
43036,1,Public
109816,1,Public
39958,0,Private
48507,1,Private
26571,1,Public
72200,0,Public
63059,1,Public
80663,1,Public
69159,1,Private
103114,0,Public
45486,0,Private
108630,1,Private
92794,1,Public
60653,0,Public
78269,0,Public
3602,1,Public
18784,1,Public
118274,1,Public
61868,1,Public
9033,1,Public
60033,1,Private
18174,1,Private
106758,1,Public
109817,1,Public
102493,1,Public
115865,1,Public
82499,1,Private
79476,1,Public
75824,0,Public
68543,1,Private
15680,1,Public
26000,0,Public
112254,1,Public
74645,0,Private
56967,0,Public
12631,1,Private
120745,0,Private
47918,0,Private
82500,0,Private
52724,1,Public
109818,1,Private
112255,1,Public
7826,1,Public
81293,1,Private
112256,1,Private
40550,1,Public
35634,1,Public
30233,1,Public
24180,1,Public
121359,1,Private
61869,1,Private
111046,0,Public
11441,0,Private
4826,1,Public
4827,1,Private
45487,0,Private
44879,0,Public
89160,1,Private
97042,1,Private
10211,1,Private
64858,0,Private
10212,1,Public
100061,1,Public
47919,0,Private
45488,0,Public
104298,1,Public
28377,1,Public
118275,1,Public
66113,1,Public
17535,0,Private
91555,1,Private
102494,0,Public
121360,1,Private
109819,1,Private
10213,1,Public
5439,1,Private
26001,0,Private
121361,1,Public
107387,1,Public
80664,1,Public
21797,1,Public
25401,1,Public
118276,0,Private
83109,1,Private
9615,1,Public
13259,0,Private
106759,0,Private
37523,1,Public
61870,0,Public
119492,1,Private
31457,1,Private
32043,0,Private
13826,0,Public
107388,1,Public
2391,1,Private
56968,0,Public
114640,1,Private
111649,1,Public
77648,1,Public
13827,1,Public
105535,1,Private
51537,1,Public
33818,1,Private
93417,1,Private
49098,1,Private
73462,0,Private
110456,0,Private
95266,0,Private
35035,1,Private
80052,1,Private
121362,1,Public
13828,1,Public
85572,1,Public
53975,1,Public
2986,1,Public
81294,1,Private
95267,0,Public
102495,1,Public
96444,1,Private
21798,1,Public
26002,0,Public
81919,0,Public
61871,1,Public
55207,0,Private
82501,1,Public
39363,0,Private
5440,1,Public
7228,1,Public
50297,1,Public
68544,1,Private
77649,1,Private
50298,1,Private
65496,1,Private
89742,1,Private
80665,1,Public
90318,1,Private
118894,0,Public
118895,0,Private
9034,1,Public
58169,0,Private
26572,1,Private
66114,1,Public
41783,1,Private
89743,1,Public
84960,1,Public
72825,0,Private
89161,1,Public
111047,0,Public
111650,1,Public
78270,0,Public
96445,1,Private
115866,1,Private
89162,1,Private
5441,0,Private
60654,0,Public
119493,1,Public
28988,1,Public
108007,0,Private
49680,0,Public
76430,0,Public
83110,0,Private
112257,0,Public
82502,1,Private
108631,1,Public
14477,1,Public
78848,1,Private
38741,0,Public
63651,1,Public
32631,0,Public
2392,1,Public
74646,0,Private
22407,1,Private
87381,1,Public
16303,1,Public
39364,1,Private
64859,1,Public
48508,1,Private
19365,0,Public
5442,1,Public
18175,1,Public
1191,0,Private
93418,1,Private
2987,1,Private
19993,0,Public
114043,1,Public
112852,0,Public
111651,1,Public
24181,1,Private
7827,1,Public
58170,0,Private
43037,1,Public
56969,0,Private
97043,1,Private
114641,1,Private
105536,1,Public
12632,1,Public
2988,1,Public
28989,1,Private
46097,1,Private
79477,1,Public
5443,1,Private
16918,1,Private
77016,1,Public
110457,1,Public
81920,1,Public
62452,1,Private
1804,1,Public
28378,1,Public
22408,1,Public
97635,1,Public
55208,0,Public
7229,1,Private
44880,1,Public
106760,1,Public
50299,1,Private
84961,1,Public
84962,1,Public
61872,1,Public
84340,0,Private
90319,1,Public
61257,1,Private
6044,1,Private
52725,1,Private
90320,1,Public
9035,1,Public
60034,1,Private
61258,1,Public
93419,1,Private
63652,0,Private
49099,0,Public
46098,1,Private
83721,1,Private
90945,1,Private
22409,1,Public
6613,1,Public
4186,1,Private
98856,1,Public
96446,1,Public
112258,1,Private
58807,1,Private
68545,1,Public
67924,1,Public
39959,1,Public
13260,0,Private
44248,1,Private
14478,0,Private
24182,1,Private
92175,1,Private
18176,1,Private
120121,1,Public
72201,1,Public
98241,1,Public
69160,1,Public
80666,1,Public
78271,1,Private
46715,1,Public
52131,1,Public
120746,1,Private
112853,0,Private
33819,1,Private
72826,0,Private
108008,0,Private
29609,1,Private
30837,1,Private
86779,1,Public
77650,1,Public
97636,0,Private
33237,1,Public
58171,1,Private
43616,1,Private
63653,1,Private
3603,1,Private
50893,0,Private
86193,1,Public
56970,0,Private
109216,0,Private
41159,1,Public
36263,0,Private
18785,1,Public
40551,1,Private
100062,0,Private
16919,1,Public
84963,1,Public
97044,0,Public
64860,1,Public
30234,1,Private
43038,1,Public
21207,1,Public
69161,1,Private
117654,1,Public
86780,1,Public
48509,1,Private
58808,0,Public
4187,1,Public
4828,1,Private
90321,1,Private
46716,1,Public
90322,1,Private
103115,1,Public
16920,1,Public
26573,0,Public
97637,1,Public
109820,1,Public
84964,1,Public
5444,0,Public
89744,1,Private
12633,1,Private
72202,1,Public
67330,0,Public
98242,1,Public
44249,1,Private
71591,1,Public
81295,1,Private
34439,0,Private
64861,0,Private
95858,1,Private
53976,1,Public
120122,0,Private
9036,1,Private
107389,0,Private
60035,1,Public
65497,1,Private
111048,1,Private
117655,1,Private
43039,1,Private
41160,0,Private
77651,1,Private
26574,1,Public
38122,0,Public
52726,1,Private
57557,1,Private
7828,1,Public
29610,1,Private
36894,1,Public
11442,1,Private
67925,1,Private
75825,1,Public
35036,1,Public
11443,1,Private
99474,1,Private
87382,1,Public
101271,1,Public
111049,1,Public
39960,0,Private
19366,1,Public
20640,1,Private
21208,1,Private
103116,1,Private
104917,1,Public
97638,1,Private
18786,1,Public
32632,1,Private
63654,1,Public
12634,1,Public
69776,0,Private
33238,1,Public
15072,1,Private
121363,1,Private
53354,1,Private
112854,1,Private
13829,1,Public
104918,1,Public
50300,1,Public
90323,1,Public
108632,1,Private
117064,1,Private
9616,0,Public
93420,1,Public
85573,1,Public
120747,1,Public
84965,1,Private
118277,1,Private
117065,1,Private
46099,1,Public
26575,1,Public
5445,1,Public
13261,0,Private
16304,1,Public
7230,1,Public
114642,1,Private
118278,1,Public
113444,1,Private
33820,1,Public
15681,1,Private
63655,1,Private
80667,1,Public
3604,1,Public
4188,0,Private
3605,1,Public
100063,1,Private
1805,1,Public
86781,1,Public
73463,1,Private
83111,1,Public
41161,1,Private
97045,1,Private
10850,1,Public
106153,1,Public
75220,1,Public
49681,1,Public
68546,1,Public
69162,1,Private
47920,1,Private
1806,1,Private
7829,1,Public
119494,1,Public
33239,1,Public
69777,1,Public
120748,1,Public
27163,1,Public
61873,1,Private
113445,1,Public
52132,1,Public
108009,1,Public
115867,1,Public
56369,0,Private
106154,1,Public
25402,1,Public
97046,1,Public
61874,1,Public
39961,1,Public
105537,1,Public
50301,1,Public
22410,1,Public
85574,1,Private
57558,0,Private
99475,1,Public
52727,1,Private
108633,1,Private
120123,1,Public
28990,1,Private
120124,1,Private
77652,1,Public
7830,0,Private
27164,1,Public
36895,1,Public
28991,1,Public
116482,0,Private
8415,1,Private
98243,1,Private
115868,1,Public
108010,1,Public
103713,1,Public
98857,1,Public
55800,1,Public
106761,1,Public
21209,1,Private
7231,1,Private
77653,1,Public
35037,1,Public
106762,1,Public
108634,0,Private
74044,1,Private
16921,1,Private
30235,1,Public
92795,1,Private
12042,1,Public
110458,1,Private
87383,1,Public
111652,1,Public
121364,1,Public
8416,1,Private
97639,1,Public
52728,1,Public
98244,1,Public
52729,1,Private
11444,0,Public
43617,1,Public
48510,1,Private
40552,1,Private
97047,1,Private
83722,0,Public
13262,1,Public
100651,0,Public
66698,1,Private
111653,1,Private
64273,1,Private
12635,1,Public
19994,1,Public
69163,1,Public
77017,1,Public
35038,1,Public
121365,0,Public
36896,1,Public
30236,1,Public
6045,1,Public
86194,1,Public
45489,1,Private
15682,1,Public
104299,1,Public
69164,1,Public
35635,0,Public
44250,1,Private
23017,1,Private
64862,1,Private
68547,1,Public
82503,1,Private
2393,1,Public
29611,1,Public
19995,1,Private
1807,1,Private
1192,1,Private
38123,1,Public
6614,1,Public
63060,1,Private
114044,1,Public
11445,1,Public
76431,1,Public
76432,1,Public
99476,1,Private
26576,1,Public
4189,0,Public
560,1,Private
36897,1,Private
51538,1,Public
87965,1,Public
7232,1,Public
46717,1,Private
49100,1,Public
101272,1,Private
23587,1,Public
85575,1,Public
66115,1,Public
120125,1,Private
106763,1,Public
61259,1,Private
23588,1,Private
56370,1,Private
33821,1,Public
3606,1,Private
83112,1,Private
120749,1,Public
76433,1,Private
10214,1,Public
80668,1,Public
103714,1,Private
15683,1,Private
2989,0,Public
39962,1,Public
76434,0,Private
51539,1,Public
119495,1,Private
57559,0,Public
82504,0,Public
67926,1,Public
32044,1,Private
19367,1,Private
90324,1,Public
43618,1,Private
100064,0,Private
75221,1,Public
16305,0,Private
12636,1,Private
116483,1,Public
102496,1,Public
48511,0,Private
106155,1,Public
111654,1,Public
1193,1,Public
74647,1,Private
54592,1,Public
38742,1,Private
71592,1,Public
115268,1,Public
117656,1,Private
4829,1,Private
60656,1,Public
43619,1,Public
52133,1,Private
59420,1,Public
60655,1,Public
32045,1,Private
561,1,Private
56371,1,Private
56971,0,Public
66699,1,Private
12043,1,Public
4830,0,Private
19368,1,Public
1808,0,Private
13830,1,Public
25403,1,Public
98858,1,Public
95268,1,Public
67331,0,Public
72827,1,Public
38743,1,Public
93421,0,Private
118896,1,Public
41784,0,Private
58172,0,Private
33822,1,Public
78272,0,Private
111655,1,Public
100652,1,Private
70990,1,Private
88577,1,Private
5446,1,Private
17536,0,Private
71593,1,Private
120126,1,Private
104919,0,Private
1194,1,Private
34440,1,Public
32046,1,Public
9037,1,Public
11446,1,Private
16306,1,Private
50894,1,Private
87966,1,Private
83723,1,Private
102497,1,Private
53977,1,Public
117066,1,Private
77018,1,Public
104300,1,Private
70395,0,Private
37524,0,Private
27165,1,Public
9038,1,Private
32047,1,Public
97048,0,Public
24183,1,Public
22411,1,Private
53355,0,Private
44881,1,Private
19996,1,Public
70991,1,Private
58173,0,Private
28379,0,Private
35039,1,Public
562,1,Public
53356,1,Private
64274,1,Public
98859,1,Private
115869,0,Private
86195,1,Private
4190,1,Private
118897,1,Public
74045,1,Private
84966,1,Public
25404,1,Public
60036,1,Public
111656,1,Public
32633,1,Private
72828,1,Private
55801,1,Private
120127,0,Private
38124,0,Public
14479,1,Private
94658,1,Public
39365,1,Private
20641,1,Private
84341,1,Private
121366,1,Public
27766,1,Public
120128,1,Private
58174,0,Public
103117,0,Private
116484,1,Public
21799,1,Public
83724,1,Public
63061,1,Public
97049,1,Private
15073,1,Private
89163,1,Private
111657,1,Private
53357,1,Public
33240,0,Private
11447,1,Public
50895,0,Private
107390,1,Private
71594,0,Private
86782,1,Public
101890,1,Private
64863,1,Private
104920,1,Private
103118,0,Private
74648,1,Private
16307,1,Public
38744,1,Private
23589,1,Public
116485,1,Public
25405,1,Private
12637,0,Private
74046,1,Public
29613,1,Private
114643,1,Public
89164,1,Private
26577,1,Public
29612,1,Private
49101,1,Public
26003,1,Private
74649,0,Private
97050,1,Private
84342,1,Private
563,0,Private
16922,1,Private
61875,1,Public
10851,1,Private
18787,0,Public
47334,1,Private
80669,1,Public
90325,1,Private
104301,1,Public
81296,1,Public
30838,1,Private
19369,1,Public
100065,1,Private
63656,1,Private
63657,1,Private
2990,1,Public
101891,0,Public
77654,1,Private
12638,1,Private
114045,1,Public
30839,1,Private
109217,1,Public
8417,1,Public
50896,1,Public
105538,1,Public
93422,0,Private
56973,1,Public
114644,1,Private
6615,1,Public
56972,1,Private
59421,0,Public
54593,1,Public
5447,0,Public
35636,1,Public
116486,1,Public
38125,0,Private
4191,1,Public
88578,1,Private
15074,1,Private
118898,0,Private
94034,0,Private
117657,0,Public
18177,0,Private
77655,1,Public
74650,0,Private
89165,1,Private
100653,1,Private
75222,1,Private
40553,1,Public
36264,1,Private
24184,1,Private
36898,1,Public
80670,1,Private
92796,1,Private
94035,1,Public
50897,1,Private
2991,1,Public
11448,1,Private
107391,1,Private
15684,1,Private
39366,1,Public
115269,0,Private
78849,1,Private
103715,1,Public
84343,1,Private
38745,0,Private
74047,1,Private
95269,1,Private
27166,1,Public
75223,1,Public
89166,1,Public
6616,1,Private
78850,1,Private
69165,1,Public
28992,1,Public
115870,1,Public
43040,1,Public
77019,1,Public
87967,1,Public
56974,1,Public
1195,1,Private
115270,1,Public
74048,1,Public
16923,1,Public
4831,1,Public
35040,1,Public
82505,1,Public
21210,1,Public
87384,0,Public
112259,0,Public
60657,1,Private
56372,1,Private
30840,1,Public
91556,1,Private
108635,1,Private
2992,1,Private
6046,1,Private
50898,1,Private
80053,1,Public
102498,1,Public
95859,1,Private
9617,0,Public
9618,1,Public
18788,1,Public
84344,1,Public
53978,1,Private
116487,1,Public
16924,0,Private
21800,0,Private
93423,1,Public
59422,1,Private
58175,0,Private
81297,1,Public
1809,0,Private
55209,0,Private
24185,1,Public
32634,1,Private
72829,1,Public
57560,1,Private
7233,1,Public
34441,1,Public
107392,0,Private
75826,1,Private
80671,1,Public
70396,1,Private
35637,0,Private
49102,1,Public
81298,1,Public
20642,1,Public
77656,1,Public
109821,1,Public
82506,0,Public
67332,1,Public
8418,1,Public
97051,1,Public
95270,1,Private
67928,1,Public
12044,1,Private
72203,1,Public
67927,1,Private
2394,1,Public
564,1,Public
12045,0,Public
36265,1,Private
87385,1,Public
27167,1,Public
80672,0,Private
83113,0,Public
87386,0,Public
39963,1,Public
81921,0,Private
47335,1,Public
113446,1,Public
85576,1,Public
117658,1,Private
23018,1,Public
62453,0,Private
104302,1,Public
23590,1,Private
58176,0,Public
53979,1,Public
56975,0,Public
29614,1,Public
85577,1,Private
93424,1,Private
35638,1,Public
10215,1,Private
36899,1,Private
114645,1,Public
43041,1,Private
28380,1,Private
2395,1,Public
100066,1,Private
15685,1,Public
112260,1,Public
117659,1,Public
33241,1,Public
37525,1,Private
90326,1,Public
84967,1,Public
15075,0,Private
77020,1,Public
111050,1,Private
90327,0,Public
28993,1,Private
7234,0,Private
10216,0,Public
87387,1,Private
90946,1,Public
46718,1,Private
120129,1,Private
56373,0,Private
86196,1,Private
40554,1,Public
9619,1,Public
66116,1,Private
18789,1,Public
60658,1,Private
64864,1,Public
50899,1,Public
11449,1,Public
111051,1,Public
77021,1,Private
2396,1,Public
39367,1,Public
77022,1,Public
15686,1,Private
19997,1,Public
82507,1,Public
108011,1,Private
56374,1,Public
36266,1,Public
52134,1,Private
101273,1,Private
35041,1,Public
82508,1,Public
19370,1,Public
103119,1,Public
86197,1,Private
91557,1,Public
100654,1,Public
52730,1,Public
28381,1,Public
38126,1,Private
65498,1,Public
50900,1,Public
115271,1,Public
73464,1,Private
2397,1,Private
94036,1,Private
8419,1,Public
37526,0,Public
13831,1,Private
59423,1,Public
15687,1,Private
80673,1,Public
61260,0,Private
71595,1,Private
72830,0,Private
18790,1,Private
95860,1,Public
98860,1,Private
77657,1,Public
15076,1,Public
82509,1,Public
51540,1,Private
92797,1,Private
92798,1,Private
80674,1,Public
71596,1,Public
114046,1,Private
99477,1,Private
74651,1,Public
33242,1,Public
46719,1,Public
47921,1,Public
71597,1,Public
78851,1,Private
74049,1,Private
64865,1,Public
71598,0,Private
111052,1,Private
84968,1,Public
23591,1,Private
46720,1,Public
17537,1,Public
47922,1,Public
67333,1,Private
103716,1,Public
55210,1,Private
80054,0,Private
56375,1,Private
69778,1,Public
3607,1,Public
63062,1,Public
107393,1,Public
113447,1,Public
13263,1,Public
121367,1,Public
24775,0,Private
77658,1,Public
11450,0,Public
113448,1,Public
111658,1,Public
104921,1,Private
59424,1,Private
37527,1,Private
117067,1,Private
36267,0,Private
42409,1,Private
81922,1,Public
27168,1,Private
111053,0,Private
56976,1,Private
9039,0,Private
73465,0,Private
75224,1,Public
6617,1,Private
59425,1,Private
7235,0,Private
44251,1,Private
98245,0,Private
69779,1,Public
78852,1,Private
33823,1,Public
94037,1,Public
7236,1,Public
112261,0,Private
117068,1,Private
41785,1,Public
68548,1,Public
59426,1,Private
74652,0,Private
80675,1,Public
80055,1,Public
96447,1,Private
40555,1,Public
87388,0,Private
47923,0,Private
16925,1,Public
31458,1,Public
17538,1,Private
118279,0,Public
62454,1,Public
15077,1,Public
117069,0,Private
72204,1,Public
73466,0,Private
12046,1,Public
26578,0,Public
53980,1,Public
46721,1,Private
91558,1,Public
31459,1,Public
98861,1,Public
13832,1,Public
30841,1,Public
119496,0,Private
28994,1,Public
63063,1,Public
15688,1,Public
118280,1,Public
9620,1,Public
56977,0,Private
33243,1,Public
55211,0,Private
78273,1,Private
26579,1,Public
64275,1,Private
94659,1,Public
81299,1,Public
88579,0,Private
81923,1,Public
7237,0,Public
2398,1,Public
23019,1,Private
47924,1,Private
74050,1,Public
115272,1,Public
3608,1,Public
19371,1,Public
36900,1,Public
46722,1,Private
77023,1,Private
113449,1,Private
104922,0,Private
98862,0,Private
60659,1,Private
62455,0,Public
10217,0,Private
59427,0,Public
116488,1,Private
87968,1,Public
44882,1,Private
12639,1,Public
32635,1,Private
92176,0,Private
47925,1,Private
80056,1,Public
75827,1,Private
69166,0,Private
69780,1,Public
94660,0,Public
17539,1,Private
38127,1,Public
61261,0,Private
92177,1,Private
21211,0,Private
70397,1,Public
36268,0,Private
11451,0,Private
31460,1,Public
109218,0,Private
117660,0,Private
35042,0,Public
103717,1,Public
17540,1,Public
55802,0,Public
20643,1,Public
19998,1,Public
92799,1,Private
111054,0,Private
1196,0,Private
18791,0,Private
90328,1,Public
21212,0,Public
18178,1,Public
9621,0,Public
78853,0,Private
53981,1,Private
81300,1,Public
103718,1,Public
33824,1,Public
120130,1,Public
55803,1,Private
77659,1,Public
112262,0,Private
87969,1,Private
58809,1,Private
100655,1,Public
55212,1,Private
112263,0,Private
98863,0,Private
95861,1,Private
17541,1,Private
67334,0,Public
115871,0,Private
25406,0,Private
75828,1,Private
64276,0,Public
62456,0,Public
109219,0,Public
114047,1,Private
10218,0,Private
60037,1,Private
62457,0,Public
86198,0,Private
64277,0,Private
104303,1,Public
33825,1,Private
56376,1,Private
21213,0,Public
106764,0,Private
40556,0,Private
43042,0,Private
63064,1,Private
92178,0,Private
78854,0,Public
63658,1,Public
99478,0,Private
9040,0,Private
21801,0,Private
88580,1,Private
49103,1,Private
47926,1,Private
49682,1,Public
39368,0,Public
110459,0,Public
34442,1,Public
26580,0,Private
38746,1,Public
12047,0,Public
85578,0,Public
90947,1,Public
46723,1,Public
34443,0,Public
87389,1,Private
42410,1,Private
27169,0,Public
111659,0,Private
12048,0,Public
21214,0,Public
55804,1,Public
43620,0,Private
117661,0,Private
65499,1,Public
27170,0,Private
36901,0,Public
81924,1,Public
36269,1,Public
115872,1,Public
30237,0,Private
13264,1,Private
77660,1,Private
83725,0,Private
56377,1,Private
24186,1,Public
6618,1,Private
70398,1,Public
75829,1,Public
99479,0,Private
92800,1,Public
7238,0,Public
86199,0,Public
33826,1,Public
117070,0,Private
14480,0,Private
77661,1,Private
65500,1,Public
94038,0,Private
117662,0,Private
75225,1,Public
97052,1,Public
77024,1,Private
70992,1,Private
13833,0,Public
50901,1,Public
88581,0,Private
39964,0,Private
29615,1,Public
66117,1,Public
38747,1,Private
33827,1,Public
50902,0,Private
116489,1,Private
94039,0,Public
80057,0,Public
112264,0,Public
16308,1,Public
58810,1,Public
90948,0,Private
30238,0,Private
56978,0,Private
31461,1,Public
41162,1,Public
49683,1,Public
94661,1,Private
21215,0,Private
75830,1,Private
63659,1,Private
60038,1,Public
15689,1,Private
84345,0,Public
21216,0,Public
91559,1,Public
66700,0,Public
83114,0,Public
113450,0,Private
19372,0,Public
61262,1,Private
74051,1,Public
89745,1,Public
72205,1,Private
20644,1,Public
113451,0,Private
44883,1,Private
50903,1,Public
64278,0,Private
76435,1,Public
59428,0,Public
36902,0,Public
101892,1,Public
99480,0,Private
72831,0,Private
87390,1,Public
21217,0,Private
53982,1,Private
114048,1,Public
92801,1,Public
43043,1,Private
114049,1,Private
104923,0,Private
113452,1,Private
77025,1,Private
97053,1,Private
106765,0,Public
47336,0,Public
19373,0,Public
33828,1,Public
14481,0,Private
28382,1,Private
118281,0,Public
42411,1,Private
32636,1,Public
23592,1,Public
111055,0,Private
87970,1,Public
13834,0,Public
30842,1,Public
9041,0,Public
70399,1,Private
95862,1,Private
84346,1,Private
113453,1,Public
120750,1,Public
79478,0,Private
22412,0,Public
64279,0,Public
100656,1,Public
47337,0,Private
106766,0,Public
90329,1,Private
86200,0,Private
43621,1,Public
67929,1,Public
30843,1,Private
69167,0,Public
7831,1,Private
46100,0,Private
5448,1,Private
26004,1,Private
83115,0,Private
48512,1,Private
118899,1,Private
70993,1,Private
54594,1,Public
85579,0,Public
75226,0,Public
38748,1,Private
95863,1,Public
49104,1,Public
1197,0,Private
113454,1,Private
47338,0,Private
63065,0,Private
25407,0,Private
114050,0,Private
58811,1,Private
43622,1,Private
117071,0,Private
38749,0,Private
15690,1,Public
69781,1,Public
39369,0,Public
13835,0,Private
24187,1,Public
12049,0,Private
77026,1,Public
74052,1,Public
21802,0,Public
34444,1,Private
19374,0,Private
42412,0,Private
25408,0,Public
66118,0,Private
47339,0,Public
71599,0,Private
100657,1,Public
67930,1,Private
117663,0,Public
11452,0,Private
73467,1,Private
3609,1,Public
2993,1,Private
60660,0,Private
28383,1,Private
102499,0,Private
24776,0,Private
13836,0,Private
95271,0,Private
116490,1,Private
117664,0,Public
60039,1,Public
56378,1,Private
104304,1,Private
9042,0,Private
63660,1,Public
13837,0,Private
67931,0,Private
48513,1,Public
32048,1,Public
18792,0,Public
67335,0,Private
43044,1,Private
106156,1,Public
109822,1,Private
102500,0,Public
53983,1,Public
2399,1,Public
33244,1,Public
104305,1,Public
103120,0,Public
29616,1,Private
23593,1,Public
23594,1,Private
15078,1,Private
23595,1,Private
47927,1,Public
58177,1,Public
10219,0,Private
66701,0,Public
59429,0,Public
84969,0,Private
92802,1,Public
14482,0,Public
117072,1,Public
56979,0,Private
113455,1,Private
94662,1,Private
108012,0,Private
101274,0,Private
90330,0,Private
26581,0,Public
76436,1,Private
24188,1,Public
78274,0,Private
108636,1,Private
97054,1,Public
56379,1,Private
31462,1,Private
120751,1,Private
31463,1,Private
75227,1,Public
2994,1,Private
90331,1,Public
63066,1,Public
2400,1,Private
61876,1,Public
47928,0,Private
14483,0,Private
117073,1,Private
69168,0,Public
11453,1,Private
93425,0,Private
27171,0,Private
26005,1,Private
6619,1,Private
12640,0,Private
88582,1,Private
52731,1,Public
97640,1,Private
16926,1,Private
116491,1,Private
75228,1,Public
104924,0,Public
121368,1,Public
10220,0,Private
43045,1,Private
39965,0,Private
61877,1,Private
117074,1,Private
21218,0,Public
12641,1,Private
565,1,Public
71600,1,Private
88583,0,Private
92179,0,Private
65501,1,Public
70994,0,Private
39370,0,Private
29617,1,Public
104306,1,Private
87391,1,Private
7239,0,Private
119497,1,Private
77027,0,Public
13265,1,Private
57561,1,Private
70400,1,Private
86783,0,Private
56380,1,Private
66119,1,Public
64866,1,Private
60661,0,Private
37528,0,Public
20645,0,Private
21803,0,Private
5449,0,Private
43623,0,Private
38128,1,Private
78275,0,Private
43046,1,Private
101893,0,Private
20646,0,Private
10221,0,Private
10852,0,Private
26582,0,Public
72206,1,Public
81925,1,Public
6047,0,Private
98864,0,Private
36270,1,Private
14484,0,Private
31464,1,Private
77662,0,Private
121369,1,Public
105539,1,Private
39371,0,Public
85580,0,Private
55805,0,Private
90949,0,Private
4832,1,Private
32049,1,Public
21219,0,Private
10222,0,Public
30239,0,Private
54595,1,Private
30844,0,Private
83116,0,Private
43047,0,Private
68549,0,Private
37529,0,Public
57562,1,Private
61263,1,Private
46724,1,Private
98865,0,Private
85581,0,Private
86784,0,Public
102501,0,Public
81301,1,Public
64867,1,Private
24189,1,Public
78855,0,Public
36271,0,Private
86201,0,Public
66702,0,Private
89167,1,Private
19999,1,Private
6620,1,Private
108013,0,Private
36272,1,Private
9622,0,Private
74653,1,Private
51541,1,Private
19375,0,Public
13266,1,Private
88584,1,Private
114051,1,Private
66120,1,Private
106767,0,Private
94040,0,Private
109823,1,Private
74654,1,Private
104307,1,Public
20647,1,Public
83726,0,Private
44252,0,Private
26006,0,Private
34445,1,Public
103121,0,Private
70401,1,Public
30845,1,Private
32050,1,Public
93426,1,Private
61878,1,Private
18793,0,Private
63661,1,Public
120131,1,Private
38750,1,Private
59430,0,Public
38129,1,Public
110460,0,Public
84347,1,Private
7832,1,Public
64280,0,Public
98866,0,Private
64868,0,Private
116492,1,Public
106157,1,Private
112265,0,Public
89169,1,Private
89168,1,Private
30846,1,Private
120752,0,Private
47929,1,Private
77028,1,Public
106768,0,Private
87971,1,Private
110461,0,Public
69169,0,Private
120132,0,Private
566,1,Private
87972,0,Private
111056,1,Private
39966,1,Private
7833,1,Public
14485,0,Public
51542,1,Private
56381,1,Private
14486,0,Private
32051,1,Private
82510,1,Public
3610,1,Private
43624,0,Private
61264,1,Private
93427,1,Private
31465,1,Private
94663,1,Public
23596,1,Private
120753,1,Public
8420,1,Private
100658,1,Public
23597,0,Private
10223,0,Private
54596,1,Public
51543,1,Private
67932,0,Private
46101,0,Private
27767,0,Private
25409,0,Private
1810,1,Public
120133,1,Private
44884,0,Private
97641,0,Private
59431,0,Private
89746,1,Private
22413,0,Public
119498,1,Private
2995,1,Public
7834,1,Public
35639,0,Public
35640,0,Public
84970,0,Private
113456,1,Private
12050,0,Public
60040,1,Private
90332,1,Private
13838,0,Private
77029,1,Private
116493,0,Private
60662,0,Private
6621,0,Private
15691,0,Private
69170,0,Private
34446,1,Public
9623,0,Private
95272,0,Private
84348,1,Public
69782,0,Private
118282,0,Private
77030,1,Public
115273,1,Private
18179,1,Public
97642,1,Private
111057,1,Private
49684,1,Public
58178,0,Private
30240,0,Private
86202,0,Private
75831,1,Public
118283,0,Public
76437,1,Public
2996,1,Public
16927,1,Private
112266,0,Private
55213,1,Public
13267,1,Private
8421,1,Private
2401,1,Public
31466,0,Private
15079,1,Public
92180,1,Private
95273,1,Private
67933,0,Private
52732,1,Public
30241,0,Private
16309,1,Public
27768,0,Private
1811,1,Public
31467,1,Public
75832,1,Public
15692,1,Private
66703,0,Private
74655,1,Private
18180,1,Public
26007,0,Private
81926,1,Private
23020,1,Private
109824,1,Public
36903,0,Private
64869,1,Public
83727,0,Public
118284,0,Private
69784,1,Public
59432,0,Public
69783,1,Private
33245,1,Private
65502,1,Private
106769,0,Private
30242,0,Private
74656,1,Private
36273,1,Private
13839,0,Public
82511,0,Private
53358,1,Private
54597,1,Private
113457,0,Private
50302,1,Public
64870,1,Public
104308,1,Public
104925,0,Public
83117,0,Private
32052,1,Private
33829,1,Public
52135,0,Public
67934,1,Private
79479,1,Public
27172,0,Public
55806,0,Private
38130,1,Public
59433,0,Public
119499,1,Private
66121,0,Private
37530,0,Private
102502,0,Private
7835,1,Private
92803,1,Public
8422,1,Private
1198,0,Private
30847,1,Public
28995,0,Private
44885,0,Private
96448,0,Private
47930,1,Private
111058,1,Private
1199,0,Public
10224,0,Public
33830,0,Public
86203,0,Public
58179,0,Private
75833,1,Private
102503,0,Public
33831,1,Public
27769,0,Private
82512,1,Public
56980,0,Private
66122,1,Public
108637,1,Private
80676,1,Public
2402,1,Public
55214,0,Private
115873,1,Private
49685,1,Public
78856,0,Public
29618,1,Public
34447,1,Private
17542,1,Private
63067,1,Public
120134,1,Private
59434,0,Private
72832,1,Private
65503,1,Private
35641,0,Public
46102,1,Private
74053,0,Private
100659,1,Public
9043,0,Private
66123,1,Public
50904,1,Private
19376,0,Public
94664,1,Public
21220,0,Public
67935,0,Private
29619,1,Public
567,1,Public
84971,0,Private
74054,1,Private
64871,1,Private
83118,0,Private
6048,1,Private
23598,1,Private
2403,1,Private
61879,1,Private
8423,1,Private
104309,1,Private
2997,1,Public
20648,1,Private
25410,0,Private
90333,1,Private
36274,0,Public
100660,1,Public
20000,1,Public
119500,1,Private
101275,1,Public
99481,0,Private
18794,0,Private
56382,0,Private
33832,1,Private
78857,0,Private
84972,0,Private
103719,1,Public
28384,0,Private
90334,1,Private
86204,0,Public
98867,0,Private
6049,1,Private
99482,0,Private
5450,1,Private
87973,0,Private
102504,0,Private
43625,1,Private
112855,1,Public
55215,1,Public
23599,1,Private
53359,1,Public
121370,1,Public
70995,1,Private
10853,0,Private
18181,0,Private
70402,1,Private
114052,0,Private
94665,0,Private
86205,0,Public
72207,0,Private
29620,1,Public
90950,1,Private
18182,0,Private
101276,0,Private
92804,1,Public
54598,1,Private
118285,0,Public
89747,0,Private
15080,0,Private
86785,0,Public
6050,0,Private
64872,0,Private
60663,0,Private
109825,1,Public
60664,0,Private
24777,0,Private
74055,1,Private
27173,0,Public
16928,1,Public
53984,1,Private
66704,0,Private
99483,0,Public
101277,0,Private
46103,0,Private
73468,1,Private
41786,1,Private
115874,1,Private
36904,0,Public
16310,1,Public
74056,0,Private
63068,1,Public
101894,0,Private
68550,0,Private
105540,1,Private
65504,1,Public
118900,1,Private
568,1,Private
114053,0,Private
86786,0,Private
106158,1,Public
67336,0,Private
94041,0,Private
29621,0,Private
24778,1,Private
41787,1,Public
82513,1,Private
93428,1,Private
35642,0,Public
81927,1,Private
43626,1,Private
81302,0,Private
58180,1,Private
33246,1,Private
9044,0,Private
50303,1,Private
20649,1,Public
109220,0,Private
115274,1,Private
98868,0,Private
6622,1,Private
67337,0,Private
75834,1,Public
42413,1,Private
9624,0,Private
23021,1,Private
55807,1,Private
100661,0,Public
12642,0,Private
10854,1,Private
1812,1,Public
120135,1,Private
121372,1,Public
121371,1,Private
103122,0,Private
91560,1,Private
81928,1,Public
66124,1,Private
70403,1,Private
569,1,Public
54599,1,Public
92181,0,Private
69785,1,Private
84973,0,Public
6623,1,Private
31468,1,Private
37531,0,Public
12051,0,Private
81303,1,Private
103720,1,Public
35043,0,Private
115875,1,Private
10855,0,Private
15693,1,Private
5451,1,Private
46725,1,Private
47931,1,Private
79480,1,Private
58181,0,Private
32637,0,Private
21221,0,Public
6051,1,Private
8424,1,Public
9625,0,Public
114054,0,Private
109221,0,Public
53360,0,Private
2404,0,Private
16929,1,Public
46726,0,Private
11454,0,Private
87974,1,Private
114646,1,Private
9045,0,Public
61880,1,Private
72208,0,Private
68551,1,Public
75229,1,Public
100662,1,Public
118286,0,Private
81304,0,Private
117075,0,Private
45490,0,Private
4192,0,Public
4833,0,Private
43627,0,Private
93429,0,Private
98246,1,Private
66705,0,Private
103721,1,Public
29622,1,Public
71601,0,Private
56383,1,Private
83119,0,Public
24190,1,Private
40557,1,Public
74657,0,Private
21804,0,Public
103722,1,Public
69786,1,Private
66125,1,Private
73469,0,Private
36905,0,Private
15694,1,Private
86206,0,Public
74658,0,Private
13268,0,Private
90335,0,Private
89170,0,Private
99484,0,Private
113458,1,Private
57563,1,Public
110462,0,Public
24779,0,Private
46104,0,Private
7240,0,Public
20001,0,Public
101278,0,Private
41788,0,Private
66706,0,Private
92805,1,Private
118287,0,Public
40558,1,Private
64281,0,Public
59435,0,Public
64873,0,Private
90951,0,Private
22414,0,Private
41789,1,Public
16311,1,Private
31469,1,Private
92806,0,Private
64282,0,Public
23600,0,Private
70996,0,Private
70997,0,Private
50304,1,Public
39967,0,Private
43628,0,Public
105541,1,Private
26583,0,Public
38751,0,Private
78858,0,Private
13269,0,Private
35643,0,Public
9046,0,Public
118901,0,Private
63662,0,Private
21805,0,Public
4193,0,Private
43048,1,Private
59436,0,Public
22415,0,Public
16312,1,Private
51544,1,Private
53361,1,Private
48514,1,Private
11455,0,Private
7241,0,Public
4834,1,Private
97643,1,Private
95274,0,Private
26584,0,Private
3611,1,Private
47340,0,Public
16313,1,Private
99485,0,Public
32638,0,Private
20650,0,Private
31470,0,Private
15695,1,Private
70998,0,Private
93430,1,Private
111660,0,Public
50905,0,Private
33833,1,Private
81305,1,Private
46727,1,Private
61265,0,Private
88585,0,Private
45491,0,Private
114647,1,Private
77031,0,Public
35644,0,Private
39968,0,Private
120754,0,Private
67936,1,Private
15696,1,Public
39372,0,Public
85582,0,Private
87975,1,Public
60041,1,Public
20002,1,Public
72209,1,Public
38131,1,Public
36275,1,Public
570,1,Public
37532,0,Private
23601,1,Private
35645,0,Public
50906,1,Private
49686,1,Public
33247,1,Public
72210,1,Public
53985,1,Private
59437,0,Public
2998,1,Public
35646,0,Private
571,1,Public
112856,1,Private
7242,0,Public
81929,1,Private
72833,1,Private
90336,1,Public
45492,1,Public
12052,0,Public
101895,1,Private
27174,0,Public
28996,0,Public
107394,1,Private
56384,1,Public
12643,1,Private
63069,1,Private
50305,1,Private
101279,0,Private
66707,0,Private
77663,1,Public
39969,1,Private
94666,1,Public
58812,1,Public
66126,1,Public
28997,0,Public
108014,1,Private
54600,1,Private
33248,1,Private
77032,1,Public
27175,0,Public
45493,1,Private
119501,1,Public
26008,1,Private
74057,0,Private
94042,0,Private
121373,1,Private
97055,0,Public
81930,1,Public
66127,1,Private
76438,1,Private
39373,0,Private
23022,1,Public
62458,0,Private
28998,0,Private
86787,0,Private
81306,1,Public
90952,1,Private
28999,0,Public
6052,1,Public
90337,1,Public
52733,1,Public
47341,0,Private
32639,0,Private
27770,1,Private
35044,0,Private
572,1,Public
74058,1,Private
27771,1,Public
29623,1,Public
114648,1,Private
101280,1,Private
20651,1,Private
108015,1,Private
87976,0,Private
96449,0,Private
33834,1,Private
77033,1,Public
92807,1,Private
114055,1,Private
47932,1,Private
81307,0,Private
30243,0,Public
67338,0,Private
83728,0,Public
118288,0,Public
103123,0,Private
74659,1,Public
78276,0,Private
48515,1,Private
41790,1,Public
1200,0,Private
70404,1,Private
120136,1,Private
72834,1,Private
101896,0,Private
5452,1,Private
107395,1,Public
10225,0,Private
39374,0,Public
117076,0,Private
65505,1,Public
109222,1,Private
92182,0,Public
98869,0,Public
31471,1,Public
117077,1,Private
74059,1,Public
109223,0,Private
110463,0,Private
43629,1,Public
59438,0,Private
107396,1,Private
97056,1,Public
24780,0,Private
15081,1,Public
58813,1,Private
79481,1,Private
89748,1,Private
111661,0,Private
44253,0,Private
26009,0,Private
84349,0,Private
102505,0,Public
60665,0,Private
45494,1,Private
100067,0,Private
95864,1,Private
55808,0,Private
47342,0,Private
16930,1,Private
52734,1,Private
41791,1,Public
87977,1,Private
74660,0,Private
106159,0,Private
36276,0,Private
104310,0,Public
41163,0,Private
28385,0,Private
70405,1,Private
21806,0,Public
43049,1,Private
96450,0,Private
47933,1,Private
80677,1,Private
58814,1,Private
87392,1,Public
68552,0,Private
3612,1,Public
43050,0,Private
85583,0,Public
67339,0,Private
66708,0,Public
78277,1,Private
27176,0,Private
52735,1,Private
38752,0,Private
96451,0,Public
39375,0,Public
77034,0,Private
109224,1,Private
89171,1,Private
119502,1,Private
83120,0,Public
99486,0,Public
57564,1,Public
63070,1,Public
81308,0,Public
1201,1,Private
106160,1,Private
50306,1,Public
108016,1,Private
1813,1,Public
14487,0,Public
10856,0,Private
115876,1,Private
97644,1,Private
35647,0,Private
25411,0,Private
38753,0,Private
91561,1,Public
9626,0,Private
9627,0,Public
103723,1,Public
1814,1,Public
120137,1,Private
21807,0,Private
13840,0,Private
60042,1,Private
90338,1,Public
108638,1,Public
4835,1,Public
573,1,Private
39376,0,Public
69787,1,Private
53362,0,Private
89749,1,Private
23602,1,Private
120755,1,Private
41792,1,Private
84974,0,Private
24191,1,Private
29624,1,Public
12053,0,Private
51545,1,Private
90339,1,Private
86207,0,Private
100663,1,Public
39377,0,Private
41164,1,Private
120138,0,Private
25412,0,Public
114056,1,Private
28386,1,Private
58182,1,Private
90953,1,Public
78278,1,Public
24781,1,Private
76439,1,Private
103124,0,Public
16931,1,Public
38754,0,Private
32640,1,Public
121374,1,Public
78279,0,Private
20652,1,Public
102506,0,Private
60043,1,Public
75835,0,Public
115877,1,Public
62459,0,Public
9628,0,Private
77664,1,Public
56385,1,Public
86788,0,Private
115878,1,Private
33835,1,Public
3613,1,Public
54601,1,Public
28387,1,Private
92808,1,Private
57565,1,Public
10226,0,Public
86789,0,Private
109826,1,Public
49105,1,Private
69789,1,Private
3614,1,Public
94043,0,Public
69788,1,Public
117665,0,Public
52136,1,Public
50907,1,Public
55216,1,Public
63071,1,Private
120756,1,Public
15697,1,Private
118289,0,Private
17543,0,Private
69790,1,Public
75836,1,Public
53363,1,Public
55809,1,Private
55810,1,Private
29000,0,Private
90954,1,Private
120139,1,Private
64874,1,Private
77665,1,Public
41793,1,Private
75837,1,Public
55217,1,Private
1202,1,Private
69171,0,Public
7243,0,Private
101897,1,Private
42414,0,Private
66128,1,Private
69791,1,Private
75230,1,Public
50908,0,Private
9047,0,Private
40560,1,Public
40559,1,Private
38755,0,Private
49687,1,Public
47934,1,Private
58183,1,Public
45495,1,Private
59439,0,Private
5453,1,Public
36906,0,Public
70406,1,Private
8425,1,Public
98870,0,Public
89172,1,Public
91562,1,Public
115879,1,Private
49106,0,Public
20003,1,Public
67340,0,Private
26010,1,Private
108639,0,Private
64283,0,Private
100068,1,Public
10857,0,Private
51546,1,Public
105542,1,Public
53364,1,Private
28388,1,Public
80058,1,Public
75838,1,Private
98247,0,Private
79482,1,Private
78859,0,Private
81931,1,Private
54602,1,Public
84975,0,Public
42415,0,Private
11456,0,Private
41165,1,Private
7836,1,Private
2405,1,Private
107397,1,Public
90955,1,Private
2999,1,Private
109827,1,Public
39970,1,Private
106770,0,Public
39971,1,Private
72835,1,Private
24192,1,Public
119503,1,Public
12644,1,Public
63663,1,Private
89173,0,Private
77035,0,Private
98248,0,Private
63664,1,Public
102507,0,Public
30848,1,Private
114057,1,Private
113459,1,Public
50909,1,Private
7244,0,Public
64875,1,Private
59440,0,Public
112857,0,Private
32641,0,Public
66129,1,Public
10858,0,Public
45496,0,Private
27772,1,Private
116494,1,Public
7245,0,Public
106771,0,Public
58815,1,Public
41794,1,Private
64876,0,Private
108017,1,Private
34448,1,Public
95275,1,Private
81932,1,Public
44254,0,Private
46729,1,Private
110464,0,Public
46728,0,Private
92809,1,Private
87978,1,Private
53365,0,Private
3615,1,Private
63072,1,Public
87979,1,Private
95865,1,Private
49107,1,Public
103724,1,Private
56981,0,Private
88586,0,Private
65506,0,Public
72836,0,Private
105543,1,Private
35045,0,Private
106772,0,Private
38132,0,Private
100664,1,Public
74661,0,Private
9048,0,Public
115880,0,Private
103725,1,Private
69792,1,Private
16932,0,Private
85584,0,Private
96452,0,Public
107398,0,Private
42416,0,Private
78860,0,Private
77036,1,Private
39378,0,Private
17544,0,Private
87980,1,Private
97645,0,Private
102508,0,Public
26011,0,Private
29001,0,Private
85585,0,Private
106773,0,Public
16933,1,Private
98871,0,Public
100665,0,Private
23023,1,Public
89174,1,Private
70407,1,Private
105544,1,Private
65507,1,Private
32053,1,Public
118290,0,Public
37533,0,Public
8426,1,Private
89750,1,Private
69172,0,Private
117078,1,Private
29625,1,Public
100666,0,Private
97057,1,Public
25413,0,Private
31472,1,Public
99487,0,Private
3000,1,Private
50910,1,Private
112267,0,Public
94667,1,Public
13270,1,Private
37534,0,Private
24193,1,Private
94044,0,Public
72837,1,Public
59441,0,Private
68553,1,Private
109828,1,Public
78280,0,Private
38133,1,Private
72211,1,Private
39379,0,Private
114058,1,Public
92183,1,Public
2406,1,Public
11457,1,Private
12645,1,Public
109829,1,Private
97058,0,Private
113460,1,Public
32054,1,Private
14488,0,Public
12054,0,Private
89175,1,Private
43630,1,Public
102509,0,Private
60666,1,Private
56386,1,Private
43631,1,Private
118291,0,Private
61266,0,Private
101898,0,Private
100667,1,Public
51547,1,Public
98249,0,Private
80678,1,Private
116495,1,Private
94668,1,Private
23603,1,Public
42417,0,Private
46105,1,Private
10227,0,Private
68554,0,Public
111662,0,Public
22416,0,Public
61267,0,Private
76440,1,Private
9049,0,Private
64877,1,Private
89751,1,Private
88587,0,Private
33249,1,Private
84350,1,Private
80059,1,Public
90956,0,Private
21808,0,Private
115881,1,Private
108018,1,Private
87393,1,Public
21222,0,Private
40561,1,Public
116496,1,Public
103726,1,Private
71602,0,Private
79483,1,Public
86790,0,Private
26585,0,Public
105545,1,Public
88588,1,Private
95866,1,Public
18795,0,Private
38756,0,Private
47343,0,Public
12646,1,Public
42418,1,Private
74060,1,Public
21809,0,Private
84976,0,Private
53986,1,Public
92184,0,Private
73470,0,Private
24194,1,Private
91563,1,Public
120757,0,Private
75231,1,Public
96453,0,Private
3001,1,Public
65508,1,Private
3616,1,Private
91564,1,Public
80679,0,Private
94669,1,Public
111663,0,Public
67341,0,Private
88589,1,Private
86208,0,Public
35046,0,Private
18796,0,Public
50911,1,Private
63073,1,Public
18797,0,Private
98250,1,Public
39972,1,Private
104311,1,Public
38134,1,Public
18798,0,Private
71603,1,Private
31473,1,Public
48516,1,Private
7246,0,Public
56982,1,Public
20004,1,Private
121375,1,Private
46730,0,Public
74061,1,Public
84977,0,Private
58816,1,Public
108640,1,Public
35047,0,Private
103727,1,Private
20005,1,Private
103125,0,Private
71604,1,Public
98872,0,Public
10859,1,Public
77037,1,Private
12647,1,Private
4194,0,Public
58184,1,Private
40562,0,Public
31474,1,Public
56387,1,Private
17545,1,Private
95276,1,Private
97059,1,Public
41166,0,Public
44255,1,Public
13271,1,Private
33836,1,Private
98873,0,Private
24782,0,Private
55811,1,Public
119504,1,Public
90340,0,Private
24783,1,Public
46106,1,Public
61881,1,Public
63665,0,Private
113461,1,Private
91565,1,Public
85586,0,Private
12648,1,Private
63666,1,Public
75839,1,Public
110465,0,Public
574,1,Public
44886,0,Public
34449,1,Private
6624,1,Public
58817,1,Public
115882,1,Public
100668,1,Private
25414,0,Private
121376,1,Private
101899,1,Public
16314,0,Private
67342,0,Private
21810,0,Public
49108,1,Public
4195,0,Public
12649,1,Private
8427,1,Public
99488,0,Private
64284,0,Public
44256,1,Public
57566,1,Private
118292,0,Private
3002,1,Public
93431,0,Private
60667,0,Public
10228,0,Public
74062,1,Private
7247,0,Public
21223,0,Public
89752,1,Private
32055,1,Public
23024,1,Private
35648,0,Public
44257,1,Private
83121,0,Public
26586,0,Private
6053,1,Private
10229,0,Private
83729,0,Private
111664,0,Private
49688,1,Private
88590,1,Public
75840,1,Public
52736,1,Public
92185,1,Public
12055,0,Private
102510,0,Public
29626,1,Private
63074,1,Public
3617,1,Public
54603,1,Public
101900,1,Public
8428,1,Public
111665,0,Public
7837,1,Public
120758,1,Private
86209,0,Public
119505,1,Public
32642,0,Private
121377,1,Private
13841,0,Public
109225,1,Private
23604,1,Private
119506,1,Private
17546,1,Private
57567,1,Public
84351,1,Private
61268,1,Private
11458,1,Public
12650,1,Private
32643,1,Public
56388,0,Private
3618,1,Public
47344,0,Public
70999,0,Public
109226,0,Private
118902,0,Private
87981,1,Private
72838,0,Private
2407,0,Private
575,1,Public
109227,1,Private
60044,0,Public
89176,1,Private
72839,0,Private
10230,0,Public
103126,0,Public
74063,0,Private
21224,0,Private
112858,0,Private
69793,1,Private
87394,0,Private
14489,0,Public
40563,1,Public
63075,1,Public
43051,1,Public
16315,1,Private
98874,0,Public
108019,1,Private
77666,1,Public
25415,0,Private
55218,0,Private
4196,0,Public
27773,0,Private
74064,1,Private
27775,0,Private
27774,0,Private
41167,1,Private
114649,1,Private
115275,1,Private
111059,0,Private
44258,0,Private
60668,0,Private
41795,1,Private
576,1,Public
95867,1,Private
85587,0,Private
12056,0,Public
15698,1,Private
10860,1,Private
1815,0,Private
50912,0,Private
67937,0,Public
14490,0,Private
12651,1,Private
5454,0,Private
40564,1,Public
80061,1,Public
15082,1,Private
95868,0,Private
80060,1,Private
3619,1,Private
14491,0,Public
88591,0,Private
30849,0,Private
40565,1,Public
104926,0,Private
81309,0,Private
118903,1,Private
41168,0,Private
72840,0,Private
7248,0,Private
106774,0,Private
56983,0,Private
120759,0,Private
87982,0,Private
11459,0,Private
77038,1,Public
115883,1,Private
3003,1,Private
41796,1,Private
52137,0,Public
16316,0,Private
119507,1,Private
61882,0,Private
65509,1,Private
68555,1,Public
35048,0,Public
46731,0,Private
106775,0,Private
24195,1,Public
83730,0,Public
77667,1,Private
76441,0,Private
104312,0,Private
120140,0,Private
6625,0,Private
36277,1,Public
48517,1,Private
9050,0,Private
106161,1,Private
27776,0,Private
13842,0,Private
71605,0,Private
8429,1,Private
81933,1,Public
72841,0,Private
106162,1,Private
117666,0,Public
66130,1,Public
9051,0,Public
66709,0,Private
100069,0,Private
81310,0,Private
70408,1,Private
58185,0,Private
53366,0,Private
80062,0,Public
26012,0,Private
101281,0,Private
1816,1,Private
15699,1,Private
66710,0,Private
97646,0,Private
32056,1,Private
37535,0,Public
77668,0,Public
83731,0,Public
114650,0,Private
4197,0,Private
101282,0,Private
14492,0,Private
65510,1,Public
58186,0,Private
41797,1,Private
107399,0,Private
37536,0,Public
111666,0,Private
51548,0,Private
108641,0,Private
53367,0,Private
104927,0,Private
72212,0,Public
46107,0,Private
33837,1,Public
98875,0,Private
84352,0,Private
61883,0,Private
77669,1,Public
80680,0,Private
47935,0,Private
78861,0,Private
98876,0,Public
577,1,Private
69794,1,Public
18183,1,Private
71606,0,Private
6626,0,Private
63667,0,Private
4836,0,Private
73471,0,Private
101283,0,Private
67938,0,Private
92186,0,Private
36907,0,Public
72213,1,Private
97647,0,Private
47345,0,Public
6054,1,Private
92810,0,Private
39380,0,Public
19377,0,Public
38135,1,Private
42419,0,Public
60045,1,Public
92811,0,Public
30850,0,Private
36278,0,Private
11460,0,Private
34450,0,Private
31475,0,Private
53987,1,Private
120141,0,Private
114651,0,Private
28389,0,Private
70409,0,Private
52737,1,Public
6627,1,Private
16317,0,Private
112859,0,Private
22417,0,Private
12057,0,Private
97648,0,Public
44259,1,Private
15700,0,Private
101284,0,Private
17547,1,Public
10861,0,Private
8430,1,Private
109228,0,Private
117079,1,Private
100669,1,Public
97649,0,Private
59442,0,Public
58818,1,Private
75841,1,Public
110466,0,Private
86791,0,Public
25416,0,Public
80681,1,Public
100670,1,Public
4837,0,Private
41169,0,Private
38136,1,Public
84978,0,Public
44260,0,Private
76442,0,Private
98877,0,Private
90341,0,Private
45497,0,Private
60669,0,Private
72214,1,Private
108642,0,Private
28390,0,Private
18799,0,Public
17548,1,Public
1817,1,Public
45499,0,Private
78862,0,Public
55219,0,Private
45498,0,Private
42420,0,Private
65511,1,Private
63668,0,Private
78281,0,Private
84353,0,Private
24196,1,Public
44887,0,Private
37537,0,Private
37538,0,Private
72215,1,Private
41170,0,Private
86792,0,Private
77039,0,Public
62460,0,Public
41171,0,Private
46108,0,Private
106776,0,Public
100671,1,Private
120760,0,Private
75232,1,Public
58187,0,Private
78282,1,Private
92187,1,Private
31476,0,Private
9629,0,Public
77670,1,Public
48518,0,Private
39381,0,Private
28391,0,Private
21811,0,Public
64285,0,Public
106777,0,Private
100672,1,Public
80682,1,Public
578,1,Public
63669,0,Private
77040,1,Public
33838,0,Private
26587,0,Public
61884,0,Private
85588,0,Public
32644,1,Private
3620,1,Public
82514,1,Private
45500,1,Private
78863,0,Public
100673,1,Public
94670,1,Public
12652,1,Private
81311,0,Private
71000,1,Private
12058,0,Private
58819,0,Private
45501,0,Private
48519,1,Private
38757,1,Private
13843,0,Public
114652,1,Private
55812,1,Private
67939,1,Private
60046,1,Public
80683,1,Private
75233,1,Public
75234,1,Public
16318,0,Private
114059,0,Private
71607,1,Private
100070,1,Private
43052,0,Private
64878,0,Private
98251,0,Private
53368,1,Private
43632,0,Public
35649,0,Private
105546,0,Private
21812,0,Public
9052,0,Private
30244,0,Private
89753,1,Private
83732,0,Private
115884,0,Private
16319,1,Private
52138,1,Private
99489,0,Private
102511,0,Private
42422,0,Private
86793,0,Private
98878,0,Private
46109,0,Private
76443,0,Private
70410,1,Private
27177,0,Private
42421,1,Private
24197,1,Public
27178,0,Private
21225,0,Public
80063,1,Public
13844,0,Private
56389,1,Private
101285,0,Private
120761,0,Private
23605,1,Private
7249,0,Public
1818,1,Public
41798,1,Public
64286,0,Public
2408,1,Private
64879,0,Private
114653,0,Private
7838,1,Private
73472,0,Private
65512,1,Private
101901,0,Private
12653,1,Private
6055,0,Private
47936,1,Private
6056,0,Private
58188,0,Private
84979,0,Private
30245,0,Private
109830,1,Public
20653,1,Private
53988,1,Private
32057,1,Public
35049,0,Private
18184,1,Private
18800,0,Public
41172,0,Private
114060,1,Private
38758,0,Private
57568,1,Private
1819,1,Public
116497,1,Private
49689,1,Public
63076,1,Public
95869,0,Private
64880,1,Private
104928,0,Public
30851,1,Private
50307,1,Private
77041,0,Public
80684,1,Public
12654,1,Private
47346,0,Public
101286,0,Private
18185,0,Private
88592,1,Private
97060,0,Public
98252,0,Private
16320,1,Private
61269,1,Private
23025,0,Private
72216,1,Public
55220,0,Private
46732,0,Private
111060,1,Private
52738,0,Private
104929,0,Public
79484,1,Private
26588,0,Public
28392,0,Private
32058,1,Private
77042,0,Private
95277,1,Private
31477,0,Private
93432,0,Private
101902,1,Private
52739,1,Private
35050,0,Private
49690,1,Private
9630,0,Private
86210,0,Public
86211,0,Private
100071,0,Private
59443,0,Private
105547,0,Private
120762,1,Private
112268,0,Private
85589,0,Public
47347,0,Private
90342,0,Public
87395,1,Public
95278,1,Public
38137,0,Private
102512,0,Private
48520,1,Private
66711,0,Private
30852,1,Private
104313,0,Private
78283,1,Private
69795,1,Private
13845,0,Public
28393,0,Private
13846,0,Public
42423,1,Private
83122,0,Private
106163,1,Private
63670,0,Private
49109,1,Public
40566,1,Private
13847,0,Private
109229,1,Private
52740,1,Private
54604,1,Private
66712,0,Private
52139,1,Private
1820,1,Private
99490,0,Public
63671,1,Private
16934,1,Public
21226,0,Public
57569,1,Public
103127,0,Private
7839,1,Private
98253,0,Private
81312,1,Private
77043,1,Private
49110,1,Public
23606,1,Private
64287,0,Public
115276,0,Private
115277,0,Private
82515,1,Public
75842,1,Public
57570,1,Public
108020,1,Public
22418,0,Public
106778,0,Public
18186,1,Public
19378,0,Private
46733,0,Public
60047,0,Private
6057,1,Private
13848,0,Public
72842,1,Public
12059,0,Public
121378,1,Private
48521,1,Public
74662,1,Public
24784,0,Private
38759,1,Private
89754,1,Public
107400,1,Private
21227,0,Public
98879,0,Public
20006,1,Public
74065,1,Private
92188,0,Public
119508,1,Private
119509,0,Private
21228,0,Private
50308,1,Private
27179,0,Private
20007,1,Private
105548,0,Private
39382,0,Private
50309,1,Public
17549,1,Public
6628,1,Private
81313,1,Private
103728,0,Public
47348,0,Private
22419,0,Private
7840,1,Public
10862,0,Private
1821,0,Private
118293,0,Private
52140,1,Private
5455,0,Private
80685,1,Public
115278,0,Private
72843,1,Public
100072,1,Public
13849,0,Public
20008,1,Public
92189,1,Public
3004,1,Private
60048,1,Private
21813,0,Public
71608,1,Public
30246,0,Public
45502,1,Private
63077,1,Public
13850,0,Private
54605,1,Public
19379,0,Public
83123,0,Private
50913,1,Private
67343,0,Public
71001,1,Public
95279,0,Private
65513,1,Public
16321,1,Private
46734,1,Private
81314,1,Public
72217,1,Public
99491,0,Public
24198,1,Private
84980,0,Private
21229,0,Private
23607,1,Public
81934,1,Public
33250,1,Public
9631,0,Private
7250,0,Private
38138,1,Public
32645,1,Public
28394,1,Public
67940,1,Private
105549,1,Public
31478,1,Public
110467,0,Public
24785,1,Private
63672,1,Private
102513,0,Public
30853,0,Private
77671,1,Public
81935,1,Public
109230,0,Public
43633,1,Private
42424,1,Public
94045,0,Public
108643,1,Private
88593,0,Public
105550,1,Private
9632,0,Private
36279,1,Public
115279,1,Private
10863,1,Private
14493,0,Private
50914,0,Private
84354,1,Public
64288,0,Private
71002,1,Private
66713,0,Private
97650,1,Private
15701,1,Public
21815,0,Public
21814,0,Private
13851,0,Public
44888,1,Private
56390,1,Public
109831,1,Private
83124,0,Private
16322,1,Public
37539,0,Private
19380,0,Private
39973,0,Private
14494,0,Private
2409,1,Public
26013,0,Private
59444,0,Public
36280,0,Private
23026,1,Private
58820,1,Public
84355,1,Public
21230,0,Private
35650,0,Private
103128,0,Public
117080,1,Private
112860,1,Private
10231,0,Private
9633,0,Private
99492,0,Private
89177,1,Private
83733,0,Private
78864,0,Private
89755,1,Public
84356,1,Public
47349,0,Private
64289,0,Private
51549,1,Public
31479,1,Public
88594,0,Private
80064,1,Private
66714,0,Public
83734,0,Public
4198,0,Private
21816,0,Private
53989,1,Private
73473,1,Public
67941,1,Private
1203,0,Private
118904,1,Private
39974,0,Private
83125,0,Public
53369,0,Private
97061,0,Private
47937,0,Private
21818,0,Public
117667,0,Private
23027,1,Public
21817,0,Public
92812,1,Public
48522,1,Public
66715,0,Public
73474,1,Private
65514,1,Public
15702,1,Public
104930,0,Public
84981,0,Private
115885,1,Private
113462,1,Private
81936,1,Public
29002,0,Public
95280,1,Public
47350,0,Private
100073,1,Public
7251,0,Private
86794,0,Public
26014,1,Public
88595,1,Public
96454,0,Public
84982,0,Public
13852,0,Public
49111,0,Private
102514,0,Private
3621,1,Public
86795,0,Public
57571,1,Public
121379,1,Public
29627,1,Private
66131,1,Public
7841,1,Private
53370,1,Private
79485,1,Public
27777,1,Public
101287,1,Public
114061,1,Private
64290,0,Public
74066,1,Public
120763,1,Public
80686,1,Public
84357,1,Public
32646,1,Public
56984,1,Private
21819,0,Private
9634,0,Private
82516,1,Public
30854,1,Private
23028,1,Private
75843,0,Public
77044,1,Public
5456,0,Private
35051,0,Private
21231,0,Public
115280,1,Private
44261,1,Public
56391,1,Private
52141,1,Public
70412,1,Private
8431,1,Private
43634,0,Public
70411,0,Private
31480,1,Private
95870,1,Private
13853,0,Private
34451,1,Private
18801,0,Private
94046,0,Private
42425,0,Private
35052,0,Public
71609,1,Public
115281,0,Private
121380,1,Private
15703,0,Private
114062,0,Private
24199,1,Public
78284,1,Public
13272,1,Private
2410,0,Private
55813,1,Public
114654,0,Private
21820,0,Public
23029,0,Private
104931,0,Public
10864,0,Public
102515,0,Private
36908,0,Public
37540,0,Private
106164,1,Public
46110,1,Private
80687,1,Public
86796,0,Private
44889,1,Private
11461,1,Public
54606,1,Public
102516,0,Private
101288,1,Private
46735,1,Public
62461,0,Private
104932,0,Public
92190,1,Private
52741,0,Private
57572,0,Public
111667,0,Private
13854,0,Public
55814,1,Private
67942,1,Public
112269,0,Private
112861,1,Private
21232,0,Private
1822,1,Public
50310,1,Public
114063,0,Private
114064,0,Private
102517,0,Public
82517,1,Public
72218,1,Private
40567,1,Private
75235,1,Private
9635,0,Public
8432,1,Private
65515,1,Private
14495,0,Public
103729,0,Private
1204,1,Public
12060,0,Private
15704,1,Private
36281,0,Private
21821,0,Private
1205,1,Public
72844,1,Private
45503,0,Private
41799,1,Public
6629,0,Private
12655,1,Private
113463,1,Private
2411,1,Private
98880,0,Public
12061,0,Public
101289,1,Private
69173,0,Public
17550,1,Public
55815,1,Public
24786,1,Private
86797,0,Public
4838,0,Private
121381,1,Private
7842,1,Private
63078,1,Public
31481,1,Public
15705,1,Private
7252,0,Public
75844,1,Public
77672,1,Public
95871,0,Private
35651,0,Private
72845,1,Private
108021,1,Private
3622,1,Private
104314,1,Public
12656,1,Private
81315,1,Private
47351,0,Private
72219,1,Public
25417,0,Private
44890,1,Public
20654,1,Private
111668,0,Public
112270,0,Private
82518,1,Private
111669,0,Private
64881,0,Private
104933,0,Public
26015,1,Private
58821,1,Private
44262,1,Public
84983,0,Public
88596,1,Public
83126,0,Public
50311,0,Public
80688,1,Public
7253,0,Private
58189,1,Private
7843,1,Private
3623,1,Public
61885,1,Private
60049,0,Public
112271,0,Public
105551,1,Private
90957,1,Private
112862,0,Private
18187,0,Private
106779,0,Public
75845,1,Public
113464,1,Public
69796,1,Public
22420,0,Public
90343,0,Private
48523,1,Private
86212,0,Public
95872,0,Private
72220,1,Public
58190,1,Private
39975,0,Private
52142,1,Public
55221,1,Private
37541,0,Private
66132,1,Public
16323,0,Private
579,1,Public
102518,1,Public
120142,1,Private
45504,1,Public
9636,1,Public
26589,0,Private
100674,1,Public
59445,1,Public
44891,0,Private
104315,1,Private
68556,1,Public
44263,1,Public
104316,1,Private
21822,1,Public
117668,1,Private
85590,1,Public
105552,1,Public
4839,1,Public
84358,1,Private
94047,1,Private
43053,0,Public
12062,1,Private
30855,1,Private
3624,1,Public
92191,1,Public
53371,1,Public
46736,1,Private
20655,1,Private
109833,1,Private
109832,1,Public
21233,1,Public
66716,1,Private
114065,1,Private
67344,1,Private
35053,1,Public
35054,1,Public
2412,1,Public
103730,0,Private
65516,0,Private
111061,1,Private
26016,1,Public
8433,1,Public
7254,0,Private
3005,1,Public
20656,1,Private
115282,1,Public
66717,1,Public
7844,1,Private
95873,1,Public
5457,1,Public
38760,1,Private
66718,0,Private
111062,1,Private
64882,1,Public
18802,1,Public
36909,1,Public
60050,1,Public
1206,0,Private
97062,1,Public
63673,1,Private
12657,1,Private
32059,1,Public
36910,1,Public
64883,1,Private
120143,1,Private
111063,0,Private
97651,0,Private
119510,1,Public
18188,1,Public
1823,1,Public
77045,0,Private
32060,1,Public
118294,0,Public
77046,0,Private
74663,1,Public
90958,1,Private
115886,1,Private
53990,1,Private
108644,0,Private
89756,1,Private
109231,1,Private
12063,1,Public
91566,1,Private
36282,0,Private
36911,1,Private
111670,1,Public
118905,0,Private
15083,1,Public
13855,1,Public
34452,1,Public
71003,0,Private
120764,0,Private
22421,1,Private
3006,1,Public
61886,1,Public
115283,1,Private
29003,1,Public
121382,1,Private
64884,1,Private
61270,1,Public
112863,1,Public
92192,1,Private
101903,0,Private
83127,1,Private
116498,1,Public
53991,1,Private
41800,0,Public
100675,0,Public
21823,1,Private
97652,1,Private
85591,1,Private
46111,1,Public
115284,1,Public
100676,1,Private
99493,1,Private
17552,1,Private
115887,1,Private
17551,1,Public
48524,1,Public
63674,1,Public
3625,1,Public
50312,0,Private
1824,1,Public
83128,1,Public
77673,1,Public
88597,1,Public
14496,1,Public
84359,1,Private
27778,1,Public
58822,1,Private
60670,1,Private
114066,1,Public
10232,1,Private
106165,1,Public
42426,1,Private
112272,1,Public
52143,1,Private
43635,1,Public
66719,1,Private
64885,1,Public
72846,1,Private
108022,1,Public
20009,1,Public
98254,1,Private
69797,0,Public
117081,0,Private
84360,1,Public
8434,1,Public
28395,1,Public
50915,1,Public
52144,1,Private
108645,1,Public
4199,1,Private
95874,1,Public
4840,1,Private
106166,1,Public
25418,1,Public
32647,1,Public
121383,1,Private
120765,1,Private
37542,1,Private
50916,1,Private
52742,1,Private
86798,1,Public
78285,0,Private
4200,1,Public
103129,1,Private
77047,1,Public
96455,1,Public
86799,1,Public
118906,1,Private
92813,0,Private
62462,1,Private
42427,0,Private
29628,1,Public
117082,0,Private
66133,1,Public
22422,1,Private
84984,0,Public
38139,1,Private
66134,1,Private
50917,0,Private
89757,1,Private
63675,1,Public
3626,1,Private
32648,0,Private
47938,0,Private
121384,1,Public
49691,1,Public
75236,1,Public
67943,0,Private
96456,1,Private
15706,1,Public
68557,1,Private
8435,1,Private
30247,1,Private
33252,1,Private
51550,0,Public
33251,1,Public
100677,1,Public
61271,0,Private
29629,1,Public
9637,1,Public
4201,1,Public
15084,1,Public
96457,0,Private
113465,1,Private
98881,1,Public
35055,1,Public
75846,1,Public
104317,1,Public
47352,0,Private
73475,0,Private
88598,0,Private
60671,1,Private
87983,0,Public
86213,0,Private
12064,1,Private
90344,1,Private
103731,1,Public
61887,1,Private
35652,1,Public
64291,0,Public
83129,1,Public
25419,1,Private
75237,1,Private
38761,1,Private
96458,1,Public
50918,1,Private
2413,1,Private
7255,1,Private
90345,1,Private
91567,0,Private
4202,1,Public
58823,1,Private
112864,0,Private
580,1,Private
104934,1,Public
118907,1,Public
98882,1,Private
32649,0,Private
86214,1,Private
82519,1,Private
7256,1,Private
120144,1,Private
73476,0,Private
4841,1,Private
97653,1,Private
12065,1,Private
24200,1,Public
40569,1,Public
40568,1,Public
7257,1,Private
93433,1,Private
12066,0,Private
58824,1,Private
36283,0,Public
109834,0,Public
58191,1,Private
106780,0,Private
71610,1,Private
7845,0,Public
78865,1,Public
38140,1,Private
108023,0,Public
9053,1,Private
86215,0,Private
77048,1,Public
39383,1,Private
29004,1,Private
91568,1,Public
16324,1,Private
15085,1,Private
80689,0,Public
89178,1,Public
95281,1,Private
55816,0,Private
52145,1,Public
20010,1,Public
7258,1,Private
58192,0,Private
118908,0,Private
121385,1,Public
15086,1,Public
43637,1,Private
32061,1,Public
58825,1,Public
31482,1,Public
43636,0,Private
60672,0,Private
3627,1,Private
47939,1,Private
12067,1,Public
55222,0,Private
117083,1,Private
85592,1,Public
92814,1,Private
109232,0,Private
39976,0,Private
35056,1,Public
103732,1,Private
1825,1,Public
86800,1,Public
60051,1,Public
38141,1,Private
114067,1,Public
7846,1,Public
114068,1,Public
56392,0,Private
30856,1,Private
53372,1,Private
109835,1,Public
118295,1,Public
79486,1,Private
63676,1,Private
45505,1,Private
34453,1,Private
57573,1,Private
44264,0,Public
13273,0,Private
83735,0,Public
108646,1,Private
26590,0,Public
75238,1,Public
112273,1,Public
44265,1,Private
30248,1,Private
106781,1,Public
50313,1,Public
41801,1,Private
100678,1,Public
50314,1,Private
1207,0,Private
5458,0,Private
95875,1,Private
8436,1,Public
36912,1,Public
11462,1,Private
92193,0,Private
83130,1,Private
115888,1,Private
113466,1,Public
87984,1,Public
9054,1,Private
17553,1,Public
65517,0,Private
80065,1,Public
89179,1,Private
24787,1,Private
60052,1,Public
95876,0,Private
24788,0,Private
109836,0,Public
89180,1,Public
54607,1,Public
92194,0,Private
15707,1,Private
118296,1,Private
93434,1,Private
48525,0,Public
114655,1,Private
12658,1,Public
3007,1,Public
89181,1,Public
64886,1,Public
20011,1,Private
97063,1,Public
27779,0,Private
53373,0,Private
12659,1,Private
69174,0,Public
66720,1,Public
117084,0,Private
56985,0,Private
98883,1,Public
15087,1,Private
75239,1,Private
67345,0,Private
81316,1,Private
108025,1,Private
16325,0,Private
81937,0,Private
115285,0,Private
86216,1,Public
50315,1,Private
108024,0,Private
67944,0,Private
64887,1,Private
111064,1,Private
6630,0,Private
12660,1,Private
94671,1,Private
7847,1,Private
96460,1,Public
17554,1,Public
47940,1,Private
90959,1,Private
86217,1,Public
81938,1,Private
61888,0,Private
96459,1,Public
36284,0,Private
70413,0,Private
98884,1,Public
81317,1,Private
61889,0,Private
60673,0,Private
30250,1,Public
40570,1,Private
16935,0,Public
30249,1,Private
86801,1,Private
30251,1,Public
76444,0,Private
66721,1,Public
44892,0,Private
44266,0,Private
70414,1,Private
83736,1,Private
39384,1,Private
40571,1,Private
42428,0,Private
38762,1,Private
66722,1,Public
94672,0,Public
13856,1,Public
68558,1,Public
66723,1,Public
23030,1,Private
36285,0,Private
49112,1,Public
58194,0,Private
58193,0,Private
108026,0,Private
32062,1,Public
85593,0,Private
50316,1,Public
42429,1,Private
76445,0,Private
52743,1,Public
11463,0,Public
3008,1,Public
54608,1,Public
14497,1,Public
118909,0,Private
37543,1,Public
67346,0,Private
92815,1,Public
58826,0,Private
15088,1,Private
6631,0,Private
52744,1,Public
82520,1,Public
90346,1,Private
91569,1,Private
36913,1,Public
100679,1,Public
64292,1,Public
97064,1,Public
23031,1,Private
6058,1,Private
108027,0,Private
26591,1,Public
117085,1,Private
80066,1,Private
61272,1,Private
89182,1,Private
115889,1,Private
114656,1,Private
112865,1,Private
581,1,Public
49692,1,Public
107401,0,Private
4203,1,Private
78286,0,Private
72847,1,Private
98255,1,Private
103733,1,Public
64888,1,Private
108028,1,Private
44267,0,Private
115890,1,Private
115891,1,Public
42430,0,Private
7848,1,Public
83131,1,Public
41173,1,Public
100680,1,Private
120766,1,Private
80067,1,Public
64889,0,Public
120767,0,Private
53992,1,Private
49693,1,Private
117669,1,Private
96461,1,Private
75847,0,Public
74067,1,Public
60053,1,Private
57574,1,Public
20012,1,Public
99494,1,Public
93435,1,Public
92195,0,Public
27180,1,Public
75240,0,Private
47941,1,Private
67945,1,Public
56986,1,Private
77674,0,Private
85594,0,Public
20657,1,Private
83737,1,Public
58195,1,Private
113468,1,Public
91570,1,Private
87985,1,Public
113467,1,Private
10865,0,Private
13857,1,Public
13858,1,Public
74664,0,Private
71004,0,Private
23608,1,Public
4204,1,Public
101904,1,Private
105553,1,Public
98885,1,Public
42431,0,Private
55223,1,Private
66135,1,Public
109233,1,Private
70415,1,Public
66136,1,Public
112274,1,Private
118297,1,Public
91571,1,Private
103734,1,Private
109234,1,Private
120768,0,Private
80690,1,Public
109235,1,Private
12068,1,Private
38763,1,Private
72221,1,Public
108647,1,Private
52745,1,Private
115286,1,Private
75848,1,Public
98256,0,Private
12661,1,Private
54609,1,Public
4205,1,Public
35653,1,Private
74665,1,Private
97065,1,Public
90960,1,Public
36914,1,Private
69175,0,Public
10233,1,Private
93436,1,Private
115287,1,Private
53374,1,Public
48526,1,Public
112866,1,Public
35654,1,Public
11464,0,Public
44268,1,Private
121386,1,Private
106782,1,Private
100074,1,Private
101290,1,Private
69798,1,Public
33253,1,Private
67946,1,Private
48527,1,Private
87986,1,Public
53993,1,Public
98886,1,Public
87396,1,Public
101905,1,Private
52746,0,Public
39977,1,Private
42432,0,Private
59446,1,Private
63677,1,Public
100681,1,Public
89183,1,Public
4842,1,Public
6059,1,Public
61890,1,Public
103130,1,Private
77675,1,Public
60054,1,Private
32063,1,Public
24201,1,Public
104935,1,Private
14498,0,Private
100682,1,Public
59447,0,Private
32064,1,Private
84361,1,Public
37544,1,Public
81318,1,Public
23032,1,Public
78866,1,Private
104318,1,Private
97654,0,Private
72848,1,Public
74068,1,Private
96462,1,Public
18803,1,Public
29630,1,Private
81939,1,Public
80068,1,Public
12662,0,Private
26592,1,Public
90347,1,Private
33839,0,Private
51551,0,Private
72849,1,Public
35655,1,Public
103131,1,Public
1826,1,Public
38764,1,Public
40572,1,Public
29631,1,Public
87987,1,Private
33254,1,Private
49694,1,Public
94673,1,Public
41802,1,Public
66137,1,Private
95282,1,Public
92816,1,Private
30857,1,Public
108648,1,Private
102519,1,Private
39978,1,Public
121387,1,Private
27780,1,Public
30858,1,Private
114069,1,Private
94048,0,Private
92817,1,Private
112275,1,Public
75241,1,Private
8437,1,Public
115288,1,Private
4206,1,Private
59448,1,Private
78287,1,Public
15089,0,Private
79487,1,Private
56393,0,Private
104936,0,Private
67947,0,Private
39979,1,Private
78288,1,Public
23609,0,Private
91572,0,Private
109837,1,Public
38765,1,Public
10866,0,Private
582,1,Private
71611,0,Private
69799,1,Public
67347,1,Public
101906,1,Private
97655,1,Private
77676,0,Public
1208,1,Public
53375,1,Public
96463,1,Private
45506,0,Private
82521,1,Private
39385,1,Private
114657,1,Private
107402,0,Private
91573,1,Private
56394,1,Private
120145,0,Private
27781,0,Public
36286,0,Private
30252,1,Private
99495,1,Public
38766,0,Private
66724,1,Public
13274,1,Private
43638,1,Private
6060,1,Private
71612,1,Private
13859,1,Public
74069,0,Private
111065,0,Public
60674,1,Private
113469,1,Public
24789,1,Private
52747,1,Public
83738,1,Private
43054,0,Private
15090,1,Private
19381,1,Public
63678,1,Private
7259,0,Public
111671,1,Private
11465,0,Private
42433,0,Private
58827,0,Private
101907,1,Private
9055,1,Private
43055,0,Private
89758,0,Private
111672,1,Public
44893,1,Private
35057,1,Public
49113,0,Private
59449,1,Private
108649,1,Private
12069,1,Private
20013,1,Private
1209,0,Private
96464,1,Public
13275,0,Private
1827,1,Private
109838,1,Public
57575,1,Public
22423,1,Public
24790,1,Private
95283,0,Private
90348,0,Private
5459,1,Private
60675,0,Private
44269,0,Private
45507,0,Private
77049,0,Public
50317,1,Public
26593,1,Public
95877,1,Private
9638,1,Public
12070,1,Public
74666,0,Private
86802,1,Public
60055,0,Public
25420,1,Public
113470,1,Public
53376,0,Private
19382,1,Public
112867,0,Private
44270,0,Private
4843,1,Private
120146,1,Private
38142,1,Private
75242,1,Private
6061,1,Private
27181,1,Private
44894,0,Private
49114,0,Public
1210,0,Private
118298,1,Public
78867,1,Private
108650,1,Public
6632,0,Private
46737,0,Private
118299,0,Private
53377,0,Private
60056,1,Private
35656,1,Private
90961,0,Public
61891,1,Private
106783,1,Public
36915,0,Public
92818,1,Public
35657,1,Public
1828,1,Public
77050,1,Private
100075,1,Public
105554,1,Public
92819,1,Private
55224,0,Private
13860,1,Private
76446,0,Private
87988,1,Public
4207,1,Public
46112,1,Public
7260,0,Public
70416,1,Public
108651,1,Public
67948,0,Private
58196,1,Private
7261,0,Private
3009,1,Public
38767,0,Private
64293,1,Private
29005,1,Public
75849,1,Private
63679,1,Public
111673,1,Public
78289,0,Private
119511,1,Private
111066,1,Private
95284,0,Private
15708,1,Private
77051,1,Public
71613,1,Private
104319,1,Private
66725,0,Public
6633,0,Private
78868,1,Public
90349,1,Public
69800,1,Private
65518,1,Private
30253,1,Public
66726,1,Public
43639,0,Private
39980,0,Private
32650,0,Private
115289,1,Private
95878,1,Private
70417,1,Public
66138,1,Public
74070,1,Private
33840,1,Public
52748,1,Private
63079,1,Private
84985,0,Private
55817,0,Private
22424,1,Public
5460,1,Private
49115,1,Public
86803,1,Public
106784,1,Public
94674,0,Private
75850,1,Public
107403,1,Private
78290,1,Private
76447,1,Private
52146,1,Private
65519,1,Public
105555,1,Private
22425,1,Public
83132,0,Public
14499,1,Private
19383,1,Public
46738,1,Private
21234,1,Private
98887,1,Private
102520,0,Public
33255,1,Public
67949,1,Private
62463,1,Public
32651,1,Private
84362,1,Public
59450,1,Private
61892,1,Private
104320,1,Private
91574,1,Private
44895,1,Public
32652,0,Private
64890,0,Private
26594,1,Private
50919,1,Private
68559,0,Public
81940,0,Public
117086,1,Private
10234,1,Private
97656,0,Private
44271,1,Private
16936,1,Private
97066,1,Private
55225,0,Public
64294,1,Public
19384,1,Public
113471,1,Private
14500,1,Private
44896,1,Private
81941,1,Private
15091,1,Private
44897,0,Private
81319,1,Private
118910,0,Private
55818,0,Private
26595,0,Private
56395,0,Private
30254,1,Public
104321,0,Private
108652,1,Private
101291,0,Private
34454,1,Private
53994,1,Public
63680,0,Private
20659,1,Private
20658,0,Private
60676,0,Private
69176,1,Public
50318,0,Private
69801,1,Public
55819,0,Private
90962,0,Public
43640,0,Private
25421,1,Public
113472,0,Private
45508,0,Private
49695,1,Public
95879,1,Private
47942,0,Private
49696,1,Public
36916,1,Public
99496,1,Private
89759,1,Private
58197,0,Private
85595,1,Private
117087,0,Private
32653,0,Private
81320,1,Private
51552,1,Private
64295,1,Public
19385,0,Private
44272,0,Private
60678,0,Private
121388,1,Private
60677,0,Private
64891,0,Private
44898,0,Private
114658,0,Private
38144,1,Public
65520,1,Private
53378,0,Private
19386,0,Public
38143,1,Public
45509,0,Private
46739,0,Private
85596,1,Private
81321,1,Private
82522,1,Private
11466,0,Private
112276,1,Private
75851,1,Public
1211,1,Private
106167,1,Public
21235,1,Public
103735,1,Private
106785,1,Public
6062,1,Private
111067,0,Private
13276,0,Private
95285,0,Private
117088,0,Private
27182,0,Private
4208,0,Private
12071,0,Private
18804,1,Private
44899,0,Private
52147,1,Public
87397,1,Public
41803,1,Private
96465,0,Private
111068,0,Private
96466,0,Private
100076,1,Public
61273,0,Private
43641,0,Private
49116,1,Public
15709,1,Public
103736,1,Public
32654,0,Private
29632,1,Public
39981,0,Private
114659,1,Private
97657,0,Private
92196,0,Private
7849,1,Private
92820,0,Public
44900,0,Private
103132,1,Private
25422,1,Private
25423,1,Public
18805,1,Public
11467,0,Private
57576,1,Public
47353,1,Public
120147,1,Public
23610,1,Public
39982,0,Private
1829,1,Public
113473,1,Public
23033,1,Private
6634,0,Private
44273,0,Private
82523,1,Private
31483,1,Public
111069,0,Private
86218,0,Private
84986,1,Private
120769,0,Private
4209,0,Private
61274,0,Private
109236,1,Private
18189,1,Public
51553,1,Private
115290,1,Private
50319,1,Private
99497,1,Private
87989,1,Public
101292,1,Private
44901,0,Private
104323,1,Public
107404,0,Private
104322,1,Private
92197,0,Private
92198,0,Private
75243,1,Public
117089,0,Private
83739,1,Public
36917,1,Public
44902,0,Private
35058,1,Public
32655,0,Private
91575,1,Public
69177,1,Public
114070,1,Public
583,1,Public
93437,1,Public
69178,0,Public
106786,1,Private
3010,1,Public
55226,0,Private
42434,1,Private
86219,1,Private
36287,1,Private
87990,1,Public
41174,1,Private
31484,1,Private
5461,1,Private
100077,0,Private
112868,0,Private
29633,1,Public
43642,1,Private
117090,0,Private
18190,1,Private
118300,1,Public
93438,1,Public
21236,1,Public
44903,0,Private
39983,1,Public
114660,1,Public
110468,1,Public
13861,1,Public
61275,0,Private
105556,1,Public
7262,1,Private
49117,1,Private
67950,0,Private
79488,1,Public
69802,1,Private
57577,1,Public
84363,1,Private
57578,1,Public
62464,1,Public
97658,0,Private
109839,1,Public
24202,0,Public
92199,1,Private
77052,1,Public
98257,0,Private
18191,1,Public
41175,1,Private
106787,0,Private
112277,1,Public
89760,1,Public
105557,1,Public
56396,1,Private
97659,1,Private
23034,1,Private
30255,1,Private
61893,1,Private
104324,1,Public
105558,0,Private
115892,1,Public
18806,1,Public
63080,1,Public
81322,0,Private
3011,1,Private
35059,1,Private
38768,1,Public
26596,1,Private
48528,1,Private
112869,0,Public
38769,0,Private
1212,1,Private
115291,1,Public
33841,1,Public
74667,1,Private
118911,1,Private
69179,0,Public
101293,1,Private
108653,1,Private
75244,1,Public
118301,1,Public
62465,1,Public
117091,1,Private
35658,1,Public
10867,1,Private
50920,0,Private
7850,1,Public
1213,1,Private
94049,1,Private
30859,1,Public
77677,1,Private
117092,0,Private
52148,1,Public
56987,0,Private
90350,1,Public
14501,1,Public
57579,1,Public
106168,1,Public
1214,0,Private
52749,1,Private
32065,1,Public
3628,1,Public
101294,0,Private
15092,1,Public
72850,0,Private
7263,1,Public
87398,1,Private
95286,0,Private
64892,1,Public
61276,0,Private
69803,0,Public
82524,1,Public
96467,0,Private
109237,1,Private
37545,1,Public
104325,1,Public
63081,1,Public
75245,1,Private
82525,1,Private
120148,1,Private
13277,0,Private
77678,1,Private
58198,0,Private
112278,1,Private
55227,0,Private
50320,1,Private
106788,1,Private
30860,1,Private
95880,1,Public
68560,1,Public
42435,0,Private
9056,1,Public
84364,0,Private
57580,1,Public
72851,1,Private
48529,1,Public
10235,0,Private
4210,1,Public
48530,1,Public
64893,0,Private
93439,1,Private
97067,1,Private
24203,1,Private
43056,1,Public
74071,1,Private
18192,1,Public
44904,1,Private
7851,1,Public
6635,1,Private
89761,1,Private
9057,0,Private
116500,0,Private
116499,1,Private
105559,1,Public
98258,0,Private
15093,1,Private
108654,1,Public
29634,1,Private
15710,1,Public
72852,1,Private
61894,1,Private
71614,0,Public
80691,1,Public
96468,1,Private
13278,0,Private
39984,0,Private
24791,1,Private
84365,1,Private
93440,1,Public
29635,1,Public
43643,0,Private
8438,1,Private
12072,0,Public
16326,1,Public
55820,0,Private
119512,1,Private
9058,0,Private
86804,1,Public
111674,1,Public
92821,1,Private
96469,1,Public
71005,0,Private
29006,0,Private
118302,1,Public
120149,1,Private
28396,1,Private
21824,0,Public
21237,1,Private
108029,1,Private
101908,0,Private
40573,1,Public
61277,0,Private
97660,1,Private
16937,1,Public
66139,0,Private
18807,1,Private
108030,1,Private
53995,0,Public
61278,0,Private
59451,1,Private
55821,1,Private
115292,1,Private
41804,0,Private
52750,1,Private
46740,0,Private
91576,1,Public
98888,1,Public
107405,1,Public
52751,1,Public
97068,1,Private
96470,1,Public
9059,1,Private
62466,1,Public
30861,1,Private
30256,0,Public
66727,0,Private
74072,1,Private
101295,0,Private
61895,1,Private
97069,1,Public
95287,0,Private
22426,0,Private
43057,1,Private
90351,1,Private
117670,1,Public
2414,1,Private
29007,0,Private
21238,0,Private
20660,1,Private
75246,1,Public
32066,1,Public
80069,1,Public
109840,1,Public
41176,1,Private
118912,1,Private
16938,1,Private
14502,1,Private
30257,1,Public
82526,0,Public
24204,1,Private
24205,1,Private
9060,1,Private
43058,1,Public
94050,1,Public
25424,1,Private
80070,1,Private
101296,1,Private
79489,1,Public
60057,1,Public
51554,0,Private
97661,1,Public
59452,1,Public
5462,0,Private
42436,0,Private
33842,1,Public
56988,1,Private
10868,1,Private
15711,0,Private
73477,1,Private
35060,0,Private
26597,1,Public
92822,1,Private
76448,0,Private
89184,0,Private
30258,0,Public
111070,1,Private
47354,1,Public
50921,1,Private
95288,0,Public
17555,1,Public
35659,1,Private
20014,1,Private
43059,1,Public
118913,0,Private
69804,1,Public
96471,1,Public
108031,1,Private
115293,1,Public
103737,1,Public
97070,1,Public
58199,0,Public
3012,1,Public
56397,1,Private
92823,1,Public
109238,0,Private
13279,1,Private
46741,1,Private
90352,1,Public
88599,1,Private
56398,0,Private
54610,1,Public
25425,1,Private
101297,1,Private
63681,1,Private
106169,1,Public
52752,1,Public
53996,1,Private
19387,1,Private
84366,1,Private
31485,1,Private
46742,1,Private
63682,1,Private
24792,0,Private
13862,1,Private
103738,1,Private
23035,0,Private
83740,1,Public
2415,0,Private
18808,1,Public
95289,0,Public
23036,1,Private
53997,0,Public
1215,1,Private
26017,1,Private
30259,1,Public
36918,1,Public
103739,1,Public
21239,1,Public
69805,1,Private
60679,1,Private
53998,1,Public
84987,1,Public
112870,1,Private
111071,1,Private
9639,1,Public
38770,1,Private
42437,1,Private
83133,1,Public
61896,1,Public
4211,1,Public
117671,1,Public
86220,1,Private
41805,1,Public
113474,1,Public
80692,1,Public
117093,1,Private
119513,1,Private
89185,1,Public
118914,1,Private
90353,1,Private
22427,0,Public
6636,1,Private
73478,1,Private
80693,1,Private
96472,1,Public
15094,1,Private
69806,1,Public
49118,0,Public
115893,0,Private
65521,1,Public
41177,0,Private
15712,1,Public
83741,1,Public
47943,0,Public
20015,0,Public
89186,1,Public
56989,0,Public
55228,0,Public
47355,1,Public
22428,1,Public
11468,0,Public
9061,0,Private
14503,1,Public
98889,1,Public
37546,1,Private
6637,0,Private
31486,1,Private
83134,1,Public
47356,1,Private
86221,0,Private
69180,1,Public
78291,0,Private
56990,0,Public
99498,1,Private
91577,1,Public
15095,1,Public
21240,1,Public
35660,1,Public
1830,1,Public
44905,0,Private
63683,1,Public
73479,0,Private
27782,0,Public
35661,1,Private
98890,1,Public
36919,1,Public
74668,0,Private
106789,1,Public
58828,1,Public
80071,1,Public
30260,1,Private
52149,1,Public
111675,1,Public
18809,0,Private
112279,1,Public
63082,1,Private
76449,0,Private
44906,0,Private
78292,0,Private
32067,1,Private
52150,1,Public
44274,0,Public
12073,1,Public
86222,0,Private
50922,0,Private
78293,0,Public
90354,1,Private
109841,1,Private
32656,0,Private
115294,1,Public
26598,1,Public
6638,0,Public
39386,1,Public
77679,1,Public
63684,1,Public
72222,1,Public
67348,1,Public
67951,0,Private
100683,1,Private
62467,1,Public
40574,1,Public
111676,1,Private
104326,1,Public
46113,1,Public
117094,0,Public
102521,1,Public
38145,1,Public
71615,0,Private
46743,0,Public
13280,0,Private
82527,1,Public
119514,1,Private
111677,1,Public
3013,1,Public
115894,1,Public
48531,1,Public
62468,1,Private
14504,1,Private
28397,1,Public
57581,1,Public
79490,1,Private
103133,1,Public
49119,1,Private
32068,1,Public
4844,1,Public
10869,0,Private
53379,0,Public
97071,1,Public
118915,0,Public
76450,0,Private
8439,1,Public
67952,0,Private
97072,1,Private
20016,1,Public
32069,1,Private
36288,0,Public
105560,1,Private
120770,0,Public
74073,1,Public
58829,1,Private
62469,1,Private
73480,0,Public
12663,1,Public
109842,1,Public
16327,1,Public
106790,1,Public
47944,0,Public
41806,1,Public
108655,1,Private
80694,1,Private
67953,0,Public
58830,1,Private
22429,1,Public
12664,1,Public
114661,1,Public
39387,1,Public
62470,1,Public
15713,1,Public
113475,1,Public
97662,0,Private
98259,0,Public
8440,1,Public
93441,1,Public
64894,1,Public
4845,0,Private
56399,1,Public
58200,0,Public
22430,1,Public
101298,0,Private
1831,1,Public
114071,1,Private
63685,1,Public
104937,1,Public
28398,1,Private
30862,1,Private
102522,1,Public
22431,1,Public
94675,1,Private
39388,1,Private
58201,0,Public
112280,1,Public
75247,0,Public
29636,1,Private
33256,1,Private
88600,0,Private
101909,0,Private
17557,1,Public
7264,1,Public
96473,0,Public
17556,1,Private
33843,0,Private
84988,1,Public
99499,1,Public
50923,0,Private
4212,1,Public
22432,1,Private
58831,0,Public
2416,0,Private
37547,0,Public
96474,1,Private
96475,0,Public
62471,1,Private
56400,1,Public
22433,1,Public
63686,1,Private
26599,1,Public
29008,1,Public
104327,1,Public
94676,1,Public
60058,1,Private
39985,0,Public
97663,0,Public
92824,1,Public
38146,0,Private
20017,0,Private
68561,0,Public
72223,1,Public
43060,1,Private
4846,1,Private
10870,0,Public
16939,1,Public
47945,0,Private
32070,0,Private
116501,1,Private
64296,1,Private
46114,1,Private
117095,0,Private
55229,0,Private
105561,1,Private
91578,1,Private
83742,1,Public
81323,0,Private
584,1,Public
49697,1,Public
105562,1,Private
39986,0,Private
67954,0,Public
102523,0,Private
116502,1,Public
58832,1,Private
5463,0,Private
75248,1,Public
83743,0,Public
41178,1,Public
12074,1,Public
119515,1,Private
47946,0,Public
114072,1,Private
43061,0,Private
12075,1,Public
78294,0,Private
29637,1,Private
49120,1,Private
105563,0,Private
12665,1,Private
13281,0,Public
101299,0,Private
121389,1,Private
92200,0,Public
4213,1,Public
91579,1,Private
10871,0,Public
112871,0,Private
43644,0,Private
86223,1,Private
53999,1,Public
80072,1,Private
94677,1,Public
116503,1,Public
109843,1,Public
64297,1,Public
88601,0,Private
4214,1,Private
3014,1,Public
99500,0,Private
13863,1,Public
47947,0,Private
5464,1,Private
90355,0,Private
49121,1,Public
106791,1,Public
59453,1,Public
87399,0,Private
108032,0,Private
87991,0,Private
52151,1,Private
114073,0,Private
50321,1,Public
39389,1,Private
55230,0,Public
23611,1,Private
109239,0,Private
103740,1,Private
107406,1,Private
40575,1,Public
43645,0,Private
94051,1,Private
107407,1,Private
11469,0,Private
25426,1,Public
101300,0,Private
72853,0,Private
74669,0,Public
13282,0,Public
38771,0,Public
87400,1,Public
95881,1,Private
100078,1,Private
55822,0,Private
70418,1,Private
10236,1,Public
103741,1,Public
10237,1,Private
86224,1,Private
13283,0,Public
2417,0,Private
108033,0,Private
47948,0,Public
112281,0,Public
64298,1,Public
26018,0,Private
58833,1,Private
99501,1,Private
61897,0,Private
92201,0,Public
51555,1,Private
15096,1,Private
91581,1,Private
83744,1,Public
91580,1,Private
71616,0,Public
96476,1,Public
107408,0,Private
29009,1,Private
4215,1,Public
45510,0,Private
73481,0,Private
15097,1,Private
114662,1,Private
61279,0,Private
104328,1,Private
9640,0,Private
3015,1,Public
80695,1,Private
111072,0,Private
10872,0,Private
2418,1,Private
18810,0,Private
58202,0,Private
114074,1,Private
102524,1,Public
56991,0,Public
4216,1,Public
96477,1,Public
40576,1,Public
113476,1,Private
32657,0,Public
23612,1,Private
94052,1,Private
71006,0,Public
65522,1,Public
39390,1,Public
117096,0,Private
78295,0,Private
104938,1,Public
8441,0,Public
51556,1,Private
117097,0,Public
47949,0,Public
28399,1,Private
97664,0,Public
46115,0,Private
36289,0,Public
44907,0,Public
76451,0,Public
50322,0,Private
4217,1,Private
44275,0,Public
70419,1,Private
60680,0,Public
12076,1,Public
95290,0,Private
71007,0,Private
46744,0,Public
111678,1,Public
39391,1,Public
115895,0,Private
79491,0,Private
39392,1,Private
68562,1,Private
77680,1,Public
33844,1,Private
110469,1,Public
23037,1,Private
93442,1,Private
72854,0,Public
79492,0,Private
46116,1,Private
114075,0,Private
70420,0,Private
106792,1,Public
9062,1,Public
112282,0,Private
84367,1,Private
22434,0,Private
98891,1,Private
53380,0,Public
65523,1,Public
30863,1,Private
100684,1,Public
21825,1,Private
104939,1,Public
109240,0,Private
61280,0,Public
91582,1,Private
62472,0,Public
67955,0,Public
110470,0,Public
113477,1,Private
95291,0,Public
80073,1,Public
89762,1,Private
68563,1,Private
77681,1,Public
49698,1,Private
105564,1,Private
66728,1,Private
55823,0,Public
100685,1,Private
73482,0,Private
76452,0,Public
80696,1,Private
86805,1,Public
15098,1,Public
116504,1,Public
26019,0,Private
87401,1,Private
115295,1,Private
69807,0,Public
61281,0,Private
74670,0,Private
121390,1,Private
47950,0,Public
78869,1,Public
43062,1,Private
16328,1,Private
80074,1,Public
38147,1,Private
92202,0,Public
74074,1,Public
59454,1,Private
26600,1,Public
92825,1,Private
36920,1,Public
120150,1,Public
9063,1,Private
43646,0,Public
33845,0,Private
86225,1,Public
47951,0,Public
52152,1,Public
115896,1,Public
116505,0,Private
104940,1,Private
105565,1,Private
16940,1,Public
76453,0,Private
94053,1,Private
115296,1,Public
52753,1,Private
89763,1,Private
58203,0,Private
46745,0,Public
26601,1,Public
82528,1,Public
80075,1,Public
27183,1,Public
46117,1,Public
120151,1,Public
28400,1,Public
88602,0,Public
63083,1,Public
79493,1,Public
83135,1,Public
55824,0,Private
51557,0,Private
98260,0,Public
20661,1,Public
68564,1,Private
59455,1,Public
110471,1,Public
3629,1,Private
55825,0,Private
64299,1,Public
15099,1,Private
73483,0,Public
77053,1,Private
38148,1,Public
23614,1,Public
23613,1,Private
31487,0,Private
1216,0,Private
68565,1,Public
17558,1,Private
106170,1,Private
114076,1,Public
58834,1,Private
62473,1,Public
94678,1,Public
48532,1,Public
41807,1,Private
56992,0,Public
30864,1,Private
72224,1,Public
47952,0,Private
112283,1,Private
90963,0,Public
11470,0,Public
10873,0,Private
54611,1,Public
76454,0,Public
17559,1,Public
58204,0,Private
88603,0,Private
111679,1,Private
70421,1,Public
76455,0,Public
585,1,Public
44908,0,Private
28401,1,Public
79494,1,Public
86806,1,Private
72855,0,Private
81324,1,Public
46118,1,Private
83136,1,Public
53381,0,Private
64895,1,Public
92203,0,Private
69181,1,Public
38772,0,Private
114663,1,Public
90964,0,Private
51558,1,Private
63084,1,Private
109241,0,Public
111680,1,Public
53382,0,Private
82529,1,Public
58835,1,Public
44276,0,Private
44909,0,Private
43063,0,Private
93443,1,Public
109242,0,Private
60059,1,Public
67349,1,Private
65524,1,Public
71008,0,Private
39987,0,Private
43064,0,Private
41179,1,Public
63085,1,Public
114664,1,Public
13284,0,Public
20018,1,Public
92826,1,Public
38149,1,Public
71009,0,Private
60060,1,Private
105566,1,Public
101910,0,Private
65526,1,Public
41808,1,Public
30865,1,Public
6063,1,Public
65525,1,Public
28402,1,Public
84368,1,Private
31488,1,Public
22435,1,Public
24793,0,Public
2419,1,Public
67350,1,Private
85597,1,Public
98892,1,Public
73484,0,Public
120771,0,Public
48533,1,Public
84369,1,Public
79495,1,Public
18193,1,Public
87992,1,Public
53383,0,Private
46119,1,Private
89187,0,Private
56993,0,Public
20662,1,Public
74671,0,Public
69808,1,Public
32658,0,Public
78870,1,Public
85598,1,Public
30261,1,Private
93444,1,Private
101301,0,Public
117672,0,Public
33257,1,Public
14505,0,Private
9641,1,Public
25427,1,Public
40577,1,Public
15100,1,Public
87402,1,Public
87403,1,Private
99502,1,Public
36290,0,Public
64300,1,Private
115297,1,Public
64301,1,Public
39988,0,Private
55826,0,Public
75852,1,Public
95292,0,Private
97665,0,Private
23615,1,Private
109844,1,Private
57582,1,Public
92204,0,Private
114665,1,Private
78871,1,Public
10874,0,Private
92827,1,Private
21826,1,Private
35061,1,Public
69809,1,Private
52754,1,Public
61282,0,Private
46120,1,Public
21827,1,Public
18811,1,Public
94679,1,Public
1217,0,Public
20663,1,Private
51559,1,Private
3630,1,Public
42438,0,Public
72856,0,Public
45511,0,Private
120153,1,Private
47953,0,Private
95293,0,Private
120152,1,Public
12666,1,Public
8442,1,Public
83137,1,Public
57583,1,Private
76456,0,Private
83745,1,Public
50323,1,Public
12667,1,Private
106171,1,Public
26602,1,Public
46121,1,Public
120154,1,Private
95294,0,Private
98893,1,Public
95882,1,Public
100079,1,Private
115298,1,Private
7852,1,Public
113478,1,Public
43065,1,Public
109243,0,Public
96478,0,Private
26020,0,Private
100080,1,Public
27184,1,Public
9643,1,Private
9642,1,Public
105567,1,Public
80697,1,Private
22436,1,Public
120155,1,Public
2420,1,Public
64302,1,Private
10238,1,Public
60681,0,Public
45512,0,Private
27185,1,Public
46746,0,Public
20664,1,Public
114666,1,Public
67956,0,Public
103134,1,Public
54000,0,Private
20665,1,Public
60682,0,Public
52153,1,Public
30866,1,Public
2421,1,Private
103135,1,Public
39393,1,Private
94054,0,Private
101911,0,Public
36921,1,Private
38150,1,Private
27783,0,Public
93445,1,Public
21241,1,Public
59456,1,Public
4218,0,Private
75249,1,Private
33258,1,Public
87993,1,Private
3631,1,Private
103136,1,Public
33259,1,Private
97666,0,Public
4847,1,Public
44910,0,Private
90356,1,Private
103742,1,Public
98261,0,Public
16941,1,Public
110472,1,Public
78872,1,Private
39989,0,Private
80698,1,Public
49699,1,Private
7853,1,Public
72857,0,Private
30867,1,Private
24206,1,Private
586,1,Private
3632,1,Public
32659,0,Private
26021,0,Private
56994,0,Private
18194,1,Public
59457,0,Public
46747,0,Public
70422,1,Private
97073,1,Public
87994,1,Private
92828,1,Private
4219,1,Public
52154,1,Public
52155,1,Private
90357,1,Public
29010,1,Public
10875,0,Private
83746,1,Private
60683,0,Private
95883,1,Public
114667,1,Private
48534,1,Public
10239,1,Private
119516,1,Public
69810,1,Public
61283,0,Private
121391,1,Public
70423,1,Public
77682,1,Public
50924,0,Private
78296,0,Private
3016,1,Public
72225,1,Private
107409,1,Private
10240,1,Public
49122,1,Public
71617,0,Public
95884,1,Public
49700,1,Public
69182,1,Private
8443,1,Public
50324,1,Public
38151,1,Public
96479,1,Public
68566,1,Public
6639,0,Private
63086,1,Public
114077,1,Public
95295,0,Public
101912,0,Public
35662,1,Public
60061,1,Private
52156,1,Public
63687,1,Public
8444,1,Private
66729,1,Public
7265,1,Public
102525,1,Public
111073,0,Private
6640,0,Public
121392,1,Public
120772,0,Public
13285,0,Public
54001,0,Private
84989,1,Public
46748,0,Private
43066,1,Private
112284,1,Public
87995,1,Public
35062,1,Private
114078,1,Private
94055,1,Public
104329,1,Private
51560,1,Public
68567,0,Private
67351,1,Public
68568,1,Public
83747,0,Private
109845,1,Public
108656,1,Public
77054,1,Public
106793,1,Public
73485,0,Private
119517,1,Public
60062,1,Private
67957,0,Private
82530,1,Public
83138,1,Public
84990,1,Public
46749,0,Public
75853,1,Public
55231,0,Public
20666,1,Private
99503,1,Public
59458,1,Public
69183,1,Public
74075,0,Private
11471,0,Public
111074,0,Public
101913,0,Private
16329,0,Private
52755,1,Public
66140,1,Public
72226,1,Private
38152,1,Private
92205,0,Private
116506,1,Public
101914,0,Public
112285,1,Public
43647,0,Private
42439,0,Private
104941,1,Public
96480,1,Public
38773,0,Private
112872,0,Private
92206,0,Private
13864,1,Private
78297,0,Public
115299,1,Public
87996,1,Private
88604,0,Public
63087,1,Public
43648,0,Private
75250,1,Private
100081,1,Public
24794,0,Private
108034,0,Private
53384,0,Public
35663,1,Public
89188,1,Private
82531,1,Private
10241,1,Public
38774,0,Public
113479,1,Private
48535,1,Public
82532,1,Public
118916,0,Public
120773,0,Public
111075,0,Public
98262,0,Private
57584,1,Private
3633,0,Private
7854,1,Public
77055,1,Public
118303,1,Public
20019,1,Private
103743,0,Private
70424,1,Public
71010,0,Public
54002,1,Public
43649,0,Public
33260,1,Public
92829,1,Private
112286,1,Public
120156,1,Public
117673,1,Public
107410,1,Private
4220,0,Public
32660,0,Private
114079,1,Public
41180,1,Public
107411,1,Public
87997,1,Private
103744,1,Public
109846,1,Private
110473,1,Public
83139,1,Public
50925,0,Private
18195,1,Private
21242,1,Public
98894,0,Public
36922,1,Public
60684,0,Private
50926,0,Private
51561,1,Public
39990,0,Private
83748,1,Public
112873,0,Public
95885,1,Public
3017,1,Public
83749,1,Public
52756,1,Private
73486,0,Public
100082,1,Public
45513,0,Private
30868,1,Public
12077,1,Public
43650,0,Private
27784,0,Private
118304,1,Public
67352,1,Public
60063,1,Private
101302,0,Private
66730,1,Public
6641,0,Public
111076,0,Public
60685,0,Private
72227,1,Public
10876,0,Public
51562,1,Public
71011,0,Private
121393,1,Private
115897,1,Private
30869,1,Public
58205,0,Private
103745,1,Public
55232,0,Private
55827,0,Private
18812,1,Private
103137,1,Public
64896,1,Public
64303,1,Public
82533,1,Public
120157,1,Public
6064,1,Private
57585,1,Public
52757,1,Public
67958,0,Public
6642,0,Private
9644,1,Public
66731,0,Public
91583,1,Public
9064,1,Private
38153,1,Public
120774,0,Public
5465,1,Private
114668,1,Public
95296,0,Public
32071,1,Private
54612,1,Private
41809,1,Public
32661,0,Public
71618,0,Private
94056,1,Public
101915,0,Private
35063,1,Public
100083,1,Public
14506,1,Private
32072,0,Private
108035,0,Private
90358,0,Public
94057,1,Private
105568,1,Public
32662,0,Public
50927,0,Private
47357,1,Public
34455,1,Public
40578,1,Public
119518,1,Private
69811,1,Private
32073,1,Public
10877,0,Public
86807,1,Public
36923,1,Private
27186,1,Public
20020,1,Private
115898,1,Private
66141,1,Public
83750,1,Public
4848,1,Private
101916,0,Public
41181,1,Public
101303,0,Private
16330,1,Public
98895,1,Public
79496,1,Public
57586,1,Public
14507,1,Private
32663,0,Private
9065,1,Public
105569,1,Public
104942,1,Private
101917,0,Public
24795,0,Public
44277,0,Private
115300,1,Private
92830,1,Private
42440,0,Private
1218,0,Private
84991,1,Public
6065,1,Public
22437,1,Public
30870,1,Public
36291,0,Public
120775,0,Public
52157,1,Public
26603,1,Private
24796,0,Private
45514,0,Public
43067,1,Public
69184,1,Public
4849,1,Private
587,1,Public
73487,0,Public
10242,1,Public
97667,0,Public
52758,1,Public
83751,1,Public
64897,1,Private
119519,1,Public
22438,1,Private
17560,0,Public
38775,0,Private
47954,0,Public
115301,1,Public
31489,1,Public
27187,1,Private
101304,0,Private
24797,0,Public
26022,0,Private
107412,1,Private
114669,1,Private
36924,1,Public
26604,1,Private
20021,1,Private
13865,1,Public
44911,0,Public
44278,0,Private
30871,1,Public
41810,1,Public
56401,1,Public
58836,1,Public
115899,1,Public
53385,0,Private
94680,0,Private
65527,0,Private
32074,1,Public
63688,1,Private
49123,1,Private
82534,1,Public
56402,0,Public
31490,0,Private
63689,1,Private
6643,0,Public
98896,1,Private
121394,1,Private
71012,0,Private
94058,1,Public
23038,1,Public
74076,1,Public
23616,1,Public
52759,1,Private
1832,1,Private
94059,1,Private
16942,1,Public
63088,1,Public
30872,1,Public
69812,1,Public
78873,1,Public
92831,0,Public
40579,1,Private
83140,0,Private
9645,1,Public
58206,0,Private
10243,1,Public
588,1,Public
99504,1,Private
24798,0,Public
71013,0,Private
6066,0,Public
103746,1,Public
43068,1,Public
54613,1,Public
109847,1,Public
89764,1,Private
7266,1,Public
109244,0,Private
108657,1,Private
68569,1,Private
93446,1,Private
48536,1,Public
90359,1,Public
1833,1,Public
103138,0,Public
77683,1,Public
46750,0,Private
47358,1,Public
22439,1,Private
22440,0,Public
78874,1,Private
81942,1,Public
100084,1,Public
37548,1,Private
5466,1,Public
36925,1,Public
52760,1,Public
98263,0,Private
120776,0,Public
54614,1,Public
79497,1,Private
42441,0,Public
56995,0,Public
20022,1,Public
33846,1,Private
37549,1,Public
60686,0,Public
55233,0,Public
31491,1,Public
108658,1,Public
27785,0,Private
75854,1,Public
15714,1,Public
20023,1,Public
115900,1,Public
90965,0,Public
60687,0,Public
81325,1,Public
80699,1,Private
35664,1,Private
20667,1,Private
24207,1,Public
19388,1,Public
58207,0,Private
78298,0,Public
117674,0,Private
62474,1,Public
74077,1,Public
10878,0,Private
50928,0,Private
50325,1,Public
24799,0,Private
28403,1,Public
70425,1,Private
78875,1,Public
100686,1,Public
49701,1,Public
57587,1,Private
35064,0,Private
107413,1,Public
32664,0,Private
52761,1,Private
38154,0,Private
32075,1,Public
54615,1,Private
2422,1,Public
89765,1,Public
97074,1,Public
107414,1,Public
21828,1,Private
66732,1,Public
58208,0,Public
55234,0,Private
90360,1,Public
84992,0,Private
66733,1,Public
75855,1,Public
1219,0,Public
92832,1,Public
4221,1,Public
119520,1,Public
21243,1,Public
22441,0,Private
9646,1,Public
60688,0,Private
99505,1,Public
111681,1,Public
120777,0,Private
34456,1,Private
115302,1,Public
12078,0,Public
58837,1,Private
35065,1,Private
56403,0,Public
112874,0,Public
20024,1,Private
115303,1,Public
47955,0,Private
71014,0,Private
113480,1,Public
44279,0,Public
13866,0,Public
113481,1,Public
78876,1,Public
100687,1,Public
68570,1,Public
6067,1,Public
98264,0,Private
118917,0,Private
100688,0,Private
35665,0,Public
21244,1,Public
7267,1,Public
1834,0,Public
121395,1,Private
1835,1,Public
29638,1,Private
97075,1,Public
99506,1,Public
87404,0,Public
33847,1,Public
120158,1,Public
49124,1,Private
79498,1,Public
64898,1,Public
36292,0,Private
113482,1,Public
1836,1,Private
23617,1,Public
88605,0,Public
63089,0,Public
16331,1,Public
64304,1,Public
31492,1,Public
26023,0,Public
45515,0,Public
102526,1,Public
54003,1,Public
51563,1,Private
98265,0,Public
78877,0,Public
71619,0,Private
36926,1,Public
41811,1,Private
68571,1,Private
59459,1,Public
29011,1,Public
87998,1,Public
51564,1,Public
20025,0,Public
39991,0,Public
48537,1,Public
29012,1,Private
29013,1,Public
88606,0,Private
96481,1,Public
67353,1,Public
44280,0,Public
81326,0,Private
32076,1,Private
19389,1,Private
94681,1,Public
31493,1,Private
121396,1,Public
51565,1,Public
73488,0,Private
13867,1,Public
37550,1,Private
6644,0,Private
29639,1,Public
28404,1,Public
89766,1,Public
59460,0,Private
50326,1,Private
92207,0,Public
120159,1,Public
106172,1,Public
37551,1,Public
94682,1,Public
1837,1,Public
95297,0,Private
61284,0,Public
13286,0,Public
79499,1,Private
109245,0,Public
27188,1,Private
33848,1,Public
43069,1,Public
53386,0,Private
72858,0,Private
13287,0,Public
108659,1,Private
41182,1,Public
35066,1,Public
53387,0,Private
119521,1,Private
97668,0,Public
21245,1,Public
38776,0,Private
52158,0,Private
67354,0,Private
106794,1,Public
116507,1,Public
38777,0,Public
114080,1,Public
60064,1,Public
38778,0,Private
97076,1,Public
1838,1,Private
55828,0,Private
119522,1,Public
98266,0,Public
61898,1,Private
12668,1,Private
3634,1,Private
68572,1,Private
116508,1,Public
59461,1,Public
116509,1,Public
49702,1,Public
83141,0,Private
7855,1,Private
19390,1,Private
3635,1,Private
30873,1,Public
72859,0,Private
85599,1,Private
118918,0,Private
89189,1,Public
93447,1,Public
18196,1,Public
110474,1,Private
11472,0,Private
113483,1,Public
100085,1,Private
16943,1,Public
25428,1,Public
93448,1,Public
3018,0,Public
79500,1,Public
55235,0,Private
44912,0,Public
16332,1,Public
35666,1,Public
10244,1,Private
78299,0,Public
101918,0,Private
105570,1,Public
34457,1,Private
103747,1,Public
113484,1,Public
100086,1,Private
59462,0,Private
13868,1,Public
84993,0,Private
104330,1,Private
95886,1,Private
13288,0,Private
44913,0,Private
103748,1,Private
86226,1,Private
50327,1,Public
95298,0,Private
24800,0,Public
13289,0,Private
26605,1,Private
90966,0,Public
89767,1,Private
21829,1,Public
64899,0,Private
54616,0,Public
39394,1,Public
109848,1,Public
121397,1,Public
95887,1,Public
6645,0,Public
19391,1,Private
4222,1,Public
115901,1,Private
27786,0,Public
65528,1,Public
73489,0,Private
118305,1,Private
63090,0,Private
91584,1,Public
32665,0,Private
29640,0,Public
39395,1,Private
100689,1,Public
100690,1,Private
104331,1,Private
28405,1,Public
50328,1,Public
97077,1,Private
109246,0,Private
52762,1,Public
58209,0,Private
41812,1,Public
15715,1,Public
99507,1,Public
112875,0,Public
80700,1,Public
83752,1,Private
20668,1,Public
106795,1,Public
114670,1,Public
46751,0,Private
20026,1,Public
54617,0,Public
30874,1,Private
52763,1,Public
37552,1,Public
16333,1,Public
33261,1,Private
22442,1,Private
29641,1,Private
12669,1,Public
10879,0,Public
23618,1,Private
75251,1,Public
7856,1,Public
105571,1,Private
71015,0,Private
81943,1,Public
92208,0,Private
72860,0,Private
40580,1,Private
18197,1,Public
121398,0,Private
25429,1,Public
114081,1,Public
108660,1,Public
84370,1,Private
71016,0,Public
100087,1,Public
67355,0,Public
29642,0,Private
44914,0,Private
29014,1,Private
10245,1,Public
10880,0,Private
95299,0,Public
17561,1,Private
120778,0,Private
43070,1,Private
50329,0,Public
98267,0,Public
13290,0,Private
55829,0,Public
50330,1,Public
97078,1,Public
82535,0,Private
13869,1,Public
27189,1,Public
73490,0,Private
103139,1,Public
9066,1,Public
49703,1,Private
60689,0,Public
86227,1,Private
54004,1,Public
94060,0,Private
7857,1,Public
91585,1,Public
16334,1,Public
74078,1,Private
35667,1,Private
3636,1,Private
80076,1,Public
25430,1,Private
84994,1,Public
11473,0,Private
115304,1,Private
62475,1,Public
42442,0,Public
98268,0,Public
60690,0,Public
74672,0,Private
91586,1,Private
67356,1,Public
9067,1,Public
78300,0,Private
2423,1,Private
54618,0,Private
27787,0,Private
96482,1,Private
5467,0,Private
97669,0,Private
117675,1,Private
16335,1,Public
96483,1,Private
589,1,Private
4223,1,Public
1839,1,Private
67959,0,Private
88607,0,Private
16944,1,Public
81944,1,Private
109247,0,Public
67357,1,Public
2424,1,Public
101305,0,Private
100691,1,Public
90967,0,Public
30875,1,Public
74079,1,Public
74673,0,Public
39396,1,Public
39397,1,Private
98269,0,Private
4224,0,Private
84995,1,Private
65529,0,Private
3019,0,Public
75856,1,Public
1840,1,Public
12670,1,Public
39992,0,Private
52159,1,Private
88608,0,Public
81945,0,Private
12079,1,Public
95888,1,Public
71620,0,Private
35668,1,Public
27788,0,Private
114082,1,Private
67960,0,Private
117098,0,Public
590,1,Public
107415,1,Private
43651,0,Public
102527,0,Private
46122,1,Public
66734,1,Public
64305,0,Public
22443,1,Public
4225,1,Private
30876,1,Private
112287,1,Private
88609,0,Private
58838,1,Public
16945,1,Public
37553,1,Private
62476,1,Public
76457,0,Private
92833,0,Private
29643,1,Public
103749,1,Public
12671,0,Private
106796,1,Private
30877,0,Public
58210,0,Private
87999,0,Private
72861,0,Private
35669,1,Public
81327,0,Public
61899,0,Private
120779,0,Private
110475,1,Public
100692,1,Private
34458,0,Private
8445,1,Public
30262,1,Public
35670,1,Private
22444,1,Public
52160,1,Public
119523,0,Private
120780,0,Public
29644,0,Public
118306,1,Public
52161,1,Private
108036,0,Public
19392,1,Public
95300,0,Private
59463,1,Public
64900,0,Private
30263,0,Public
73491,0,Private
54005,1,Public
81328,0,Public
120160,0,Public
43652,0,Private
121399,1,Public
70426,0,Public
3637,1,Private
107416,0,Private
591,1,Public
71017,0,Public
71621,0,Public
2425,0,Private
102528,1,Public
35067,0,Public
21830,0,Private
49704,1,Private
54006,1,Public
24801,0,Private
72862,0,Public
18813,1,Private
112288,1,Public
91587,0,Private
74674,0,Public
69813,1,Public
6646,0,Public
106797,1,Public
75252,1,Public
48538,0,Public
39398,1,Public
23619,0,Private
29015,1,Private
102529,1,Public
17562,1,Private
77684,0,Public
43653,0,Public
69185,0,Public
94061,0,Public
13291,0,Public
75857,1,Private
6068,0,Public
26024,0,Public
22445,0,Private
101919,0,Public
30878,0,Private
81946,1,Private
109248,0,Private
52764,1,Private
106798,1,Public
28406,0,Public
73492,0,Private
89768,0,Private
15716,0,Private
11474,0,Private
6069,0,Private
114671,0,Private
11475,0,Public
74080,0,Private
4226,1,Public
69186,0,Public
97079,1,Public
50331,1,Public
43654,0,Private
67961,0,Private
71018,0,Private
85600,1,Public
31494,0,Private
7268,1,Public
1220,0,Private
47957,0,Private
90968,0,Private
47956,0,Public
43071,0,Private
92209,0,Private
67962,0,Public
90361,0,Public
117676,0,Private
38155,1,Private
27789,0,Public
44281,0,Private
63091,1,Public
13870,1,Private
66142,1,Public
81329,0,Public
109249,0,Private
60691,0,Public
103750,1,Public
53388,0,Private
117099,0,Public
46752,0,Private
7858,1,Private
98270,0,Private
87405,1,Public
27790,0,Public
74081,0,Private
38779,0,Public
7269,1,Private
89190,1,Public
54007,1,Private
23039,0,Private
108037,0,Public
20027,1,Private
45516,0,Public
72863,0,Private
22446,1,Public
95301,0,Private
86808,1,Public
23620,0,Private
24802,0,Private
8446,0,Private
84371,0,Public
74675,0,Public
36927,1,Public
117677,1,Public
106173,1,Private
28407,0,Private
43072,0,Private
84372,0,Public
41813,1,Private
35068,1,Private
114083,0,Public
86228,0,Public
111077,0,Private
3638,0,Private
69814,0,Private
60065,1,Public
108038,0,Private
4227,1,Private
86809,1,Public
55830,0,Private
41814,1,Private
29016,1,Public
105572,0,Public
118307,1,Private
108039,0,Private
97670,0,Private
9647,1,Public
79501,0,Private
95889,0,Private
1221,0,Private
3020,1,Private
96484,1,Public
83142,0,Private
109849,1,Private
29017,0,Private
15717,0,Private
3021,1,Private
91588,0,Public
84373,0,Public
7859,1,Private
80701,1,Public
110476,1,Public
13292,0,Public
61900,0,Private
114084,0,Public
103140,1,Public
56996,0,Private
111682,1,Private
83753,1,Public
19393,1,Public
9068,1,Public
93449,0,Private
42443,0,Private
58211,0,Private
27190,1,Public
98271,0,Public
83143,1,Private
52765,1,Private
38780,0,Public
110477,1,Public
87406,1,Private
12672,0,Public
110478,1,Private
60692,0,Public
10246,1,Private
109250,0,Private
45517,0,Public
94062,1,Public
7860,1,Private
121400,1,Public
75253,1,Private
15101,0,Public
22447,1,Public
72228,0,Private
107417,0,Public
81330,0,Public
39399,1,Private
79502,0,Public
112876,0,Public
71019,0,Private
35671,0,Public
78301,0,Public
63690,0,Private
20028,1,Private
23621,0,Public
3639,0,Private
16946,0,Private
37554,1,Public
4850,0,Public
117678,1,Private
12673,0,Private
71622,0,Public
47958,0,Public
6070,0,Private
83754,1,Public
9069,1,Public
74082,0,Private
24803,0,Public
101306,0,Public
52766,1,Public
66735,1,Private
27791,0,Private
98272,0,Private
95890,0,Private
52162,1,Public
92210,0,Private
60066,1,Public
101307,0,Private
95891,0,Private
59464,0,Private
118919,0,Public
7861,1,Public
68573,1,Public
115305,0,Public
107418,0,Private
60067,1,Public
77685,1,Public
80702,1,Private
43655,0,Public
77056,1,Private
115902,0,Public
59465,1,Private
118308,1,Public
111683,1,Public
74083,0,Private
108040,0,Private
54008,1,Public
86229,1,Public
106174,1,Public
101308,0,Private
31495,0,Public
72864,0,Private
15718,0,Public
1222,0,Private
83144,1,Public
592,1,Private
60693,0,Public
42444,0,Private
72865,0,Public
22448,1,Public
120781,0,Private
43656,0,Private
95892,0,Public
120782,0,Public
109251,0,Public
91589,0,Private
84374,0,Private
99508,1,Public
17563,1,Public
66736,1,Private
94683,1,Public
47359,1,Public
18198,0,Public
4228,0,Public
120783,0,Private
112877,0,Public
25431,1,Private
52767,1,Public
56997,0,Private
80077,1,Private
120784,0,Private
37555,0,Public
12674,0,Private
24804,0,Private
21831,1,Public
90969,0,Private
73493,0,Public
97080,1,Private
108661,0,Public
9070,1,Public
54619,1,Public
56998,0,Private
70427,0,Private
101920,0,Private
1841,1,Public
65530,1,Public
3640,1,Public
51566,0,Private
106799,0,Public
50929,0,Public
94063,1,Public
104943,1,Public
98897,1,Private
98898,0,Public
64306,1,Public
35069,1,Public
96485,1,Public
104944,0,Public
32666,0,Private
72866,0,Private
56999,0,Private
41183,0,Public
26025,0,Private
35070,1,Public
32077,1,Public
85601,1,Private
103141,1,Public
36293,0,Private
54009,1,Public
121401,1,Private
38781,0,Public
84996,1,Public
50930,0,Private
59466,1,Public
93450,0,Public
46123,0,Public
10247,1,Public
111684,1,Public
105573,0,Private
23040,0,Private
27191,0,Private
4851,0,Public
9071,0,Public
46124,0,Public
80078,1,Private
63691,0,Private
85602,1,Private
90970,0,Private
92211,0,Public
81331,0,Private
37556,1,Public
99509,1,Private
51567,0,Private
14508,1,Public
97671,0,Private
24208,1,Private
107419,0,Private
75858,0,Private
103751,1,Public
7862,1,Public
39400,1,Public
101309,0,Private
116510,1,Public
94064,1,Public
30264,1,Private
65531,1,Public
47360,1,Public
64307,1,Public
90971,0,Private
38782,0,Public
114085,0,Private
64901,0,Public
79503,0,Public
18199,0,Public
40581,0,Private
78302,0,Public
1223,0,Private
26606,1,Public
47361,1,Public
55236,0,Private
102530,1,Public
88610,0,Public
94065,1,Public
23622,0,Private
7863,1,Public
110479,0,Private
39993,0,Public
1224,0,Private
15102,0,Private
91590,0,Private
118920,0,Private
71020,0,Private
9648,1,Private
68574,0,Public
63092,1,Public
91591,0,Public
64308,1,Public
110480,0,Private
108041,0,Public
92834,0,Private
58212,0,Private
87407,1,Public
46125,0,Public
57588,1,Private
26026,0,Private
71623,0,Public
97672,0,Public
97081,1,Private
94066,1,Public
41815,1,Public
117100,0,Private
88611,0,Private
66143,1,Public
118921,0,Public
80079,1,Private
69187,1,Private
100693,0,Private
2426,0,Public
86230,1,Private
21246,1,Public
98899,0,Private
15103,0,Private
35071,1,Private
3641,1,Private
17564,1,Private
69815,1,Private
35072,1,Public
93451,0,Private
64309,1,Private
90972,0,Public
7864,0,Private
64902,0,Private
84375,0,Private
54620,1,Public
3642,0,Private
60068,0,Public
114672,0,Private
52163,1,Public
3022,1,Public
99510,1,Public
18814,1,Private
17565,1,Private
81332,0,Private
114673,0,Private
27792,0,Private
110481,1,Private
76458,0,Public
102531,1,Public
53389,0,Private
66737,0,Private
72229,1,Public
99511,1,Private
100088,0,Private
94684,1,Public
64310,1,Public
117101,0,Public
63692,0,Public
114086,0,Private
47959,0,Private
73494,0,Public
4229,1,Public
95302,0,Private
72867,0,Private
91592,0,Private
16336,0,Private
88000,0,Public
69188,1,Public
2427,0,Public
99512,1,Public
23623,0,Public
6647,0,Private
19394,0,Public
1842,1,Public
90362,0,Public
86810,1,Private
16337,0,Public
55237,0,Private
43657,0,Public
62477,1,Public
51568,0,Private
2428,0,Public
92212,0,Public
12080,1,Public
50931,0,Private
69189,1,Public
32078,1,Public
89769,0,Private
98273,0,Private
7270,1,Public
50332,1,Public
89191,1,Public
118922,0,Public
82536,1,Public
6071,0,Public
88001,0,Private
46753,0,Public
114087,0,Public
32079,1,Private
92835,0,Private
34459,0,Private
114088,0,Public
15104,0,Public
2429,0,Private
116511,1,Private
61285,0,Private
46754,0,Private
86231,1,Public
83145,1,Public
14509,1,Private
103142,0,Private
112289,1,Public
63093,1,Public
23624,0,Private
41816,1,Public
33849,1,Public
35672,1,Public
67963,0,Private
95893,0,Public
77686,0,Private
106800,1,Public
101310,0,Public
55831,0,Private
46755,0,Private
49705,1,Public
103143,1,Public
28408,0,Private
109850,1,Public
72230,1,Public
118923,0,Private
21247,1,Private
16338,0,Private
72868,0,Public
89770,0,Private
38783,0,Private
90973,0,Public
6072,0,Public
43658,0,Private
38156,1,Private
29645,1,Public
88002,0,Private
36294,0,Private
110482,0,Public
59467,1,Public
101921,0,Private
22449,1,Public
5468,0,Private
44282,0,Private
26607,0,Private
84376,0,Public
84997,1,Private
67358,1,Public
33262,0,Public
4852,0,Private
22450,1,Private
84998,1,Public
121402,1,Private
75859,1,Public
90974,0,Public
72869,0,Private
21248,0,Public
117102,0,Private
61286,0,Private
101922,0,Public
40582,1,Public
25432,1,Public
99513,1,Private
65532,1,Private
58213,0,Public
117679,1,Public
84999,1,Public
100089,0,Private
89771,0,Private
114089,0,Private
78303,0,Public
53390,0,Public
112878,0,Private
43073,0,Private
30879,0,Public
24209,1,Public
26027,0,Private
23041,0,Public
30880,0,Private
94067,1,Public
67964,0,Private
94685,1,Private
10248,1,Public
92213,0,Public
117680,1,Public
37557,1,Private
76459,0,Public
21249,0,Private
100090,1,Private
120785,0,Private
94068,1,Public
41817,1,Public
109252,0,Public
64903,1,Public
33850,1,Private
61287,0,Private
112879,0,Private
36295,0,Private
97082,1,Private
112290,1,Public
50333,0,Public
72231,1,Private
62478,1,Public
36296,0,Private
63693,1,Private
12675,1,Private
83146,1,Public
7271,1,Public
60069,1,Public
59468,0,Private
89772,1,Public
107420,1,Private
90975,0,Private
95303,0,Private
95894,1,Public
120161,1,Public
120162,1,Private
44283,0,Private
61288,0,Private
13293,0,Private
76460,0,Public
104945,1,Public
10249,1,Private
115306,1,Private
33851,1,Public
21250,0,Private
13294,0,Private
68575,1,Private
104946,1,Private
109253,0,Private
12081,1,Private
36297,0,Public
118309,1,Public
37558,1,Public
113485,1,Public
90976,0,Public
52768,1,Public
77687,1,Public
1225,0,Public
112880,0,Private
26608,1,Public
117681,0,Public
94686,1,Public
41184,1,Private
18200,1,Public
50334,1,Public
13871,1,Private
34460,1,Private
41818,1,Public
19395,1,Public
108662,1,Public
77057,1,Public
61289,0,Private
115307,1,Public
46756,0,Private
95895,1,Public
1843,1,Public
13295,0,Private
43659,0,Private
33852,1,Public
71021,0,Public
83755,1,Private
65533,1,Private
29018,1,Public
90977,0,Private
58839,1,Public
7272,0,Private
104332,1,Public
106801,1,Private
82537,0,Public
56404,1,Public
83147,1,Public
86811,1,Private
93452,1,Private
19396,0,Private
111685,0,Public
19397,1,Public
66144,1,Public
10881,0,Private
120786,0,Public
82538,1,Public
99514,1,Public
72232,1,Private
118924,0,Public
44284,0,Public
116512,1,Public
62479,1,Public
109851,1,Private
41819,1,Private
5469,1,Public
35673,1,Public
90363,1,Private
108042,0,Public
39401,1,Public
106802,1,Public
92836,1,Private
81947,1,Private
108663,1,Private
99515,1,Public
65534,1,Public
55238,0,Public
115308,1,Public
33263,1,Public
19398,1,Public
54622,0,Private
107421,0,Private
54621,1,Private
101311,0,Public
94687,1,Public
49706,1,Public
39402,1,Private
54623,1,Private
4853,1,Public
78304,0,Private
9649,1,Private
109254,0,Public
93453,1,Public
3023,1,Public
76461,0,Private
67359,1,Public
118310,1,Private
35073,1,Public
23625,1,Private
593,0,Private
12082,1,Private
80703,1,Private
25433,1,Public
58840,1,Private
63094,1,Private
35674,1,Private
101312,0,Private
112881,0,Public
88612,0,Public
32080,1,Private
33853,0,Private
87408,1,Public
31496,1,Public
24805,0,Private
49125,1,Public
64904,1,Public
29646,0,Private
43660,0,Private
39994,0,Private
58841,1,Private
32081,1,Public
39403,1,Private
16947,1,Public
44915,0,Private
82539,1,Public
12676,1,Public
77688,1,Public
41820,0,Public
25434,1,Public
86812,1,Private
101923,0,Private
86813,1,Private
85603,1,Public
12083,0,Private
49707,1,Public
28409,1,Public
86814,1,Private
93454,1,Private
27192,1,Private
116513,1,Public
44285,0,Public
86815,1,Private
114090,1,Public
120787,0,Public
3643,1,Public
15719,1,Private
94688,1,Public
89192,1,Public
98900,1,Public
39404,1,Public
27793,0,Public
18201,1,Public
94069,0,Public
81333,1,Private
113486,1,Private
64905,1,Private
60694,0,Public
20029,1,Public
85000,1,Private
86816,1,Private
118925,0,Private
72233,1,Private
81948,1,Public
14510,1,Private
23042,1,Public
53391,0,Public
4854,0,Private
75860,1,Public
72870,0,Public
5470,0,Private
101924,0,Public
11476,0,Private
35675,1,Private
4855,1,Public
85604,1,Private
71624,0,Private
60695,0,Private
31497,1,Private
42445,0,Private
71022,0,Private
95304,0,Private
76462,0,Private
28410,0,Private
33264,1,Private
40583,1,Public
26028,0,Private
118926,0,Private
13296,0,Private
5471,0,Private
117103,0,Private
77689,1,Private
12084,1,Private
100694,1,Private
98274,0,Private
23043,1,Private
44286,0,Private
41821,1,Private
1226,0,Private
9650,1,Private
39995,0,Private
21251,1,Public
96486,0,Private
73495,0,Private
4230,1,Private
29019,1,Public
62480,1,Public
111078,1,Private
102532,1,Public
43074,1,Private
117682,1,Private
84377,1,Private
114091,1,Public
27193,1,Private
52164,1,Private
111686,0,Private
69816,1,Public
10882,1,Private
63694,0,Private
115903,1,Public
61290,1,Private
95896,1,Private
115904,0,Private
98901,1,Public
98902,1,Private
118311,1,Public
47362,1,Private
60070,1,Public
56405,1,Private
81949,1,Public
45518,1,Private
87409,0,Private
18202,0,Public
17566,0,Public
92214,1,Public
20030,1,Private
81950,1,Private
59469,0,Private
15105,1,Public
67965,0,Public
72234,1,Public
86232,1,Public
42446,1,Private
18203,1,Private
26029,1,Public
15106,1,Public
106175,0,Public
92837,1,Public
117683,1,Public
96487,1,Public
6648,0,Public
65535,1,Private
65536,1,Public
38784,1,Public
98275,0,Private
87410,1,Private
35676,1,Private
83756,0,Public
34461,1,Private
23044,1,Private
108664,1,Public
77690,0,Private
81334,1,Private
84378,1,Private
20669,1,Public
62481,1,Public
5472,1,Private
9651,1,Public
119524,1,Private
10250,1,Public
103752,1,Public
4231,1,Private
14511,1,Public
39405,1,Public
2430,1,Public
19399,1,Public
18204,1,Private
76463,1,Private
86817,1,Public
43661,0,Private
81951,1,Public
7273,0,Public
31498,1,Public
75861,1,Private
88003,1,Private
31499,1,Public
9652,1,Public
46126,1,Private
100091,1,Private
97083,1,Public
115905,0,Private
15107,1,Private
5473,1,Private
68576,1,Private
24806,1,Public
14512,0,Private
63095,1,Public
92838,1,Private
86233,1,Public
83148,1,Private
48539,1,Public
84379,1,Public
74084,1,Private
111687,1,Public
103144,1,Public
74085,1,Public
105574,1,Public
50335,0,Private
76464,1,Private
9072,1,Private
118312,1,Public
43075,1,Public
68577,1,Private
100695,0,Private
57589,1,Private
11477,1,Private
100092,1,Private
119525,0,Private
58214,1,Public
29647,1,Private
13872,1,Private
77691,1,Private
27194,0,Private
92215,1,Public
84380,1,Public
47363,1,Public
67966,0,Public
112882,1,Public
101313,1,Public
120163,1,Private
43076,1,Public
92839,0,Public
106176,1,Public
1227,1,Private
42447,1,Public
19400,1,Public
14513,1,Private
40584,1,Public
118313,1,Public
13297,1,Private
29648,1,Public
66145,1,Public
60696,1,Public
100697,1,Public
100696,1,Public
47364,1,Private
88004,1,Public
101925,1,Public
60697,1,Public
85605,0,Public
22451,1,Public
30265,1,Public
121403,1,Public
105575,1,Public
3644,1,Public
94689,0,Private
115906,1,Private
111079,1,Public
33265,1,Private
49709,1,Public
38157,1,Private
98276,1,Public
111688,1,Public
49708,0,Private
120788,1,Private
24807,0,Public
58215,0,Private
11478,1,Private
40585,1,Private
77058,0,Public
28411,1,Public
67967,1,Private
30266,1,Public
1844,1,Public
3024,1,Public
19401,1,Public
33266,1,Public
63695,1,Public
40586,0,Private
85001,1,Public
67360,1,Public
85002,1,Public
12677,1,Private
2431,1,Public
26030,1,Public
60698,1,Public
109852,1,Private
90978,1,Private
108043,1,Public
4232,0,Private
25435,1,Public
59470,1,Private
594,1,Private
120789,1,Public
92216,1,Private
5474,1,Private
12085,1,Public
67968,1,Private
4856,1,Public
83757,1,Private
78878,0,Private
76465,0,Public
32667,1,Public
4233,1,Public
104333,1,Private
18815,1,Public
108044,1,Private
83758,1,Private
13873,1,Private
38785,0,Private
50932,1,Public
99516,1,Public
114674,1,Private
72235,0,Public
73496,1,Private
39996,1,Public
106803,1,Public
95897,1,Public
103753,1,Public
83149,1,Private
94690,1,Private
61901,1,Public
15720,1,Private
100698,1,Public
94070,1,Private
37559,1,Private
85003,1,Public
30881,1,Public
66738,1,Private
118314,0,Public
41822,1,Public
90979,1,Public
79504,1,Private
17567,1,Private
66739,1,Public
12086,1,Private
10883,1,Public
32668,1,Public
20670,1,Public
54010,1,Public
21832,0,Private
12087,1,Public
49710,1,Public
1845,0,Private
35074,1,Private
76466,0,Private
45519,1,Public
76467,1,Public
43077,1,Private
90980,1,Public
8447,1,Private
89773,1,Public
97673,1,Public
2432,1,Public
65537,1,Public
64906,1,Public
111080,1,Public
22452,1,Private
67969,1,Private
92217,1,Private
76468,0,Private
39406,0,Public
8448,0,Private
52769,1,Public
98903,0,Public
25436,1,Private
16339,1,Public
13298,0,Public
75254,1,Public
71625,0,Private
50933,1,Private
108665,1,Public
37560,1,Public
4234,1,Private
67361,1,Private
54011,1,Public
66741,0,Public
66740,0,Public
85004,0,Private
46127,1,Private
88613,1,Private
52770,1,Public
92840,1,Private
9073,0,Private
12088,1,Private
30267,1,Private
77059,1,Public
8449,1,Public
10251,1,Private
57590,1,Private
25437,1,Private
109853,1,Private
77692,1,Public
72871,0,Private
14514,1,Private
37561,1,Private
75862,1,Private
52165,1,Private
35677,0,Private
72872,1,Private
3645,1,Public
58216,1,Private
119526,1,Public
27195,1,Public
45520,1,Public
99517,0,Private
47960,1,Public
80704,1,Public
21833,1,Private
10252,0,Private
108666,1,Private
55239,0,Private
21834,1,Private
22453,0,Private
49126,1,Public
41185,1,Public
22454,1,Public
111081,1,Private
44287,1,Public
108667,1,Private
92841,1,Private
50934,1,Private
83150,1,Public
44916,1,Public
21835,1,Private
88005,1,Public
85005,0,Public
46757,1,Public
13874,1,Public
109854,0,Public
117684,1,Public
24211,0,Private
104947,1,Public
89193,1,Public
24210,1,Public
23626,1,Private
77060,1,Public
80080,1,Public
15721,1,Public
64907,0,Private
117685,1,Private
109255,1,Public
91593,1,Public
25438,1,Private
21836,1,Public
106177,0,Private
9653,1,Private
35678,1,Private
26031,1,Public
49127,1,Public
110483,0,Private
26032,1,Public
101926,1,Private
22455,1,Private
30882,1,Public
36928,1,Private
66742,0,Private
38158,1,Private
94071,0,Private
97674,1,Private
100093,1,Public
116514,1,Public
82540,1,Public
112883,1,Public
95898,1,Public
97084,1,Private
37562,0,Private
108668,1,Public
67362,0,Private
72873,0,Public
52771,1,Public
117104,1,Private
29649,1,Public
100095,0,Private
100094,1,Private
61291,1,Private
88006,1,Private
109855,1,Public
50935,1,Public
88007,1,Private
92842,1,Public
33854,1,Public
40587,1,Private
48540,1,Private
80705,1,Private
82541,1,Public
43078,0,Private
13875,1,Public
60699,1,Private
57591,0,Private
25439,1,Public
35679,1,Private
61902,1,Public
100699,1,Private
85606,1,Private
41186,1,Public
28412,1,Public
3646,1,Public
80081,1,Public
46128,1,Public
65538,1,Private
49128,1,Private
111689,1,Public
3025,1,Public
44917,1,Public
120790,1,Private
67363,1,Private
81335,1,Public
118927,1,Public
46758,1,Public
58217,1,Public
34462,1,Public
73497,0,Private
20671,1,Public
72236,1,Public
26033,1,Private
100700,1,Public
31500,1,Public
21837,1,Public
72874,1,Private
113487,1,Private
110484,1,Public
75255,1,Private
114092,1,Public
7865,1,Private
39407,1,Public
115907,1,Private
103145,1,Public
109856,1,Private
71023,1,Private
69817,1,Public
50936,1,Private
26609,0,Private
21252,1,Public
104948,1,Public
40588,1,Public
104334,0,Private
60071,1,Public
5475,1,Public
45521,1,Public
62482,0,Private
103754,1,Private
35680,1,Public
109256,1,Public
75256,1,Public
1846,1,Public
62483,0,Private
89774,1,Public
85607,1,Private
94691,1,Public
80706,1,Public
37563,1,Public
120791,1,Private
107422,1,Private
14515,1,Public
68578,1,Private
95305,1,Public
56406,1,Public
102533,1,Private
66743,1,Private
15722,1,Public
108669,0,Private
25440,0,Private
107423,1,Public
58218,1,Private
54012,1,Private
36298,1,Public
100096,1,Public
76469,0,Private
86234,0,Private
71626,0,Private
78879,0,Private
47961,1,Private
54624,1,Public
36299,1,Private
59471,1,Private
85006,1,Public
41187,1,Private
44288,1,Private
71024,1,Private
74086,1,Private
45522,0,Private
26610,1,Public
32669,1,Private
64908,1,Public
47365,0,Private
71627,0,Private
13876,0,Public
3647,1,Public
41188,1,Public
46759,1,Private
117106,0,Private
86818,1,Public
117105,0,Private
83151,1,Public
49129,0,Private
95899,1,Private
59472,1,Public
36929,1,Private
116515,1,Public
65539,1,Public
7866,1,Private
121404,1,Public
68579,1,Public
35681,1,Public
50336,1,Public
15723,1,Public
84381,1,Public
1847,1,Public
43662,0,Private
31501,1,Private
89194,1,Private
53392,0,Private
39997,1,Private
24212,1,Public
62484,1,Public
68580,1,Public
107424,0,Private
18205,1,Public
64909,1,Private
44289,1,Private
59473,1,Private
81952,1,Private
7867,1,Private
61292,0,Private
105576,1,Private
73498,1,Private
16948,1,Public
117107,0,Public
35682,0,Public
97085,1,Private
44290,1,Private
12089,1,Public
53393,0,Private
27196,0,Private
104949,1,Public
50937,0,Private
93455,1,Public
88614,0,Private
32082,0,Private
63096,1,Public
103756,1,Private
103755,1,Public
32670,0,Private
51569,1,Public
114093,1,Private
47366,1,Private
32671,0,Private
104950,1,Public
18816,1,Private
31502,1,Public
18206,1,Public
71025,1,Private
70428,1,Public
104335,0,Private
74676,0,Public
71026,0,Private
80082,1,Private
3648,1,Public
57000,0,Private
109857,1,Public
81953,1,Public
68581,1,Public
79505,1,Private
98904,1,Private
119527,1,Private
32672,0,Private
28413,0,Public
111690,1,Public
89195,0,Public
30884,1,Public
30883,0,Private
78880,0,Public
88615,0,Private
11479,1,Private
3026,1,Private
2433,1,Public
44918,0,Private
112291,1,Private
58842,1,Private
98905,1,Public
10253,1,Public
78881,1,Private
91594,1,Public
80083,1,Public
27197,1,Private
112292,1,Public
79506,1,Private
61293,1,Private
113488,1,Public
18817,1,Public
29020,1,Private
43079,1,Private
43663,1,Private
28414,1,Public
44919,1,Private
84382,1,Private
95900,1,Private
41823,1,Private
31503,0,Private
121405,0,Public
48541,1,Private
50938,0,Private
30268,1,Public
97086,1,Public
28415,0,Private
82542,1,Private
92218,1,Private
19402,1,Private
118928,0,Private
100701,1,Public
74087,1,Private
47962,1,Private
93456,1,Private
16340,0,Private
85007,1,Public
69818,1,Public
100702,0,Private
32083,1,Private
43080,1,Public
80707,1,Public
16949,1,Public
109858,1,Private
109859,1,Private
22456,1,Public
60700,1,Private
37564,1,Private
13299,1,Private
67364,1,Private
2434,1,Public
80084,1,Private
89775,1,Private
58219,1,Private
77693,1,Private
3027,1,Private
96488,0,Private
61903,1,Public
52772,1,Private
94072,1,Public
58220,0,Private
16341,1,Public
7274,0,Private
15724,1,Public
29021,0,Public
38786,1,Private
40589,1,Public
14516,0,Public
85608,1,Public
83152,1,Private
48542,1,Private
83759,1,Private
39998,0,Private
12678,1,Public
64910,0,Private
67365,1,Private
9654,1,Public
108670,1,Private
82543,0,Public
94692,0,Public
43664,1,Private
64311,1,Public
115908,1,Public
16342,1,Private
5476,1,Private
37565,1,Public
1228,1,Private
108671,1,Private
53394,0,Private
33267,1,Public
92843,1,Private
100703,1,Private
72237,1,Private
73499,0,Private
67366,1,Private
27198,1,Private
16343,1,Private
26034,0,Private
38159,1,Public
7868,1,Private
85609,1,Private
117686,1,Private
102534,1,Public
88616,1,Private
56407,1,Private
35075,1,Private
11480,1,Private
96489,1,Private
20672,0,Private
90364,0,Private
80085,1,Private
44920,0,Private
39999,1,Private
9655,1,Private
32673,0,Private
62485,0,Private
30269,1,Public
96490,0,Private
73500,0,Private
110485,1,Public
32084,1,Public
120164,1,Private
38160,1,Public
21838,1,Private
41189,1,Private
94693,1,Public
88617,0,Public
59474,1,Public
108672,1,Private
42448,0,Private
89776,1,Private
21253,1,Private
103146,1,Public
113489,1,Private
77061,1,Public
38161,1,Private
12679,1,Public
57592,1,Public
115309,1,Public
15725,1,Private
72238,1,Public
103757,1,Public
54013,1,Public
27794,1,Private
2435,1,Public
83760,0,Public
6649,1,Private
96491,1,Private
72875,0,Private
95901,1,Public
14517,1,Public
110486,1,Private
120792,0,Private
95902,1,Public
1229,1,Private
55832,0,Private
69190,1,Public
78882,1,Public
36930,1,Public
108045,0,Private
43081,1,Public
96492,1,Private
87411,1,Public
21839,1,Public
85610,1,Public
84383,1,Private
62486,1,Private
71628,1,Private
26035,0,Private
6073,1,Private
22457,1,Private
57593,1,Public
108673,1,Public
30270,1,Public
120793,1,Private
63696,1,Public
59475,1,Public
44291,1,Public
8450,0,Private
81954,1,Private
41190,1,Private
68582,1,Public
60701,1,Private
67970,1,Private
28416,1,Public
100097,0,Private
37566,1,Public
47367,1,Public
81955,1,Public
84384,1,Private
29022,1,Public
62487,1,Private
67971,1,Private
59476,1,Private
44292,1,Private
104336,1,Private
74088,1,Private
23627,1,Public
97087,1,Public
21254,1,Public
5477,0,Private
112293,1,Private
36931,1,Public
58221,1,Public
4857,1,Public
6074,1,Private
100704,1,Private
86235,1,Public
104951,1,Public
118929,1,Public
24808,1,Private
16950,1,Public
69819,1,Public
26611,1,Private
64911,1,Private
103147,1,Public
64312,1,Private
121406,1,Public
84385,1,Public
93457,1,Private
39408,1,Private
80086,1,Public
78883,1,Private
106178,1,Private
10254,1,Public
8451,1,Public
95903,1,Private
25441,1,Public
93458,1,Public
107425,1,Private
115310,1,Private
47964,1,Private
26036,1,Private
47963,1,Public
13300,1,Private
13877,0,Private
58843,1,Public
99518,1,Private
29023,1,Public
57594,0,Private
77062,1,Public
78305,1,Private
95904,1,Public
98277,1,Private
80708,1,Public
32674,1,Private
85008,1,Public
52773,1,Public
59477,1,Private
49130,1,Public
46760,1,Private
42449,1,Public
37567,1,Public
71027,1,Private
77694,1,Public
24809,1,Public
27199,1,Private
38787,1,Public
75863,1,Private
106804,1,Private
83761,1,Public
94694,1,Private
61294,1,Public
16344,1,Private
69191,0,Private
81956,1,Public
4235,1,Public
97675,1,Private
19403,0,Public
11481,1,Private
20031,0,Private
52774,0,Private
63097,1,Public
58222,1,Private
10884,1,Public
56408,1,Public
44293,1,Private
53395,0,Private
7869,1,Public
33855,1,Private
104337,1,Private
91595,1,Public
85009,1,Public
92844,1,Private
93459,1,Private
78884,1,Public
67972,0,Private
23045,0,Private
72239,1,Public
3649,1,Public
111082,0,Private
117687,0,Private
120165,0,Private
120794,0,Private
91596,1,Private
40000,1,Public
30271,0,Public
6650,1,Private
115909,0,Private
3028,1,Public
15108,0,Private
94695,1,Private
76470,1,Private
109257,0,Private
89196,1,Public
24810,0,Private
18818,0,Private
36300,1,Private
31504,1,Public
21840,0,Public
108674,1,Private
55240,0,Private
2436,1,Private
111691,0,Public
22458,0,Public
1230,0,Private
7275,0,Public
110487,0,Public
98906,0,Public
65540,1,Public
119528,1,Private
111083,0,Private
13301,1,Private
102535,0,Private
85010,0,Private
30272,0,Private
36932,0,Public
37568,0,Private
120795,1,Private
120166,1,Public
63697,1,Public
41824,1,Public
50337,1,Private
119529,1,Private
38162,1,Private
111084,1,Private
12090,0,Private
97088,1,Private
117108,1,Public
112294,0,Private
67973,1,Private
87412,1,Public
71629,0,Private
595,1,Private
60702,0,Private
91597,1,Private
67974,0,Private
90365,1,Private
93460,1,Private
91598,1,Private
13878,0,Private
120167,0,Private
24811,0,Private
61904,1,Private
36933,0,Private
95306,1,Private
79507,0,Private
52775,1,Public
114094,1,Private
78306,1,Private
87413,1,Private
63698,0,Private
2437,1,Private
75257,1,Public
99519,0,Private
77695,1,Public
94073,0,Private
61295,1,Private
13879,0,Public
110488,0,Public
16345,0,Private
72876,0,Private
8452,0,Private
112295,0,Public
104338,1,Private
20032,1,Public
99520,0,Public
42450,0,Private
67367,0,Public
40001,0,Private
104952,0,Public
89777,1,Private
104339,1,Private
55241,0,Private
58223,1,Private
81336,1,Private
26037,0,Private
97089,1,Public
44921,0,Private
119530,1,Private
89778,1,Private
57001,0,Private
51570,1,Private
95307,1,Private
16951,1,Private
40002,1,Private
113490,1,Public
74089,1,Private
48543,0,Private
7870,1,Private
43082,0,Private
88008,0,Private
1848,1,Public
66146,1,Public
90366,1,Private
100098,0,Private
89779,1,Private
93461,0,Private
18819,0,Public
66147,1,Private
16346,1,Private
120796,0,Private
42451,0,Private
13880,0,Public
63098,1,Public
54625,1,Private
80709,0,Public
72877,1,Private
27200,0,Private
41191,1,Public
44294,1,Public
38788,1,Private
81957,1,Private
45523,1,Private
95905,1,Public
44922,1,Private
86819,0,Private
27201,0,Public
79508,1,Private
91599,1,Public
81958,1,Private
110489,0,Public
33856,1,Public
66148,1,Private
92219,1,Private
30273,0,Public
53396,1,Private
43083,0,Private
101314,1,Private
55242,0,Private
81959,1,Private
118315,0,Public
27202,0,Public
85611,0,Private
84386,1,Public
54014,1,Public
32675,0,Private
103758,1,Public
89197,1,Private
69192,0,Private
15726,0,Private
89198,1,Public
80710,1,Public
36934,0,Public
92845,1,Private
57595,1,Public
97676,0,Private
21841,0,Private
20033,1,Private
7871,1,Public
21255,0,Private
1849,1,Public
77063,1,Public
115911,1,Public
115910,1,Public
13302,0,Private
33268,1,Private
4236,0,Private
86236,0,Public
46761,1,Private
90367,1,Private
90368,0,Private
7276,0,Public
47368,0,Private
4237,0,Public
18820,0,Public
4238,0,Private
5478,0,Private
9656,0,Private
4239,0,Public
116516,0,Private
54626,1,Private
74090,1,Private
100099,1,Private
58224,1,Private
3650,1,Private
44295,0,Private
20034,1,Public
73501,0,Private
81960,1,Private
44296,1,Private
16347,1,Private
88009,1,Private
85612,0,Private
24213,1,Private
40590,1,Private
99521,0,Private
3651,1,Public
46762,1,Private
114095,1,Private
35076,0,Private
10255,0,Private
63699,1,Private
55243,1,Public
104340,1,Private
89199,1,Public
596,0,Private
35683,0,Public
60072,1,Public
52166,1,Private
23628,1,Private
72240,0,Private
14518,0,Public
78307,0,Private
44923,0,Private
78885,0,Private
34463,0,Private
54627,0,Private
35077,0,Public
42452,1,Private
102536,0,Public
117688,0,Private
85613,0,Private
108675,1,Private
52776,1,Public
71630,0,Private
40591,1,Public
60703,0,Private
83153,0,Private
96493,0,Private
8453,0,Public
80711,1,Public
53397,0,Private
117689,0,Public
5479,0,Private
61905,1,Private
95906,0,Private
104953,0,Private
46129,0,Private
18207,0,Private
93462,0,Private
98907,0,Private
32085,1,Private
11482,0,Private
105577,1,Private
56409,0,Private
29650,1,Public
66149,0,Private
38163,1,Private
36301,1,Private
40003,0,Private
90981,1,Private
81337,1,Private
1231,1,Private
40004,0,Private
52777,1,Private
60073,1,Public
4858,0,Private
20035,1,Public
77696,1,Private
86237,0,Private
4859,1,Private
63099,1,Public
9074,0,Public
64912,1,Private
37569,0,Public
75864,1,Public
83154,0,Public
85011,0,Public
35684,0,Private
36302,0,Private
48544,0,Private
14519,0,Public
95308,0,Private
76471,1,Private
70429,1,Private
64913,1,Private
94696,1,Public
4240,0,Private
16952,1,Private
38164,1,Private
76472,1,Private
16348,1,Private
35685,0,Private
63700,0,Private
107426,1,Private
108676,0,Private
86820,0,Private
92846,1,Private
16349,0,Private
46763,1,Private
82544,1,Public
33269,0,Private
114675,1,Private
19404,0,Private
35078,0,Public
90369,0,Private
62488,0,Private
51571,0,Private
81338,0,Private
71631,0,Public
110490,0,Private
98278,1,Public
33857,0,Public
87414,1,Private
17568,0,Private
88010,0,Private
88618,1,Public
33858,1,Public
108677,0,Private
73502,1,Private
82545,1,Public
597,1,Public
113491,1,Public
58225,1,Public
26612,0,Public
4241,0,Public
67975,0,Private
115912,0,Private
100705,1,Public
71632,1,Private
103148,0,Private
9075,0,Private
39409,0,Public
89780,0,Private
90982,1,Private
40592,1,Public
36303,1,Private
36935,0,Private
25442,0,Private
91600,0,Private
104341,0,Private
75865,0,Public
78308,1,Public
38165,1,Public
118930,0,Private
57003,1,Private
8454,0,Public
57002,0,Private
1850,1,Public
37570,0,Public
121407,1,Private
111692,0,Private
5480,1,Public
87415,1,Private
28417,1,Private
89200,0,Public
29024,0,Private
71028,1,Private
36936,0,Private
32676,1,Private
103149,0,Private
115311,1,Private
49131,1,Public
16350,0,Public
57596,1,Public
77697,1,Public
43084,0,Private
36304,1,Private
100706,1,Public
106805,0,Public
99522,0,Public
3029,1,Public
93463,0,Private
83762,0,Public
3652,1,Private
105578,0,Private
19405,0,Private
114676,0,Private
120797,1,Private
15109,1,Private
118931,0,Private
44924,1,Public
117690,0,Private
94697,1,Private
1232,0,Private
49711,1,Private
120798,0,Private
23629,1,Private
104342,0,Private
60074,1,Public
39410,0,Private
49132,1,Public
108046,1,Private
77064,1,Public
14520,0,Public
16953,1,Private
66744,0,Private
29025,0,Private
9076,0,Private
103759,1,Public
26613,0,Public
41825,1,Private
1851,1,Public
114677,1,Private
33859,0,Public
4860,1,Private
100100,0,Private
99523,0,Private
98279,0,Public
3030,1,Public
103150,0,Private
118932,1,Private
4861,1,Private
109258,0,Private
89781,1,Private
67976,0,Private
3031,1,Private
97090,0,Private
29026,0,Public
23046,0,Private
8455,1,Private
55244,0,Private
49133,1,Public
54628,1,Public
66150,1,Public
114096,1,Private
598,1,Public
67977,0,Private
92220,1,Private
82546,1,Public
107427,1,Private
101927,0,Private
75258,1,Private
77698,1,Private
66745,0,Public
112884,0,Private
10885,0,Private
70430,1,Private
46764,0,Private
16351,1,Private
29027,0,Private
16352,1,Private
74091,1,Private
100707,1,Public
599,1,Public
98908,0,Public
60704,0,Private
111085,0,Private
100708,1,Private
119531,0,Private
69820,1,Private
30274,0,Private
55833,1,Private
36937,0,Private
30885,0,Private
99524,0,Public
20673,0,Private
49712,1,Public
118933,1,Private
108047,0,Private
85614,0,Private
86238,0,Private
24214,1,Private
14521,0,Private
67368,0,Public
10256,0,Public
83763,0,Private
77699,1,Public
91601,1,Private
100101,1,Private
76473,1,Private
36938,0,Public
118316,0,Private
57004,0,Private
74092,0,Private
2438,1,Private
7277,0,Public
61296,0,Private
55246,1,Private
98909,0,Private
11483,0,Private
46131,0,Private
46130,1,Private
73503,0,Private
55245,0,Private
6075,0,Private
64313,0,Public
17569,1,Private
7278,0,Public
111086,0,Private
12680,1,Public
7279,0,Private
81961,1,Private
29028,0,Private
19406,0,Private
97677,0,Private
50939,0,Private
82547,1,Private
7872,1,Public
47369,0,Public
42453,0,Private
65541,1,Public
67369,0,Private
98910,0,Private
83155,0,Private
80087,1,Public
25443,0,Public
80712,1,Public
98280,0,Private
40005,0,Private
112296,0,Public
30275,0,Private
107428,1,Private
94074,0,Private
53398,0,Public
24215,1,Public
33860,1,Public
96494,0,Private
45524,0,Private
32677,0,Public
10257,0,Public
32086,1,Public
9657,0,Private
73504,1,Private
86239,0,Private
94698,1,Public
41192,1,Public
76474,0,Public
46765,0,Private
40593,1,Public
14522,0,Public
18821,0,Private
46132,1,Public
117691,0,Private
38789,0,Private
109259,0,Private
72241,0,Private
33270,1,Public
112885,0,Public
30276,0,Private
78309,0,Private
86240,0,Private
89782,1,Public
47370,0,Public
95309,1,Private
118934,1,Private
67978,0,Private
43085,1,Public
4862,1,Public
50940,1,Private
67979,0,Private
108678,1,Public
104954,0,Public
17570,1,Public
43665,1,Private
88011,1,Public
71633,1,Private
104343,1,Private
67370,0,Public
77700,1,Public
80088,1,Private
21842,0,Public
40594,1,Public
118317,0,Private
89201,1,Public
23630,1,Private
102537,0,Public
14524,0,Private
104344,1,Public
14523,0,Private
51572,1,Public
7280,0,Public
108048,0,Private
72878,0,Private
96495,0,Private
55834,0,Private
112886,0,Private
116517,1,Public
106179,1,Public
88012,1,Private
111693,0,Public
46766,0,Private
46767,0,Private
37571,0,Public
101928,0,Private
119532,1,Public
53399,0,Private
120800,0,Private
93464,1,Public
63701,1,Public
26614,0,Public
92221,0,Private
120799,0,Private
104955,0,Private
33271,1,Private
17571,1,Public
100102,1,Private
77065,1,Public
30277,0,Private
103151,0,Public
29651,1,Private
36939,0,Public
75866,0,Private
34464,0,Public
103152,0,Public
24216,1,Private
72242,1,Private
78310,0,Private
600,1,Public
44297,0,Private
117109,1,Private
32678,0,Private
38166,1,Private
71029,1,Private
52778,0,Private
84387,1,Public
70431,1,Public
64314,0,Private
4863,1,Public
29652,1,Public
97678,1,Private
12681,1,Public
81339,1,Public
16354,1,Public
41193,1,Public
72879,0,Private
57597,1,Private
35686,0,Public
16353,0,Private
27203,0,Public
6076,1,Public
104956,0,Private
90983,0,Private
94075,0,Private
51573,1,Private
18208,1,Private
27795,0,Private
1852,1,Public
44925,1,Private
1233,1,Private
50941,0,Private
16355,0,Private
80089,1,Public
13881,0,Public
51574,1,Private
101929,1,Private
601,0,Private
29653,1,Private
89783,0,Private
1234,0,Public
71030,0,Private
15727,1,Private
87416,1,Public
602,1,Public
10258,0,Public
59478,0,Public
13882,0,Private
51575,0,Private
113492,1,Private
35079,0,Private
100709,1,Public
6651,0,Private
78311,0,Private
61297,0,Private
47371,0,Private
15728,0,Private
13303,0,Private
20036,1,Public
26038,0,Private
56410,0,Private
119533,1,Private
70432,1,Private
44927,1,Private
44926,0,Private
111694,0,Public
30886,1,Private
101315,0,Private
60705,0,Private
40595,1,Public
78886,0,Private
88619,1,Public
49713,1,Public
26615,0,Public
39411,0,Public
67980,0,Private
120168,1,Private
23047,1,Private
6077,1,Private
77701,1,Private
25444,0,Public
43666,0,Public
63702,1,Private
33861,1,Public
115312,1,Private
101316,0,Private
104345,0,Private
6078,1,Private
69821,1,Private
46768,0,Private
41194,0,Private
3653,1,Public
49714,1,Public
1853,1,Public
50942,0,Private
114097,0,Private
52167,1,Private
6079,1,Private
112887,0,Private
46133,0,Private
46134,0,Private
51576,1,Public
17572,1,Public
38790,1,Private
1854,1,Public
9077,0,Public
40006,0,Private
54629,0,Public
59479,0,Public
24812,0,Private
7281,0,Public
34465,1,Private
24813,1,Private
71031,0,Private
6080,1,Private
38791,0,Private
97679,0,Private
35080,0,Public
35081,0,Public
23631,1,Private
110491,0,Public
38167,1,Public
91602,0,Private
75259,1,Private
110492,0,Private
28418,1,Private
5481,1,Private
99525,0,Public
13304,1,Private
61298,0,Private
65542,1,Public
46135,0,Private
91603,1,Private
118318,0,Public
99526,0,Private
33272,1,Public
73505,0,Private
65543,1,Public
30278,0,Public
118935,0,Private
109860,0,Public
47372,0,Private
70433,1,Public
26039,0,Private
109861,1,Private
31505,1,Private
89202,1,Private
21256,0,Public
10886,1,Private
22459,0,Private
4864,1,Public
66151,0,Private
12091,0,Public
58226,0,Private
3032,0,Public
101930,1,Private
85615,0,Public
88013,1,Private
40596,1,Public
7282,0,Private
114678,1,Private
59480,0,Private
16954,1,Public
6081,1,Public
6652,0,Private
36305,0,Private
46769,0,Private
102538,0,Private
64914,1,Public
54630,1,Public
80090,1,Private
94076,0,Private
62489,0,Private
112297,0,Private
45525,1,Private
121408,1,Private
91604,1,Private
47965,0,Private
86241,0,Private
21843,0,Private
118319,0,Private
112888,1,Private
48545,1,Private
111087,1,Private
57598,1,Private
17573,1,Public
71634,1,Private
27796,0,Private
603,1,Public
117110,0,Private
91605,1,Public
6082,1,Private
36306,1,Private
110493,0,Private
20037,1,Public
54015,1,Public
45526,1,Private
111089,1,Private
111088,0,Private
6653,0,Private
43667,0,Private
100103,1,Private
27204,0,Private
73506,1,Private
86821,0,Private
79509,0,Private
47966,0,Private
86242,0,Private
71635,0,Private
90370,1,Public
74677,0,Private
8456,1,Public
7283,0,Public
72243,1,Private
113493,1,Public
39412,0,Public
27205,0,Public
83764,0,Private
59481,0,Public
30279,0,Public
60706,1,Private
6083,1,Private
59482,0,Private
92847,1,Private
80713,1,Public
16356,1,Private
43668,1,Private
72244,1,Public
99527,0,Private
54631,1,Public
94077,0,Private
107429,0,Private
6084,1,Private
31506,1,Private
118936,0,Private
13305,0,Private
14525,0,Public
27206,0,Private
3654,1,Private
6654,0,Private
76475,0,Private
49134,1,Public
58227,1,Private
94078,0,Private
71636,0,Private
4242,0,Public
86243,0,Private
80714,1,Public
73507,0,Private
109862,0,Private
110494,0,Public
7284,0,Public
111695,0,Private
32087,1,Private
60075,1,Public
43086,0,Private
79510,1,Public
121409,0,Public
95907,1,Private
116518,1,Private
114098,1,Private
119534,1,Public
81962,1,Public
6655,0,Private
76476,1,Private
67981,1,Private
77066,1,Private
26616,0,Private
100104,1,Public
110495,0,Public
92222,1,Private
105579,1,Private
58844,1,Private
91606,0,Private
69193,0,Public
63100,1,Public
105580,1,Private
60707,0,Private
46136,1,Private
17574,0,Public
77067,1,Public
121410,1,Private
1235,0,Private
12682,1,Private
51577,1,Public
83765,0,Private
60708,0,Private
72245,1,Public
58845,1,Private
33273,1,Public
66746,0,Private
7285,0,Public
44298,0,Private
29029,0,Public
13306,1,Private
54632,1,Private
106806,0,Private
104957,0,Public
105581,1,Public
30280,0,Private
63101,1,Private
42454,0,Public
60709,1,Private
81340,1,Private
95310,1,Private
111090,1,Private
40597,0,Public
97680,1,Private
81963,1,Public
56411,1,Public
69822,0,Private
100105,1,Public
44928,1,Private
54016,1,Public
100106,1,Public
53400,0,Private
90371,0,Public
78312,0,Private
80091,1,Private
77702,1,Public
82548,1,Public
103760,1,Private
75867,1,Public
55835,1,Private
111091,0,Private
43087,1,Public
29030,0,Private
40598,1,Private
112298,0,Private
81964,1,Public
69195,0,Private
40599,1,Public
69194,0,Private
79511,1,Public
16357,1,Private
71032,1,Private
120169,1,Public
86822,0,Private
119535,1,Public
6656,1,Private
71033,0,Private
33274,1,Public
120170,1,Public
57599,1,Public
97681,1,Private
54017,1,Public
89203,1,Private
20038,1,Public
32088,1,Private
114099,1,Public
43088,1,Public
21257,0,Private
17575,1,Public
95908,1,Public
18822,0,Private
9078,0,Private
52779,1,Private
4865,1,Public
10887,0,Private
116519,1,Private
110496,0,Private
36940,0,Public
39413,0,Private
44299,0,Private
52780,1,Private
78887,0,Public
114100,1,Public
45527,0,Private
75260,1,Private
73508,0,Private
115913,1,Private
108679,1,Private
64915,1,Public
24217,1,Private
12683,1,Public
71637,1,Private
108049,1,Private
66152,1,Private
46771,1,Private
46770,0,Private
37572,0,Private
118937,0,Private
41826,0,Private
44929,1,Public
23048,1,Public
7286,0,Public
87417,1,Public
54018,1,Public
95909,1,Public
87418,0,Public
604,1,Public
76477,0,Private
119536,1,Public
41195,1,Public
26040,0,Private
66153,1,Public
66747,0,Private
71638,1,Private
22460,0,Public
104346,1,Private
48546,1,Private
78888,0,Private
63703,0,Private
33862,1,Public
78889,0,Private
90372,1,Public
120171,1,Private
82549,1,Public
108680,1,Public
105582,1,Public
71639,0,Private
61906,1,Private
106807,0,Private
83156,0,Private
16955,0,Private
9079,0,Public
73509,1,Private
103761,1,Public
41196,1,Private
32679,0,Private
11484,1,Private
44300,0,Private
26617,0,Private
22461,0,Private
72880,0,Private
19407,0,Private
3033,1,Private
34466,1,Private
9080,0,Public
76478,0,Private
105583,1,Private
101931,0,Private
74678,0,Private
23049,0,Private
46772,0,Private
55247,0,Private
9081,0,Private
92223,0,Private
79512,1,Private
70434,0,Private
81965,1,Private
29654,0,Private
77068,0,Public
81966,1,Public
81967,1,Public
98911,0,Private
36941,0,Public
91607,0,Private
8457,0,Public
115313,1,Private
64916,1,Private
97682,0,Private
103153,0,Public
46773,0,Private
12092,0,Public
63704,1,Private
3034,1,Private
29031,0,Public
64316,0,Private
64315,0,Public
105584,1,Private
117692,0,Private
73510,0,Private
3035,1,Public
54019,1,Public
29032,0,Public
15110,1,Private
89784,1,Public
90984,1,Private
33275,0,Private
47373,0,Public
92848,0,Private
72881,0,Private
113494,1,Public
2439,1,Private
32089,1,Public
29655,1,Private
97683,0,Private
86823,0,Private
101932,1,Private
14526,0,Private
39414,0,Private
18823,0,Private
50338,1,Public
24218,1,Public
19408,0,Private
22462,0,Private
71640,0,Private
94699,0,Public
103762,1,Public
81968,1,Public
15111,1,Private
2440,1,Private
66748,0,Public
51578,1,Private
97684,0,Private
117693,0,Private
101933,0,Private
58228,1,Private
86244,0,Private
120801,1,Private
103763,1,Public
39415,0,Private
22463,0,Public
6657,0,Private
96496,0,Private
28419,1,Private
67371,0,Private
109863,0,Private
101934,0,Private
33863,1,Private
98281,1,Private
89785,1,Public
55248,0,Private
16956,1,Private
27797,0,Private
113495,1,Public
32090,1,Public
5482,1,Public
7873,0,Private
21258,0,Private
100710,0,Private
114101,1,Private
114679,1,Public
70435,0,Private
72246,1,Public
87419,1,Public
6658,0,Private
10259,0,Public
10888,0,Public
7287,0,Private
60076,1,Private
35687,0,Private
33276,1,Private
72247,1,Public
30281,0,Public
98282,0,Private
28420,1,Private
97091,1,Private
21844,0,Private
26618,0,Public
94700,1,Public
55836,1,Private
97092,1,Public
69823,1,Public
1855,0,Public
69196,0,Public
96497,0,Public
107430,1,Public
69824,1,Private
13307,1,Private
117111,0,Private
69825,1,Public
106808,0,Public
13883,0,Public
80092,1,Public
113496,0,Private
111092,1,Public
107431,0,Private
98283,1,Private
60710,1,Public
5483,0,Private
81341,1,Private
78313,1,Public
102539,0,Private
78890,0,Private
90373,1,Private
6085,1,Private
11485,1,Public
81342,0,Private
71034,0,Public
37573,0,Private
86824,0,Public
76479,1,Public
23632,1,Private
112889,0,Public
67372,0,Private
71035,0,Private
27798,0,Private
56412,1,Private
10889,1,Private
65544,1,Private
1236,1,Public
40007,0,Private
92849,1,Private
40600,0,Private
41827,1,Public
104958,0,Public
35688,0,Private
13308,1,Private
57005,1,Private
94701,1,Public
70436,1,Private
13884,0,Private
88014,0,Private
101935,1,Private
89204,1,Private
40601,1,Public
41197,0,Private
81969,1,Public
61299,0,Private
64917,1,Private
112299,0,Private
82550,1,Private
71036,0,Private
67373,0,Private
82551,0,Private
2441,0,Private
33864,1,Private
93465,0,Private
58846,1,Private
111093,0,Private
54020,1,Public
24219,0,Public
77069,1,Public
32091,1,Private
51579,1,Private
51580,0,Private
37574,0,Private
11486,1,Private
47374,0,Private
20039,1,Private
106809,0,Private
49715,1,Private
605,1,Public
19409,0,Private
111094,1,Private
77070,1,Public
114680,1,Private
89205,1,Private
97685,1,Public
45528,0,Private
105585,1,Private
85012,0,Public
50339,1,Public
12684,1,Private
57006,1,Private
49716,1,Public
110497,0,Public
81970,1,Public
27207,0,Public
55249,1,Public
85616,0,Private
10260,0,Private
58847,0,Private
44930,0,Private
74093,1,Private
111696,0,Private
22464,0,Public
19410,0,Public
89206,1,Private
91608,0,Private
13885,0,Private
37575,0,Private
57600,1,Private
98912,0,Public
118320,0,Private
112890,1,Public
40008,1,Private
119537,1,Private
120172,1,Private
97686,0,Private
35689,0,Private
59483,0,Public
8458,1,Public
69197,0,Private
69198,0,Private
66749,0,Public
92850,1,Private
61907,1,Private
95910,1,Private
101317,1,Private
73511,0,Private
107432,1,Public
59484,0,Public
4866,0,Private
59485,0,Private
12685,1,Private
81971,1,Public
105586,1,Private
12093,0,Private
35691,0,Private
35690,0,Private
75868,1,Public
28421,0,Private
4867,1,Private
121411,1,Public
36942,0,Private
77703,1,Private
9082,0,Public
12094,0,Private
27799,1,Private
52168,0,Private
96498,0,Private
81343,0,Private
50340,1,Private
67374,0,Private
101936,0,Private
24220,1,Private
12686,1,Private
53401,1,Public
14527,0,Private
111095,1,Public
41828,1,Private
74679,1,Public
30282,0,Private
98284,1,Public
32680,1,Private
29033,0,Private
36307,0,Private
100107,1,Public
20674,1,Public
103764,1,Public
61300,1,Private
38168,1,Private
57601,1,Private
1856,1,Private
83766,0,Public
44931,1,Private
66750,0,Private
47375,0,Public
81344,0,Private
80093,0,Public
110498,0,Private
69826,1,Public
17576,1,Private
77071,1,Public
80715,1,Public
103154,0,Private
85617,0,Private
46774,1,Private
58848,1,Private
102541,0,Public
34467,1,Private
63705,0,Private
107433,1,Private
102540,0,Private
40602,1,Public
58849,0,Private
10261,0,Private
108681,1,Public
33865,1,Public
29656,1,Public
109864,0,Public
45529,0,Private
12687,0,Private
77072,0,Private
32681,0,Private
2442,1,Private
81972,1,Private
76480,0,Private
100108,0,Private
18824,0,Public
78891,0,Public
93466,1,Private
64918,0,Private
94702,1,Public
46137,0,Private
90374,1,Private
63102,1,Private
23050,0,Private
29034,0,Public
607,1,Private
20675,1,Private
67375,0,Private
118938,1,Public
606,1,Public
4243,0,Public
83767,0,Public
66751,0,Private
60077,1,Public
52169,1,Public
8459,1,Public
16358,1,Public
39416,0,Private
58850,0,Private
90985,1,Private
12095,0,Private
608,1,Public
85618,0,Private
61908,1,Private
108682,1,Private
103765,1,Private
7288,0,Private
110499,0,Private
11487,1,Public
97093,1,Public
68583,1,Private
40603,1,Public
1237,1,Public
88620,0,Private
78892,0,Public
13886,0,Private
65545,1,Public
95911,1,Public
21259,0,Private
85619,0,Public
97094,0,Private
101937,1,Public
35692,0,Public
106180,1,Public
61909,1,Private
32092,1,Private
18209,1,Private
52170,1,Public
83157,0,Private
67982,1,Private
24814,1,Private
28422,1,Public
19411,0,Private
97095,1,Public
76481,0,Private
9083,0,Private
112300,0,Private
38169,1,Private
109865,0,Private
97096,0,Private
43089,1,Public
86825,0,Private
44932,1,Private
41198,1,Private
24221,1,Private
53402,0,Private
38792,1,Private
13309,0,Private
88015,0,Private
95311,1,Private
28423,1,Public
66752,0,Private
46775,0,Private
47376,0,Public
85013,0,Public
24222,1,Public
24815,0,Private
98913,0,Private
25445,0,Private
38793,1,Private
120173,1,Private
104959,0,Public
88621,0,Private
4868,1,Private
67983,0,Private
111697,0,Public
55250,0,Private
44933,0,Private
43669,0,Private
53403,0,Private
7874,1,Public
10890,1,Private
67984,1,Private
102542,0,Public
45530,0,Private
121413,1,Public
121412,1,Private
92224,0,Private
73512,1,Private
70437,1,Private
87420,1,Private
11488,0,Private
78893,0,Private
27800,0,Private
69827,1,Public
32093,1,Public
32094,0,Private
7875,0,Private
63103,1,Public
26619,0,Private
100109,1,Public
106810,0,Private
22465,0,Public
11489,1,Private
32682,0,Private
115314,1,Public
68584,0,Private
108050,1,Private
7289,0,Private
4869,1,Public
97097,1,Public
76482,0,Private
104347,1,Private
120802,0,Private
100110,1,Private
102543,0,Private
17577,1,Public
22466,0,Public
49717,1,Public
13887,0,Private
94079,0,Private
11490,0,Public
25446,0,Private
11491,0,Public
61910,1,Private
106181,1,Public
66154,1,Public
17578,0,Private
35693,0,Public
69199,0,Private
106811,0,Private
30887,1,Private
118321,0,Private
72248,1,Private
75869,1,Public
4244,0,Private
27208,0,Public
120803,0,Private
52781,1,Public
44934,1,Public
15729,1,Public
18825,0,Public
30888,1,Private
89786,1,Private
108051,1,Public
10262,0,Public
6086,0,Private
109866,1,Private
106182,1,Private
1857,1,Private
49718,1,Public
64317,0,Public
2443,1,Public
69828,1,Public
13888,0,Private
80716,1,Private
94703,0,Public
78314,1,Public
63706,1,Private
69829,0,Private
35082,0,Public
108683,0,Private
49719,1,Public
1858,1,Public
120174,0,Private
101319,1,Private
75261,1,Public
101318,1,Private
1859,1,Private
9658,0,Public
27801,1,Public
108052,1,Private
53404,1,Public
86245,0,Private
117112,1,Public
12096,0,Public
49720,1,Private
54633,1,Private
103766,1,Private
27802,1,Public
118322,0,Public
49135,1,Private
77704,1,Private
88016,1,Private
26620,0,Public
78315,1,Public
98914,0,Private
71641,1,Public
77073,1,Private
21260,0,Private
66155,1,Private
64318,0,Private
88622,1,Private
71642,1,Private
80717,1,Public
97098,1,Public
43090,1,Public
81345,0,Private
15730,1,Public
25447,0,Private
56413,1,Public
32683,1,Public
97099,1,Public
57602,1,Private
77074,1,Public
12688,1,Private
107434,1,Public
61911,0,Private
111096,1,Private
52171,1,Public
101320,1,Public
117694,0,Public
54634,1,Public
61301,1,Private
76483,0,Private
18210,1,Public
13889,0,Private
101938,1,Private
16359,0,Private
103155,0,Public
17579,1,Public
20676,0,Private
9084,0,Public
86246,0,Public
54021,0,Public
109867,0,Private
115315,0,Private
72882,1,Private
119539,0,Private
119538,1,Private
43091,1,Public
62490,0,Public
6659,1,Private
98915,0,Private
89787,1,Private
83768,0,Private
94704,0,Private
38794,1,Private
30889,1,Private
115316,0,Private
13890,0,Private
105587,1,Private
80718,0,Private
27803,1,Public
83769,0,Public
84388,1,Private
69830,1,Public
10891,1,Private
57603,1,Private
39417,0,Public
32684,1,Private
42455,0,Public
29657,1,Private
75262,1,Private
46138,1,Public
109868,1,Private
43670,0,Private
38795,1,Private
40009,1,Private
61912,1,Private
15112,0,Private
104348,1,Private
97687,0,Public
72249,0,Public
85620,0,Public
55837,1,Private
12097,0,Private
28424,1,Private
50341,1,Public
97688,1,Private
27209,0,Public
24816,1,Private
97689,0,Private
36943,0,Private
86247,0,Private
86826,0,Private
96499,0,Private
88017,1,Public
76484,0,Private
106812,0,Public
77705,1,Private
117113,0,Private
23051,0,Public
60078,1,Public
12689,1,Private
79513,1,Private
90986,1,Private
67376,0,Public
24223,1,Private
103767,1,Public
29658,1,Public
46139,1,Private
85621,0,Private
27210,0,Public
67985,1,Private
49721,1,Public
1860,1,Public
92851,1,Public
109260,0,Private
114681,1,Private
26621,0,Private
65546,1,Public
78316,1,Private
38796,0,Private
106183,1,Public
108053,0,Private
105588,0,Private
21845,0,Public
5484,1,Private
106184,1,Private
113497,1,Public
120804,0,Private
121414,0,Public
32685,1,Private
16957,1,Public
114682,0,Private
10263,0,Public
106185,1,Public
36944,0,Private
106186,0,Private
21846,0,Private
80719,1,Public
113498,1,Private
45531,1,Private
110500,0,Public
35694,0,Public
60079,1,Public
79514,1,Public
81346,0,Private
115914,1,Private
65547,1,Public
3036,0,Public
113499,1,Public
21847,0,Private
36308,0,Private
64319,0,Public
10892,1,Private
15731,1,Private
83770,0,Private
40604,1,Public
43671,1,Private
98916,0,Private
7290,0,Private
53405,1,Private
29035,0,Private
108054,1,Private
74094,1,Public
56414,1,Public
69831,1,Public
7291,0,Public
78894,0,Public
89207,0,Private
66753,0,Public
12098,0,Private
51581,1,Private
63707,1,Public
13310,1,Private
54022,0,Private
53406,1,Private
33277,1,Public
107435,1,Public
37576,0,Private
112891,1,Public
100711,1,Public
96500,0,Private
54635,1,Public
33278,0,Public
47967,0,Private
68585,1,Private
108055,1,Private
28425,0,Private
67377,0,Public
71643,1,Private
104349,1,Private
114102,1,Public
28426,1,Private
54023,0,Private
94080,0,Private
48547,1,Public
117114,1,Public
3655,1,Private
89208,1,Public
45532,0,Private
44935,0,Private
54024,1,Private
119540,1,Public
84389,1,Private
67378,0,Private
115317,1,Public
13891,0,Public
30283,0,Public
41199,1,Public
55838,1,Private
111698,0,Public
58851,1,Private
78895,0,Public
80720,1,Public
20040,1,Public
93467,1,Public
109869,1,Private
84390,1,Public
17580,1,Public
60080,1,Private
66754,0,Private
74095,1,Public
62491,0,Public
111097,1,Public
59486,0,Private
41200,1,Public
100111,1,Public
85622,0,Private
8460,1,Public
86827,0,Private
10893,1,Public
103768,1,Public
4245,0,Public
113500,1,Public
66156,1,Public
68586,1,Public
81347,1,Private
95912,1,Public
60081,1,Private
35083,0,Private
103769,1,Public
16958,1,Private
63708,1,Private
120175,1,Private
41829,1,Public
60082,1,Public
33279,1,Private
75870,1,Private
43092,0,Private
106813,0,Private
112892,1,Public
4246,0,Private
13892,0,Private
20041,1,Private
30284,0,Public
120176,1,Public
42456,1,Public
96501,0,Private
118323,0,Public
57604,0,Private
6087,1,Private
112893,1,Private
20677,1,Private
103770,1,Public
56415,1,Private
62492,0,Private
100712,1,Private
38170,1,Public
97100,1,Public
11492,1,Private
15113,1,Public
27804,1,Public
81348,0,Private
15114,1,Private
48548,1,Public
56416,1,Public
3656,1,Private
116520,1,Private
116521,0,Public
20042,0,Public
45533,1,Private
27805,1,Public
5485,1,Public
97690,1,Private
49136,1,Public
46140,1,Private
27806,1,Private
49137,1,Public
92852,1,Private
28427,1,Public
8461,1,Private
51582,1,Private
121415,1,Public
68587,1,Public
72250,1,Private
609,1,Private
86828,0,Public
44301,1,Private
39418,0,Public
89209,1,Public
50943,1,Private
112301,0,Public
62493,0,Public
14528,0,Private
46776,1,Public
14529,0,Private
85014,0,Public
100713,1,Public
610,1,Private
98917,0,Public
109261,1,Private
31507,1,Public
114103,1,Public
20678,1,Private
77075,1,Public
60711,1,Public
64919,1,Private
55251,1,Public
117115,0,Public
85623,0,Public
76485,1,Private
16959,1,Private
97101,1,Public
102544,0,Private
64320,0,Public
32686,1,Public
99528,0,Public
19412,0,Public
118324,0,Private
107436,1,Private
75263,1,Private
52782,1,Public
54025,1,Public
24224,1,Public
91609,1,Private
53407,1,Public
64321,0,Private
40605,1,Private
41201,1,Private
109870,1,Public
40010,1,Private
104350,1,Private
80721,0,Private
65548,1,Private
120805,1,Public
60083,1,Public
55839,1,Public
44302,0,Public
60084,1,Private
20043,1,Private
57007,1,Public
4247,0,Private
4870,1,Private
67379,0,Public
120177,1,Public
47968,1,Public
59487,0,Private
100112,1,Public
111098,1,Public
16960,1,Private
9659,0,Public
81349,1,Private
1238,0,Public
61913,1,Public
13311,1,Public
107437,1,Public
2444,0,Private
109871,1,Private
43672,1,Public
49722,0,Public
52172,0,Public
36945,0,Private
47377,0,Public
72883,0,Private
109262,1,Public
61914,1,Public
29036,0,Public
32687,1,Public
15732,1,Public
28428,1,Private
74096,1,Private
104351,1,Private
44936,1,Private
12690,1,Private
109263,1,Private
26622,0,Private
75871,1,Public
108056,1,Public
108684,1,Private
1239,1,Private
71644,0,Private
56417,0,Private
54636,1,Public
107438,1,Private
40011,1,Public
52173,1,Public
99529,0,Private
34468,0,Private
73513,1,Private
100714,1,Private
77706,0,Public
101939,1,Private
49723,0,Public
13312,1,Public
81973,0,Private
98285,1,Public
112302,0,Private
1861,1,Public
74097,1,Private
104960,0,Private
83158,0,Private
59488,0,Public
84391,1,Private
111099,1,Public
50944,1,Public
81350,1,Private
117116,1,Public
76486,1,Public
35084,0,Private
81974,1,Public
41830,1,Public
112894,1,Private
118939,0,Private
66755,0,Private
93468,1,Public
50945,1,Private
85015,0,Private
89788,1,Public
72251,1,Private
66756,0,Public
94081,0,Private
88623,1,Private
104352,1,Public
104961,0,Private
100715,1,Public
108057,1,Private
118940,1,Private
30285,0,Private
32688,1,Private
26623,0,Private
15733,1,Private
113501,1,Public
31508,1,Public
105589,1,Private
5486,0,Private
82552,1,Public
12691,1,Private
100716,1,Public
36309,1,Private
29659,1,Public
58852,1,Private
49724,1,Public
87421,1,Public
38797,1,Private
88624,0,Private
117117,1,Private
16360,1,Public
111699,0,Private
104353,1,Public
55252,1,Private
21848,0,Private
38171,1,Public
33280,1,Public
5487,1,Private
112303,0,Private
104962,0,Private
3657,1,Private
83771,0,Public
118325,0,Public
103771,0,Public
9660,0,Public
105590,0,Private
11493,0,Private
73514,1,Private
10264,0,Public
65549,1,Public
611,1,Private
94705,1,Public
84392,1,Public
81351,1,Private
104963,0,Public
83772,0,Private
106187,1,Public
66757,0,Private
28429,0,Private
103156,0,Private
96502,0,Public
38172,1,Public
44303,1,Public
28430,1,Private
53408,1,Private
39419,0,Private
17581,1,Public
98918,0,Private
98286,1,Public
16961,1,Public
6088,1,Private
18826,0,Private
30890,1,Private
4871,0,Private
16361,1,Private
47969,1,Public
90987,1,Private
87422,0,Private
40012,1,Private
52174,1,Private
64920,0,Private
34469,0,Private
44937,0,Public
115915,0,Private
26624,0,Public
89789,0,Private
75264,1,Private
102545,0,Private
98919,0,Private
12099,0,Private
23052,0,Private
27807,0,Public
24225,1,Public
107439,0,Private
80094,1,Public
80722,1,Private
116522,1,Public
111100,1,Public
57605,1,Private
99530,0,Private
85624,0,Public
6660,1,Public
66157,0,Private
83773,0,Private
35085,0,Private
98287,1,Public
118326,0,Public
98288,1,Private
6089,1,Private
90375,1,Private
47970,1,Private
89790,0,Private
121416,0,Private
54637,1,Private
7292,0,Private
95312,1,Private
64322,0,Private
43093,1,Private
1862,1,Private
41202,0,Private
73515,1,Private
100113,0,Public
111700,0,Private
40606,1,Public
118327,0,Private
26041,1,Private
103157,0,Public
60085,1,Public
80095,1,Public
63104,0,Private
90376,0,Private
81352,0,Private
116523,1,Public
77076,1,Public
71037,1,Private
101321,1,Private
90988,1,Private
50946,0,Private
17582,1,Private
13893,0,Public
63709,0,Private
26042,0,Private
26625,0,Private
102546,0,Public
57008,0,Private
30891,0,Private
22467,0,Private
35695,0,Public
121417,1,Public
105591,1,Private
116524,1,Private
81353,0,Private
41831,1,Public
4872,1,Public
73516,1,Private
13894,0,Public
85016,0,Public
7293,0,Public
10266,0,Private
10265,0,Private
103772,1,Public
69200,0,Public
84393,0,Public
116525,1,Public
98920,0,Private
80096,1,Public
87423,1,Private
34470,1,Private
21849,0,Public
44304,1,Private
78317,1,Private
14530,0,Private
58853,1,Private
21261,0,Public
57009,0,Private
9661,0,Public
85017,0,Private
85018,0,Private
118328,0,Private
111701,0,Public
115916,0,Private
29037,0,Public
10894,1,Private
84394,0,Private
44305,1,Private
34471,1,Public
15115,1,Private
66758,0,Private
93469,1,Private
21262,0,Private
85019,0,Public
26626,0,Public
15116,0,Private
85625,0,Public
40607,1,Public
62494,0,Private
83774,0,Private
45534,0,Private
101322,1,Private
44938,1,Private
117695,0,Public
90377,0,Private
25448,0,Private
3658,1,Public
6090,1,Private
91610,1,Private
39420,0,Public
46777,0,Private
19413,0,Private
67380,0,Public
28431,1,Private
3037,1,Public
78896,0,Public
69201,0,Private
26043,1,Public
105592,0,Public
60712,0,Private
54026,1,Public
19414,0,Public
47971,1,Private
9662,0,Public
21850,0,Private
111702,0,Private
108058,1,Private
13895,0,Public
44939,1,Private
5488,1,Private
53409,1,Private
41203,0,Public
24817,0,Private
119541,0,Private
81975,0,Public
3038,1,Public
89210,1,Public
65550,1,Private
35696,0,Private
31509,1,Private
109872,1,Public
53410,0,Private
52175,1,Private
58229,0,Private
2445,1,Public
55840,1,Private
61302,0,Public
4873,0,Private
6661,0,Public
27211,0,Private
20679,1,Private
80723,1,Private
65551,1,Public
111703,0,Private
32095,1,Private
14531,0,Private
80097,1,Public
60086,1,Public
45535,1,Private
35697,0,Public
60713,0,Private
114104,1,Private
25449,0,Private
44940,1,Private
5489,0,Private
104964,0,Private
77707,1,Public
18211,1,Private
47972,0,Private
67381,0,Public
50342,1,Public
105593,1,Private
90378,0,Private
3659,1,Public
27212,0,Private
68588,1,Public
18827,0,Private
94082,0,Public
32096,1,Private
43094,1,Private
29660,1,Public
17583,1,Private
18828,0,Public
16962,1,Private
4248,0,Private
45536,1,Private
8462,0,Private
26045,1,Private
55841,1,Private
76487,1,Private
26044,0,Private
97102,1,Public
67986,0,Public
117696,0,Private
15117,1,Public
4249,0,Public
108059,0,Private
98289,0,Private
11494,0,Private
46141,1,Private
95313,1,Private
118329,0,Private
3039,1,Private
9085,0,Private
42457,1,Private
78318,0,Private
71645,0,Private
100114,0,Private
6091,1,Private
26627,0,Public
24226,1,Private
82553,1,Public
56418,1,Public
117697,0,Public
22468,0,Public
118330,0,Public
83159,0,Private
9086,0,Private
86829,0,Private
64323,0,Public
74098,1,Private
88625,0,Private
4250,0,Public
24227,1,Public
40013,0,Private
91611,1,Public
109264,0,Private
76488,0,Private
121418,1,Private
110501,0,Public
80724,1,Public
64921,1,Private
36310,0,Private
24818,0,Private
85626,0,Public
26046,0,Public
95314,0,Private
80098,1,Public
18829,0,Public
27213,0,Private
56419,1,Public
90989,0,Private
108060,0,Private
65553,1,Private
66158,1,Public
98921,0,Private
65552,1,Private
30892,1,Private
113502,1,Public
1240,0,Private
119542,0,Private
63105,1,Private
20680,1,Public
65554,1,Public
110502,0,Private
35086,0,Private
10895,0,Private
1863,0,Public
30286,0,Private
83775,0,Public
22469,0,Private
28432,1,Public
95913,0,Private
51583,1,Private
73517,1,Private
47378,0,Public
65555,1,Public
52176,1,Public
106814,0,Public
31510,1,Private
107440,1,Private
63106,1,Private
90379,1,Private
60087,1,Private
93470,1,Private
66759,0,Public
88018,1,Private
33281,1,Private
59489,0,Public
6092,0,Private
38173,1,Public
80725,1,Public
8463,1,Public
77077,1,Public
44306,1,Public
103158,0,Private
72884,1,Public
120178,0,Private
71646,1,Private
9087,0,Public
105594,1,Private
74680,1,Public
104965,0,Public
52177,1,Public
64922,1,Public
89792,0,Private
98922,0,Public
96503,0,Private
49725,1,Public
89791,1,Private
118331,0,Private
94706,1,Public
64923,1,Private
119543,0,Private
86248,0,Private
26047,1,Public
54638,1,Public
17584,1,Public
39421,0,Private
9663,0,Public
30287,0,Public
87424,1,Private
100717,1,Private
26628,0,Public
69202,0,Public
108061,1,Public
71038,1,Public
55253,1,Public
92225,1,Public
72252,1,Public
61915,1,Public
108685,1,Public
57606,1,Public
95315,1,Private
116526,1,Private
85627,0,Public
12100,0,Public
67987,1,Public
104966,0,Private
95914,1,Public
76489,1,Private
53411,1,Private
80726,1,Public
18212,1,Public
108062,0,Private
41832,1,Public
111101,0,Private
49726,1,Public
40014,0,Private
13896,0,Public
90990,0,Private
92226,1,Private
11495,1,Private
12692,1,Public
89211,1,Private
69203,0,Private
117118,0,Private
20681,1,Private
81976,1,Public
68589,1,Private
61916,0,Private
81354,1,Private
51584,1,Public
66159,1,Public
71039,0,Private
113503,0,Private
121419,1,Private
94707,1,Public
108063,1,Private
1241,1,Private
67988,0,Private
95915,0,Private
46778,1,Private
90991,0,Private
12101,0,Public
77708,1,Public
117698,0,Private
35087,0,Public
76490,0,Private
74681,0,Private
45537,0,Private
65556,1,Public
111704,0,Public
1242,0,Private
60714,0,Private
21263,0,Private
24819,0,Private
102547,0,Public
612,1,Private
83160,0,Public
6662,0,Private
68590,1,Private
114105,1,Public
21264,0,Private
80727,1,Public
97103,1,Public
90380,1,Public
103773,1,Public
109873,1,Public
106815,0,Private
61917,1,Private
1243,0,Private
114683,1,Public
57607,1,Private
78897,0,Private
91612,1,Public
58230,0,Private
44307,0,Private
18213,1,Public
114684,1,Private
27214,0,Public
10267,0,Public
20682,1,Public
108686,1,Private
67382,0,Public
23633,1,Private
52178,1,Public
1864,1,Public
48549,0,Private
92853,1,Private
32097,1,Public
117119,0,Private
40015,1,Private
46779,0,Private
41204,1,Private
56420,0,Private
67383,0,Public
90992,0,Private
86249,0,Public
80728,1,Private
61918,1,Private
50343,1,Public
90993,1,Private
75265,1,Private
92854,1,Public
15734,0,Private
78319,0,Private
61303,0,Private
95316,0,Private
1244,0,Private
56421,1,Private
114685,1,Private
33866,0,Public
45538,0,Private
34472,1,Private
25450,1,Public
20683,1,Private
35698,0,Public
77078,1,Private
30288,1,Public
55254,0,Private
7876,1,Public
119544,1,Private
72253,1,Private
68591,1,Public
31511,1,Private
97691,0,Private
74099,1,Private
35088,0,Private
36311,1,Private
106816,1,Public
20044,1,Public
118941,1,Private
71647,0,Private
119545,1,Public
9088,1,Private
41833,1,Public
41205,1,Private
63108,1,Private
63107,1,Public
32098,1,Private
69204,1,Public
18830,1,Public
69832,1,Public
32099,1,Public
119546,1,Private
4251,0,Public
15735,1,Private
97104,1,Private
63710,1,Private
116527,1,Public
49138,1,Public
52179,1,Public
6093,1,Public
71648,0,Private
9664,1,Public
21265,1,Public
26629,1,Private
42458,1,Private
57608,1,Private
46780,1,Private
59490,1,Public
31512,1,Private
9089,1,Public
16362,1,Private
29661,0,Private
81355,1,Public
99531,1,Private
55255,1,Private
21266,1,Private
41834,0,Private
75872,1,Public
41835,1,Private
1245,0,Private
78320,0,Private
43095,1,Private
69205,1,Private
88019,1,Private
94708,0,Private
52180,1,Public
50947,0,Private
98923,1,Public
13897,1,Public
54639,1,Private
83161,1,Private
13898,1,Private
12102,1,Public
9665,1,Public
85020,0,Private
1865,1,Public
4874,1,Public
108687,1,Private
12103,1,Private
76491,1,Private
91613,1,Public
100718,1,Private
24228,1,Public
26048,1,Public
120179,1,Private
7294,1,Private
68592,1,Public
106188,1,Private
7877,1,Public
74682,1,Private
75873,1,Public
67989,0,Private
49139,1,Private
56422,1,Private
20045,1,Public
10896,1,Private
38798,1,Private
81356,0,Private
15118,1,Private
98924,0,Public
40016,0,Private
91614,0,Private
23053,1,Private
114106,1,Private
62495,1,Public
64324,1,Public
80099,1,Private
29038,1,Public
47379,1,Private
30893,0,Private
83776,1,Public
43673,0,Private
7295,1,Public
28433,1,Private
103159,1,Public
51585,0,Private
32100,1,Public
41836,0,Public
49727,0,Public
2446,1,Private
64924,0,Private
4252,1,Public
115318,1,Private
86830,1,Public
90994,1,Private
114686,0,Private
110503,1,Private
75266,1,Private
71649,1,Public
55256,1,Private
4875,1,Public
29662,1,Private
80729,1,Private
33282,1,Private
104967,1,Public
92227,1,Public
23634,1,Private
117120,1,Public
53412,1,Public
3040,1,Private
120180,1,Private
75267,1,Public
1866,1,Private
105595,0,Private
613,1,Public
28434,1,Private
10268,1,Public
84395,1,Private
49140,1,Private
17585,1,Public
67990,1,Private
52181,1,Public
121420,1,Public
100115,1,Private
94083,1,Public
85021,1,Private
27808,1,Private
115917,1,Private
47380,1,Public
106189,1,Private
113504,1,Private
69833,1,Public
37577,1,Private
42459,1,Public
104968,0,Private
71650,1,Private
20046,1,Private
35089,0,Private
43096,1,Private
62496,1,Private
50948,1,Public
95317,1,Public
64325,1,Public
63711,1,Private
80730,1,Private
33283,1,Private
105596,1,Private
93471,1,Private
118942,1,Public
4876,1,Private
61919,1,Private
17586,1,Private
61304,1,Public
20684,1,Private
2447,0,Private
15736,1,Private
49141,1,Public
41206,0,Private
76492,1,Public
119547,1,Private
21851,1,Private
35699,1,Public
54640,1,Public
66160,1,Public
75874,1,Public
72254,1,Public
58854,1,Private
23054,0,Private
61920,0,Private
66161,0,Private
32689,1,Public
95318,1,Public
66162,1,Public
54027,1,Private
63109,1,Public
1246,1,Private
4253,1,Public
98925,1,Private
70439,1,Public
70438,1,Private
114687,1,Private
49728,1,Public
101323,1,Private
7296,1,Public
88020,1,Private
12693,0,Private
57609,0,Private
35090,1,Public
66163,1,Private
25451,1,Public
100116,0,Private
89212,1,Public
10897,1,Public
15737,1,Private
26049,1,Public
109265,1,Public
89793,1,Private
66164,1,Public
74683,0,Private
84396,1,Public
112304,1,Private
71040,0,Public
23055,0,Private
81357,0,Public
75875,1,Private
103160,1,Public
63712,1,Private
46781,1,Public
117699,1,Public
67384,1,Public
105597,1,Private
71041,1,Public
81358,1,Private
104354,1,Private
6094,0,Private
21852,1,Public
80100,1,Public
2448,1,Private
32690,1,Public
106190,1,Public
88626,1,Public
24229,1,Public
90995,1,Public
65557,1,Private
83777,1,Public
115918,1,Private
14532,1,Public
32101,1,Private
47973,0,Public
22470,1,Public
57010,1,Private
75876,0,Public
64925,1,Private
83162,1,Public
93472,0,Private
46782,0,Public
101940,1,Public
12694,1,Public
45539,0,Public
85628,1,Public
25452,1,Public
6663,1,Private
66165,1,Private
117121,1,Private
75268,1,Public
111705,0,Public
26630,1,Public
24230,1,Public
1867,1,Public
50949,1,Public
33867,1,Public
54641,1,Public
63110,0,Public
32102,1,Public
10269,1,Private
71651,0,Public
57011,1,Private
93473,1,Private
84397,1,Public
30289,1,Public
121421,1,Public
50950,1,Private
18831,1,Public
57610,1,Private
56423,1,Private
51586,1,Public
79515,1,Private
38174,1,Private
85629,1,Public
40608,1,Private
93474,0,Public
20047,1,Public
6664,1,Private
37578,1,Public
114688,1,Public
52783,1,Private
92228,0,Private
97105,1,Public
40609,1,Public
40610,1,Public
118332,1,Private
111102,0,Private
64926,1,Public
2449,1,Private
37579,1,Public
104969,1,Private
3041,1,Private
54642,1,Public
97692,0,Private
103774,1,Public
55257,0,Public
76493,0,Private
9666,1,Public
32691,0,Private
90381,1,Private
23056,1,Public
97106,1,Public
119548,1,Public
108064,1,Public
100117,1,Private
38175,1,Private
89794,1,Private
50344,1,Public
33284,1,Public
2450,1,Private
105598,1,Private
12104,1,Private
97107,1,Public
32692,1,Public
95916,1,Private
87425,1,Public
27809,1,Public
41207,1,Private
43674,1,Private
102548,1,Private
30894,1,Private
64927,1,Private
100719,1,Private
75269,1,Public
1247,1,Public
4254,1,Public
117700,1,Public
7297,1,Public
28435,1,Public
79516,1,Private
36312,1,Public
27215,1,Private
73518,1,Private
67385,0,Private
1868,1,Public
6095,1,Private
110504,1,Private
17587,1,Public
54643,1,Public
67991,0,Public
114689,0,Private
110505,1,Private
44941,1,Public
114107,0,Private
96504,0,Public
38176,1,Public
63111,0,Private
86250,1,Public
30290,1,Public
29663,0,Private
51587,1,Private
113505,1,Private
111706,1,Public
72255,1,Public
52784,1,Public
51588,1,Public
94709,1,Public
11496,1,Private
74684,1,Private
5490,1,Public
12105,1,Public
112895,0,Private
4877,1,Private
85022,1,Private
98926,1,Private
64326,0,Public
83778,1,Public
93475,1,Private
14533,1,Public
71042,0,Private
48550,1,Private
2451,1,Public
37580,1,Public
14534,1,Public
22471,1,Public
44308,1,Private
5491,1,Private
58231,1,Private
3042,1,Public
44942,1,Private
29665,1,Public
29664,1,Private
74100,1,Private
72885,1,Private
38177,1,Public
84398,1,Private
108688,1,Private
100720,1,Public
86251,0,Private
14535,1,Private
3043,1,Private
32693,1,Private
614,0,Private
69206,1,Public
30291,1,Public
111103,0,Private
23635,1,Private
114108,0,Public
52182,1,Private
28436,1,Private
24820,1,Private
48551,0,Private
25453,1,Public
110506,1,Public
121422,1,Public
18832,1,Private
39422,1,Public
1248,0,Private
69834,1,Public
615,1,Private
74101,1,Private
65558,1,Public
20048,1,Public
38799,1,Public
118943,0,Private
118333,1,Public
18214,1,Private
105599,1,Public
97108,1,Private
38800,1,Public
616,1,Public
1249,1,Private
106817,1,Public
25454,0,Private
22472,1,Public
29666,1,Public
12106,1,Public
66760,1,Private
69207,1,Private
27810,0,Public
114690,1,Private
75270,1,Public
4878,1,Private
73519,1,Private
31513,0,Private
30895,1,Private
52183,1,Private
61305,1,Private
46142,1,Private
14536,1,Public
109875,1,Private
114109,1,Private
21853,1,Public
109874,1,Public
23057,1,Private
97109,1,Public
78898,1,Public
85023,0,Public
77079,1,Public
6665,1,Public
90996,1,Private
43097,1,Public
112305,1,Public
9667,1,Private
67386,1,Public
100721,1,Private
71652,1,Private
97693,1,Private
114691,1,Private
15738,1,Private
70440,1,Private
1250,1,Private
62497,1,Public
117701,1,Public
46143,1,Private
104970,1,Public
56424,1,Private
4255,1,Private
4879,1,Private
40611,1,Private
32103,1,Public
52184,0,Private
31514,1,Private
74102,1,Private
72256,1,Private
104355,1,Private
21854,1,Public
59491,0,Private
73520,1,Private
72257,1,Public
4256,1,Public
97694,1,Private
99532,1,Private
65559,1,Private
62498,1,Private
98927,1,Public
63713,1,Private
34473,1,Private
50951,1,Public
38178,1,Public
38179,1,Private
36313,1,Public
7878,1,Public
103161,1,Public
56425,1,Private
80101,1,Public
23058,1,Private
2452,1,Public
117702,1,Public
54644,1,Private
50345,1,Public
53413,1,Private
103162,1,Public
23059,1,Private
57012,1,Private
36946,1,Public
25455,1,Public
3660,1,Private
39423,1,Public
34474,0,Private
21267,1,Private
5492,0,Private
95917,0,Public
68593,1,Private
40017,1,Public
90997,0,Private
33868,1,Public
4257,1,Public
64928,0,Private
39424,1,Public
47974,1,Private
104971,0,Public
85630,1,Public
70441,0,Private
42460,0,Private
21268,1,Private
49729,1,Public
52185,1,Private
53414,0,Private
26050,0,Private
100722,1,Private
112896,1,Private
86831,1,Private
63714,1,Private
33869,1,Public
47381,1,Public
116528,1,Public
69835,1,Public
41837,1,Public
59492,1,Private
30896,1,Public
38180,0,Private
58232,0,Private
26051,0,Private
61306,0,Private
118334,1,Private
62499,1,Public
83779,0,Private
115919,1,Private
6096,1,Public
93476,1,Private
5493,1,Private
3661,1,Public
98290,1,Private
90382,1,Private
32694,0,Private
89795,0,Private
40612,0,Private
83163,1,Private
81978,1,Private
81977,1,Public
1869,1,Private
106191,1,Public
57611,1,Public
35700,0,Private
1251,1,Private
88627,0,Private
71653,0,Private
44309,0,Private
58233,1,Private
78899,1,Public
101941,0,Private
43098,1,Public
15119,1,Private
56426,1,Private
32104,1,Public
33285,1,Private
81359,0,Private
44943,1,Private
99533,1,Public
36947,1,Public
3662,0,Public
53415,0,Private
92229,0,Private
110507,1,Public
49730,1,Public
80731,1,Private
63715,1,Public
36948,1,Public
120806,1,Private
38801,0,Private
49143,1,Public
49142,1,Public
27811,0,Private
63112,1,Public
97110,1,Private
65560,1,Private
88021,1,Private
72258,1,Public
89796,0,Private
51589,1,Private
103775,1,Private
35091,0,Private
75877,1,Public
7879,1,Public
71043,0,Private
40018,0,Private
112897,0,Private
39425,0,Private
78900,1,Private
115920,1,Private
97111,1,Public
103776,1,Public
85024,1,Public
83780,1,Public
54645,1,Public
80732,1,Public
99534,0,Public
67992,0,Private
92230,0,Private
88628,0,Private
17588,1,Private
80733,0,Private
26631,1,Private
55842,0,Private
26632,1,Private
47975,1,Private
54646,1,Public
104356,1,Private
16963,1,Public
86832,1,Private
88629,1,Public
115921,1,Private
48552,1,Public
8464,1,Public
46783,1,Public
68594,1,Private
120807,1,Public
21855,1,Public
106192,1,Private
89797,1,Public
100723,0,Private
72886,1,Private
62500,1,Private
106818,1,Public
39426,1,Private
40613,1,Public
53416,1,Private
99535,1,Public
88022,1,Public
26633,1,Public
70442,1,Public
48553,1,Public
10898,0,Private
118335,1,Private
30292,1,Private
9668,1,Private
73521,0,Private
4880,1,Public
98291,0,Private
90998,0,Private
104357,1,Public
74685,0,Private
107441,0,Public
24821,0,Public
117122,0,Private
104972,1,Private
12695,1,Private
65561,1,Private
112898,0,Public
24231,1,Private
58855,1,Public
44944,0,Private
61921,1,Public
112306,0,Private
17589,1,Public
46144,0,Private
31515,1,Private
10899,0,Private
100118,1,Public
33870,0,Public
30897,1,Public
98928,1,Public
35092,1,Private
58234,0,Private
94710,1,Public
65562,0,Private
9090,1,Public
35093,1,Public
54028,1,Private
114110,1,Public
78321,1,Private
22473,0,Public
89798,1,Public
72887,0,Private
42461,0,Private
69836,0,Private
64929,0,Private
16964,0,Private
35701,1,Private
25456,1,Public
20685,1,Public
72259,1,Public
58235,0,Private
35094,1,Private
26052,0,Private
76494,0,Private
61922,1,Public
9669,1,Private
118336,1,Public
3044,0,Private
85025,0,Public
3045,1,Public
61307,0,Private
75271,1,Public
98929,1,Public
37581,1,Public
35095,1,Public
103163,0,Private
94084,0,Public
40019,0,Private
114111,1,Private
44310,0,Private
119549,1,Public
95319,0,Private
98292,0,Private
54029,1,Public
7880,1,Public
104973,1,Public
117123,0,Private
90383,1,Public
50952,0,Private
18215,1,Public
20686,1,Public
71654,0,Private
71655,0,Private
13899,1,Public
50953,0,Private
21856,1,Private
117124,0,Private
115922,1,Private
80734,1,Public
121423,0,Public
79517,1,Public
9091,0,Public
30293,1,Private
52785,1,Private
36949,1,Private
72888,0,Private
81979,1,Public
29039,1,Private
92855,1,Public
4881,1,Private
104358,1,Private
27216,1,Private
83781,1,Public
119550,1,Public
62501,1,Public
7298,1,Public
68595,1,Public
80102,1,Private
16363,1,Public
98293,0,Private
27217,1,Private
56427,0,Private
64327,1,Private
49144,1,Private
55843,0,Private
82554,1,Public
33286,1,Private
3046,0,Public
72889,0,Private
108065,0,Private
43675,0,Private
54030,1,Public
112307,1,Public
30898,1,Public
97695,0,Private
37582,1,Public
47382,1,Private
7881,1,Public
104974,1,Public
72260,1,Public
44945,0,Private
119551,0,Private
78901,1,Public
121424,1,Public
19415,1,Public
76496,0,Private
82555,0,Private
77709,1,Private
85631,1,Private
112308,0,Private
21269,1,Public
36950,1,Private
76495,0,Private
50346,1,Private
8465,0,Public
2453,1,Public
79518,1,Public
67387,1,Private
86833,1,Public
4882,1,Private
75272,0,Public
27812,0,Public
23636,1,Public
58236,1,Private
46784,0,Private
14537,1,Private
3047,1,Public
71656,0,Private
64329,0,Public
64328,1,Public
22474,0,Public
40020,0,Private
66761,0,Public
41208,1,Private
76497,0,Private
86834,1,Private
29040,1,Public
100119,1,Public
81360,1,Private
75878,1,Private
64930,1,Private
54031,1,Public
100724,1,Private
50954,0,Private
95320,0,Private
71044,0,Private
105600,0,Private
34475,0,Private
67993,0,Private
100120,1,Private
61923,0,Private
111104,0,Private
81361,1,Private
38181,0,Private
73522,0,Private
120181,1,Public
58237,0,Private
17590,1,Public
85632,1,Private
76498,0,Private
35096,1,Public
50347,1,Public
29041,1,Public
57013,1,Private
36314,0,Private
77080,1,Public
36951,1,Public
5494,1,Private
106819,0,Public
2454,1,Private
23637,1,Private
96505,0,Private
56428,0,Private
52186,0,Private
72890,0,Private
116529,1,Public
49145,1,Public
89213,1,Public
73523,0,Private
85026,1,Public
5495,1,Private
82556,0,Private
29042,1,Public
32695,0,Private
29667,1,Public
51590,1,Private
113506,1,Public
46785,0,Private
80103,1,Public
97112,1,Public
31516,0,Private
10900,0,Private
64330,1,Private
85027,1,Private
92856,1,Private
75879,1,Public
67994,0,Private
47383,0,Private
71045,0,Private
57014,1,Private
86835,1,Public
10901,0,Private
26053,0,Private
45540,0,Public
43676,0,Private
44311,0,Private
103164,1,Private
63113,1,Private
22475,1,Public
47384,1,Public
78322,0,Private
101324,0,Public
109876,1,Private
29043,1,Private
17591,1,Public
58856,0,Private
617,1,Public
89799,1,Private
93477,1,Private
18216,1,Private
103165,0,Private
7882,1,Private
33287,1,Private
72891,0,Private
13900,1,Private
10902,0,Private
85028,1,Public
102549,0,Private
60715,0,Private
60716,0,Private
55844,0,Private
1870,1,Public
88023,1,Public
94085,1,Private
67995,0,Private
22476,1,Private
71046,0,Private
25457,1,Public
26634,1,Private
75880,1,Private
46786,0,Private
66762,1,Private
10270,1,Public
21857,1,Public
49146,0,Private
43677,0,Private
75273,1,Public
120808,0,Private
85633,1,Public
57015,0,Private
95321,0,Private
3663,1,Public
49731,1,Private
31517,1,Public
98930,1,Public
4883,1,Public
79519,1,Public
44946,0,Public
71657,0,Private
39427,1,Private
25458,0,Private
46145,0,Public
71047,0,Private
6666,0,Private
75881,0,Private
49732,1,Public
55258,0,Private
64931,1,Private
68596,1,Private
78902,1,Public
50956,0,Private
50955,0,Private
116530,1,Private
72261,1,Public
44312,0,Private
114692,1,Private
109266,0,Private
41838,0,Public
119552,1,Private
16965,1,Public
19416,1,Private
23060,1,Public
13313,1,Private
77081,1,Private
9092,1,Private
74103,1,Public
35702,0,Public
35097,1,Private
26635,1,Public
89800,1,Public
6667,0,Private
4258,0,Private
64332,1,Public
64331,1,Public
74104,1,Private
17592,1,Public
87426,1,Private
85634,1,Private
43678,0,Private
67388,1,Public
81362,1,Private
5496,1,Public
20049,0,Private
10271,1,Private
20687,1,Public
25459,0,Private
32105,1,Private
110508,1,Public
32696,0,Private
30294,1,Public
111707,1,Public
15739,1,Public
47976,1,Private
67996,1,Private
101942,1,Private
6668,1,Public
45541,0,Private
12107,1,Public
49733,1,Public
103166,1,Public
80104,1,Private
46787,1,Private
21270,1,Public
75274,1,Public
94087,1,Public
103777,1,Private
12696,1,Public
94086,1,Public
96506,1,Public
618,1,Public
82557,0,Public
109267,1,Private
119553,1,Public
43679,0,Private
112309,1,Private
36315,0,Private
66166,1,Public
21858,1,Private
12697,0,Private
9093,1,Private
79520,1,Public
120809,1,Private
76499,0,Private
92231,0,Private
95322,1,Public
87427,0,Public
32106,1,Private
21271,1,Private
72262,1,Private
13901,0,Private
67997,0,Private
58857,1,Private
110509,1,Private
20050,1,Public
19417,0,Private
60717,0,Private
106820,0,Private
12108,0,Private
76500,0,Private
56429,1,Private
15740,1,Public
9670,0,Private
52786,1,Public
57016,0,Private
38182,1,Public
27813,1,Public
110510,0,Private
49734,1,Public
63114,1,Public
16364,1,Private
47977,0,Private
64333,1,Private
59493,1,Private
7883,1,Public
16365,1,Public
21859,1,Private
35703,1,Private
93478,1,Public
114693,1,Public
86836,0,Private
62502,1,Public
107442,1,Public
50957,0,Private
117703,0,Private
13902,0,Private
76501,1,Private
105601,1,Public
35704,1,Private
1252,0,Private
120810,0,Private
103167,0,Private
95918,1,Public
33288,1,Private
18833,1,Private
85635,0,Private
29044,0,Private
23638,1,Private
4884,1,Private
43680,1,Private
23639,1,Private
36316,1,Private
68597,1,Private
36952,1,Private
9671,1,Public
89801,1,Private
95919,1,Private
80105,1,Public
38802,0,Private
73524,1,Private
18834,1,Private
51591,1,Private
106821,1,Private
111708,0,Private
95323,1,Public
90999,0,Private
70443,1,Public
14538,0,Private
97113,1,Private
90384,1,Private
115923,1,Private
69208,0,Private
25460,1,Private
4885,1,Private
61924,1,Private
94711,1,Public
85636,1,Private
110511,1,Private
92232,0,Private
90385,0,Private
95920,1,Public
4259,1,Private
69837,1,Public
68598,1,Private
55259,1,Private
49147,1,Public
10903,0,Private
73525,1,Private
7884,1,Public
91615,0,Public
46788,0,Private
12109,1,Public
69838,1,Private
50348,1,Public
29045,1,Public
26636,1,Private
23640,1,Private
94712,1,Public
89214,1,Public
87428,1,Public
7885,0,Private
18835,0,Private
88630,0,Private
92857,1,Public
84399,1,Public
21272,1,Private
63116,1,Public
55845,0,Private
113507,1,Public
40614,1,Private
91000,0,Private
63115,1,Public
111709,1,Public
46146,1,Public
75275,1,Public
66167,1,Private
71658,0,Private
15741,1,Public
89215,1,Private
17593,0,Public
31518,1,Private
98294,0,Private
13903,0,Public
115319,1,Public
75276,1,Private
63716,1,Private
111105,1,Private
1871,1,Public
30295,1,Private
109268,0,Private
43681,1,Private
80106,1,Public
84400,1,Public
36317,1,Private
106822,1,Public
91616,1,Public
108066,0,Private
15742,1,Public
94713,1,Public
78903,1,Public
35098,1,Private
46789,1,Private
93479,1,Public
106823,1,Private
64932,1,Private
27814,1,Private
67998,1,Private
26054,1,Private
18217,1,Public
101325,0,Private
5497,1,Public
21273,1,Public
94714,0,Private
52787,1,Public
93480,1,Private
112310,1,Public
61308,1,Private
49148,1,Public
86837,1,Public
21860,1,Public
33871,1,Public
108067,0,Private
81363,1,Public
55846,1,Private
94715,1,Public
109877,0,Public
115320,1,Public
121425,1,Private
92858,1,Private
4886,1,Public
17594,1,Public
92233,1,Private
7299,1,Public
91617,1,Private
78323,1,Private
61309,0,Private
51592,1,Public
88631,1,Private
103168,1,Public
44947,0,Private
93481,1,Public
17595,1,Private
18218,1,Public
65563,0,Private
19418,0,Public
64933,1,Public
101943,0,Private
93482,0,Private
115924,1,Private
73526,0,Private
81980,1,Private
48554,1,Private
109269,1,Private
4260,1,Private
58858,1,Public
117125,0,Private
85637,0,Public
77710,1,Private
18219,1,Public
46147,1,Public
53417,1,Private
19419,1,Public
48555,1,Public
51593,0,Private
104975,1,Private
82558,0,Private
96507,1,Private
102550,1,Private
72263,1,Private
49149,1,Public
91618,0,Private
40021,0,Private
54032,1,Private
69839,1,Public
97696,0,Private
83164,1,Public
79521,1,Public
112899,0,Private
95921,1,Private
54033,1,Public
113508,1,Private
64934,1,Public
26055,1,Private
4887,1,Public
65564,0,Public
45542,1,Private
106824,1,Public
104976,1,Public
81981,1,Public
15120,1,Public
100725,1,Public
67389,1,Public
15743,1,Public
79522,1,Private
76502,1,Private
41839,1,Public
64935,0,Private
59494,1,Private
75882,1,Public
7886,1,Private
114694,1,Public
40615,1,Private
23641,1,Public
27815,1,Private
60718,0,Private
19420,1,Public
72264,1,Public
32697,1,Private
20051,1,Public
86838,1,Public
34476,0,Private
30899,1,Public
102551,0,Private
112311,1,Public
63717,1,Public
108689,0,Private
78904,1,Private
39428,1,Public
6097,1,Private
57017,1,Public
56430,1,Private
109270,1,Public
67390,1,Public
16966,1,Public
40616,1,Public
13904,0,Private
3664,1,Public
109878,1,Private
67391,1,Public
71048,1,Public
80107,1,Public
40617,1,Public
64334,1,Public
12110,1,Private
47978,1,Private
3665,1,Private
10904,0,Private
58238,0,Private
111710,1,Public
78905,1,Public
46148,1,Public
80735,1,Public
57018,1,Private
108068,0,Public
87429,1,Public
41840,1,Public
56431,0,Private
32698,1,Private
66763,0,Private
94088,1,Public
13905,1,Public
107443,1,Private
24822,1,Private
52187,1,Public
3666,1,Public
112900,0,Private
72265,1,Private
52188,1,Public
46790,1,Private
38183,1,Public
60088,1,Public
47979,0,Private
14539,1,Public
97114,1,Public
73527,1,Private
55847,1,Private
37583,1,Private
99536,1,Public
26056,0,Private
86252,1,Private
64335,1,Public
87430,1,Public
112312,1,Public
57612,1,Private
65565,1,Public
18836,1,Public
57019,1,Private
115321,1,Private
41209,1,Private
42462,0,Private
63117,1,Private
71659,0,Private
120182,0,Private
86253,1,Private
113509,1,Private
64336,0,Public
7887,1,Public
106825,0,Private
50958,0,Private
20688,0,Private
71049,0,Private
41841,1,Public
121426,1,Private
14540,1,Private
31519,0,Private
64337,1,Public
67999,1,Private
120811,1,Private
120812,1,Private
38184,1,Public
7888,1,Public
104359,1,Private
63118,1,Public
86254,1,Public
106826,1,Private
106193,1,Public
119554,1,Private
7300,1,Private
88632,1,Private
54034,0,Private
619,1,Public
117126,0,Public
106194,1,Public
1253,0,Public
88633,0,Private
112313,0,Public
62503,1,Public
85638,1,Public
101326,0,Public
18220,1,Private
41842,1,Private
114112,1,Private
94716,1,Public
53418,0,Private
13314,0,Public
37584,1,Public
8466,1,Public
13906,1,Public
100726,1,Public
1254,0,Public
19421,1,Private
79523,1,Private
65566,1,Public
33289,1,Private
60719,0,Public
47385,1,Private
71661,0,Private
71660,0,Public
95922,1,Private
84401,0,Private
109879,1,Public
63119,1,Public
53419,0,Private
43099,1,Private
30296,1,Public
120183,1,Private
61310,0,Private
100121,1,Private
52788,0,Private
24232,1,Public
13907,1,Private
15121,1,Private
46791,0,Public
77082,1,Public
83165,1,Public
6669,0,Private
117704,1,Private
66168,1,Private
29046,1,Public
30900,1,Private
57613,1,Private
90386,1,Private
64936,0,Private
22477,1,Private
14541,1,Public
83166,1,Private
46149,1,Private
9094,1,Private
52189,1,Public
61311,0,Public
28437,1,Private
62504,1,Public
24233,1,Public
110512,1,Private
109880,1,Public
72892,0,Private
95324,0,Private
99537,1,Private
108690,0,Private
37585,1,Private
94089,1,Public
45543,0,Private
89216,1,Private
83167,0,Private
69840,1,Private
119555,1,Private
80736,1,Public
29047,1,Public
113510,1,Private
6670,0,Private
86255,1,Public
68599,0,Private
109881,1,Private
116531,1,Public
80737,1,Private
70444,0,Private
60720,0,Public
21861,1,Public
18837,1,Public
32699,0,Private
54647,1,Private
100122,1,Private
20689,1,Public
100727,1,Public
84402,1,Public
72266,1,Public
43682,0,Public
63120,1,Public
20690,1,Private
17596,1,Public
93483,1,Private
45544,0,Private
42463,0,Public
113511,1,Public
61312,0,Private
54035,1,Public
55260,0,Private
55848,0,Public
50959,0,Private
40618,1,Public
7301,1,Public
72893,0,Public
51594,1,Public
98931,1,Public
35099,1,Private
1255,0,Public
113512,1,Private
77711,1,Public
109882,1,Private
12111,1,Public
77712,1,Public
62505,1,Public
49735,1,Private
30297,1,Public
74686,0,Public
90387,1,Public
117705,1,Public
78906,1,Public
36318,0,Private
32107,1,Public
97115,1,Public
82559,1,Public
118944,0,Private
82560,1,Public
49736,1,Private
3667,1,Public
55261,0,Public
84403,1,Private
15122,1,Public
58239,0,Private
16366,1,Private
18838,1,Private
120184,1,Private
63121,1,Public
98932,0,Private
26057,0,Private
46150,1,Private
103778,1,Public
109271,0,Public
86839,1,Public
109883,1,Public
100728,1,Private
66764,0,Public
24234,1,Public
64937,1,Private
49737,0,Public
96508,1,Private
88024,1,Public
119556,1,Public
100729,1,Private
118337,1,Private
71662,0,Private
37586,1,Public
104977,1,Private
93484,1,Public
114113,1,Public
120813,0,Public
2455,1,Public
104361,1,Public
104360,0,Public
52190,1,Private
32700,0,Private
44948,0,Public
99538,0,Private
20052,1,Public
114114,1,Public
102552,1,Private
49150,1,Public
43100,1,Public
28438,1,Private
44313,0,Private
38803,0,Private
86840,1,Private
31520,1,Private
16967,0,Private
21274,1,Public
50349,1,Public
81982,0,Public
106827,1,Private
46151,1,Private
35100,1,Private
91619,1,Public
7302,1,Public
68000,0,Private
113513,1,Public
3048,0,Private
109272,0,Private
58859,1,Public
60089,0,Public
55262,0,Public
91001,0,Private
31521,1,Private
620,1,Public
86256,1,Private
58240,0,Private
621,1,Private
33872,1,Public
109273,0,Private
106828,0,Public
115925,1,Private
57614,1,Private
65567,1,Public
35101,1,Private
10272,0,Private
12698,0,Private
60090,1,Private
19422,1,Public
25461,1,Private
103779,1,Private
79524,1,Public
44949,0,Public
14542,1,Private
112314,1,Public
87431,1,Public
44950,0,Public
86257,1,Public
1872,1,Public
69209,1,Public
89217,1,Private
9672,1,Private
26637,1,Public
47386,1,Public
104362,1,Public
20691,1,Public
48556,1,Private
2456,1,Public
100730,1,Private
34477,0,Private
102553,0,Public
95325,0,Private
102554,1,Public
80108,1,Public
4261,0,Public
13908,1,Public
108691,0,Public
45545,0,Private
21862,1,Public
114695,1,Public
116532,0,Public
95923,1,Public
68001,0,Public
33290,1,Private
64338,0,Private
102555,0,Private
47387,1,Private
26058,0,Private
18839,1,Public
66169,1,Public
58860,1,Private
22479,1,Public
30901,0,Private
75883,0,Private
6098,0,Private
38804,0,Public
7889,1,Public
22478,1,Public
28439,0,Private
98295,0,Private
55263,0,Private
38186,0,Public
38185,1,Public
58861,1,Private
77713,1,Private
100123,0,Private
43101,1,Private
26059,0,Public
82561,1,Public
93485,0,Private
60091,1,Public
121427,1,Public
112901,0,Public
5498,0,Private
118945,0,Public
40619,1,Public
49738,1,Private
23061,1,Private
82562,0,Public
30298,1,Public
83782,1,Private
9673,1,Public
49739,1,Public
75884,0,Private
33291,0,Private
9095,1,Public
101327,0,Private
15123,0,Private
22480,1,Public
111711,1,Public
19423,1,Public
24823,0,Public
90388,0,Private
39429,1,Public
37587,1,Public
35102,1,Public
13909,1,Public
30902,0,Private
61925,1,Private
39430,1,Private
88025,0,Private
20692,1,Private
54036,1,Public
23062,1,Public
9096,1,Private
32108,1,Private
85029,1,Public
32701,0,Public
42464,0,Private
65568,1,Public
24825,0,Private
36319,0,Public
103780,1,Private
24824,0,Private
104978,0,Private
97697,0,Private
21275,1,Public
83168,1,Private
71050,0,Public
60092,1,Public
98296,0,Public
57020,0,Public
88634,0,Private
74105,0,Private
72894,0,Private
57615,0,Private
111712,0,Private
116533,1,Public
57616,1,Private
45546,0,Private
27218,1,Public
30299,1,Public
20693,1,Private
110513,1,Private
21863,1,Public
35103,1,Public
38805,0,Private
101944,0,Public
109884,1,Public
29668,1,Private
29048,1,Public
20053,1,Private
75885,0,Private
114115,1,Public
81364,1,Public
95326,0,Public
76503,0,Private
88026,1,Private
92234,0,Private
30300,1,Private
6671,0,Public
97116,1,Public
12699,0,Public
50350,1,Private
80738,1,Public
84404,0,Private
41843,1,Public
1256,0,Public
57021,0,Private
33873,1,Public
91002,0,Public
59495,1,Private
70445,0,Private
60721,0,Public
40022,0,Public
20054,1,Private
37588,1,Private
119557,0,Private
105602,1,Private
101945,0,Public
9097,1,Public
91620,1,Private
70446,0,Private
90389,1,Private
32109,1,Public
119558,0,Private
26638,1,Public
89218,1,Public
3668,1,Private
76504,0,Private
29669,1,Private
110514,0,Private
63718,1,Private
69210,1,Private
15744,0,Private
1257,0,Public
60093,1,Public
63122,1,Private
80739,1,Public
40023,0,Public
21864,1,Private
94717,1,Private
63720,0,Public
35104,1,Public
88027,1,Private
9674,1,Public
109885,1,Public
63719,1,Private
4888,1,Private
4889,0,Private
74687,0,Private
38187,1,Public
69841,0,Public
13315,0,Private
10905,0,Private
100731,1,Public
8467,1,Public
39431,1,Private
65569,0,Private
80740,1,Public
32110,1,Public
3669,0,Private
63123,1,Private
32111,1,Public
44314,0,Private
59496,0,Public
20055,0,Private
24826,0,Private
58241,0,Private
85030,1,Public
117706,0,Public
18840,1,Public
7303,1,Public
24827,0,Private
119559,1,Public
74106,1,Private
37589,1,Public
40024,0,Public
82563,1,Public
43102,1,Private
120185,1,Private
20056,1,Private
75277,1,Public
1258,0,Private
57617,1,Public
93486,1,Private
109886,1,Public
52191,1,Private
50960,0,Public
26639,1,Private
74107,1,Private
57618,0,Private
84405,1,Private
30301,1,Private
121428,1,Private
92235,0,Public
121429,0,Private
100732,1,Public
109887,1,Private
68600,1,Private
12700,1,Public
80109,1,Private
107444,1,Public
66170,1,Public
46152,1,Private
91621,1,Public
81983,1,Public
69842,0,Private
89219,1,Public
85031,1,Private
60722,0,Private
622,1,Public
79525,1,Public
57022,0,Private
118338,1,Public
93487,1,Public
17597,1,Private
54648,0,Public
37590,1,Public
6672,0,Public
16968,1,Public
36953,1,Private
25462,1,Public
29670,0,Private
93488,1,Private
47980,0,Private
24828,0,Private
103781,1,Public
109888,1,Private
108692,1,Public
50961,0,Public
112315,0,Public
4890,1,Private
18221,1,Private
12701,1,Private
66765,1,Private
94718,1,Public
33874,1,Public
49151,0,Private
92236,0,Private
4262,0,Public
120186,1,Private
52192,1,Public
2457,1,Public
117707,1,Public
74688,0,Private
71663,0,Public
69211,1,Public
32112,1,Public
101946,0,Public
88028,1,Public
113514,1,Public
83169,1,Private
30302,0,Private
106829,1,Public
103782,1,Private
55264,0,Public
76505,0,Public
80110,1,Public
52193,1,Private
90390,1,Public
16367,0,Private
36954,1,Public
115926,1,Public
5499,1,Private
101328,0,Private
50351,1,Public
114116,1,Public
82564,1,Public
3670,1,Public
71664,0,Private
48557,1,Private
75278,1,Private
91003,0,Private
101947,0,Private
82565,0,Public
26060,0,Private
9675,1,Public
32702,0,Private
80741,1,Public
55265,0,Public
74108,1,Public
58862,1,Public
16969,1,Public
84406,1,Private
38806,0,Public
64339,1,Public
57619,1,Private
51595,1,Public
98297,0,Private
121430,1,Public
85639,1,Private
106195,1,Public
55849,0,Private
81984,0,Public
114117,1,Private
15124,1,Private
81985,1,Private
14543,1,Private
30903,1,Public
117127,0,Private
115322,1,Public
27219,1,Public
89802,1,Public
23063,1,Private
54649,0,Private
103169,1,Public
103783,1,Public
48558,1,Private
11497,0,Private
3049,1,Public
84407,1,Public
121431,1,Public
49740,1,Public
117708,1,Public
72895,0,Public
88029,1,Private
118946,0,Private
77083,1,Public
58863,1,Public
51596,1,Public
34478,1,Private
81365,1,Private
39432,1,Private
6673,0,Public
74109,1,Private
20057,1,Public
623,1,Private
107445,0,Private
79526,0,Private
89220,1,Private
115927,1,Private
104363,1,Public
44951,0,Public
94719,1,Public
4263,1,Public
14544,1,Public
3050,0,Private
61313,0,Public
30904,1,Public
13316,0,Public
115323,0,Public
115324,1,Public
75886,1,Public
100124,1,Public
15125,0,Private
97698,0,Private
88635,0,Private
36320,0,Private
2458,1,Private
16368,1,Private
109274,0,Public
86258,1,Public
36321,0,Public
20058,0,Public
92859,1,Private
22481,1,Public
116534,1,Private
105603,1,Public
75279,1,Public
3051,0,Private
32703,0,Private
15126,1,Public
8468,1,Public
49741,1,Public
50962,0,Private
62506,1,Public
23064,1,Public
87432,1,Public
67392,1,Private
89221,1,Public
3052,1,Public
19424,1,Private
46153,1,Private
69212,0,Private
63124,1,Private
111106,0,Public
49152,1,Public
105604,1,Public
45547,0,Private
85032,1,Public
41210,1,Private
47981,0,Private
49153,1,Public
107446,1,Public
69843,1,Private
4891,1,Private
95327,0,Public
114696,1,Private
59497,0,Private
27220,1,Public
106830,1,Public
114118,1,Public
624,1,Public
31522,1,Public
36955,1,Private
2459,1,Public
59498,0,Private
81986,1,Public
98933,1,Private
86259,1,Public
117128,0,Public
41211,1,Public
97699,0,Public
30303,1,Public
17598,1,Private
117709,1,Public
60723,0,Public
12702,0,Private
94720,1,Private
86260,1,Private
88636,0,Private
26640,1,Public
50963,0,Public
48559,1,Private
76506,0,Private
16369,1,Public
91622,1,Public
84408,1,Private
78907,0,Private
16370,1,Public
46154,1,Public
18841,1,Private
61314,0,Public
4264,1,Public
42465,0,Public
74110,1,Public
111713,1,Public
47388,1,Public
77084,1,Public
9098,1,Public
65570,1,Public
43683,0,Public
103784,0,Private
112316,1,Public
5500,1,Public
119560,1,Private
24829,0,Private
83170,1,Public
47982,0,Private
13317,0,Public
40620,1,Public
18222,1,Private
34479,1,Private
60724,0,Public
86841,1,Public
83783,1,Public
6674,0,Public
68002,0,Private
73528,0,Private
92860,1,Private
6099,1,Private
3671,1,Public
12112,1,Private
26061,0,Public
13910,1,Public
112902,0,Public
101948,0,Public
5501,1,Public
3053,1,Public
86842,1,Private
86843,1,Public
112317,1,Public
100733,1,Public
117129,0,Private
116535,1,Public
26641,1,Public
7890,1,Private
103785,1,Private
81987,1,Private
38188,1,Private
5502,1,Public
40621,1,Public
46155,1,Private
57620,1,Public
61315,0,Private
86261,1,Public
78908,1,Public
35705,1,Public
28440,1,Public
80111,1,Private
51597,1,Public
26062,0,Public
13911,0,Public
40622,1,Public
35105,1,Public
50352,1,Public
68003,0,Private
14545,1,Public
63721,1,Private
107447,1,Private
117710,1,Public
29049,1,Public
6675,0,Public
117130,0,Private
55266,0,Private
91623,1,Private
117711,1,Public
86262,1,Private
81366,1,Public
6676,0,Public
91004,0,Private
101329,0,Private
78909,1,Private
31523,1,Public
27816,0,Public
75887,1,Public
98934,1,Private
3054,1,Private
52194,1,Private
77714,1,Public
12113,1,Public
36956,1,Public
103170,1,Public
7304,1,Private
625,1,Public
29671,1,Public
118947,0,Private
103171,1,Public
111107,0,Private
104364,1,Public
13318,0,Private
30905,1,Public
95328,0,Public
109889,1,Private
51598,1,Private
111108,0,Public
54037,1,Public
27817,0,Private
112903,0,Private
41212,1,Public
28441,1,Public
117131,0,Private
22482,1,Public
17599,1,Public
115325,0,Private
