packet_id,delivered
80622,0.636962
16871,0.269787
66647,0.040974
77610,0.016528
101232,0.81327
31405,0.912756
49640,0.606636
97002,0.729497
81246,0.543625
99433,0.935072
78226,0.815854
54548,0.002739
30778,0.857404
56327,0.033586
43576,0.729655
25957,0.175656
90907,0.863179
16872,0.541461
24134,0.299712
37480,0.422687
107339,0.02832
47875,0.124283
43577,0.670624
46063,0.64719
6569,0.615385
31406,0.383678
93985,0.99721
10809,0.980835
2355,0.685542
58750,0.650459
75178,0.688447
43578,0.388921
69739,0.135097
78804,0.721488
61205,0.525354
13787,0.310242
19325,0.485835
63610,0.889488
114008,0.934044
16873,0.357795
16874,0.57153
67878,0.321869
106117,0.5943
90908,0.337911
56931,0.391619
51488,0.890274
2356,0.227158
16875,0.623187
57519,0.084015
104260,0.832644
50851,0.787098
103068,0.239369
70358,0.876484
35591,0.058568
80623,0.336117
69126,0.150279
89117,0.450339
110410,0.796324
87937,0.230642
114600,0.052021
108591,0.404552
76981,0.198513
34407,0.090753
62411,0.580332
98817,0.298696
6570,0.671995
25349,0.199515
52098,0.942113
94615,0.36511
30181,0.105495
118236,0.629108
100020,0.927155
73416,0.440377
64225,0.95459
100021,0.499896
41738,0.425229
67290,0.620213
62412,0.995097
103069,0.948944
88535,0.460045
86154,0.757729
16258,0.497423
12007,0.529312
34990,0.785786
56932,0.414656
12596,0.734484
103676,0.711143
33190,0.93206
82466,0.114933
106118,0.729015
120703,0.927424
55757,0.967926
85525,0.014706
71538,0.86364
34991,0.981195
21760,0.95721
64824,0.148764
46668,0.972629
95819,0.889936
79424,0.822374
120704,0.479988
121326,0.232373
110999,0.801881
80009,0.92353
47278,0.26613
121327,0.538934
69127,0.442753
81247,0.931017
69740,0.040511
105489,0.732006
42365,0.614373
68500,0.028365
86155,0.71922
113407,0.015992
41739,0.757951
110411,0.512759
47279,0.929104
5402,0.066082
73417,0.841317
56933,0.06669
75179,0.34431
42991,0.430299
50852,0.966062
84297,0.562232
50248,0.258865
80010,0.241676
58751,0.888118
43579,0.225869
88536,0.124555
14430,0.288331
103070,0.586123
77611,0.554091
75180,0.809711
73418,0.560476
21761,0.288421
83069,0.412896
53319,0.818121
74601,0.626506
92754,0.959078
88537,0.369404
87938,0.552612
58129,0.593924
75777,0.848291
33191,0.145474
59383,0.40651
515,0.909959
102460,0.043067
96407,0.822706
87347,0.415384
61821,0.829804
7185,0.009955
2943,0.365046
89698,0.07863
5989,0.652615
19326,0.273849
44208,0.702652
119448,0.943801
47280,0.126817
2357,0.864778
90909,0.059464
93986,0.380771
107973,0.429774
97601,0.48885
2944,0.976462
1146,0.775691
63022,0.308857
34408,0.269837
32575,0.86312
42366,0.881307
118842,0.510707
25350,0.344296
19327,0.994917
46064,0.315944
42367,0.182712
5990,0.880098
54549,0.812335
97602,0.667889
34992,0.958414
110412,0.925715
107974,0.748249
111000,0.860701
94616,0.247147
52099,0.141247
59384,0.670062
34993,0.714619
117015,0.167053
32576,0.395557
17485,0.910256
116442,0.561401
80012,0.578336
52690,0.19413
58752,0.526022
32014,0.523435
80011,0.088936
53949,0.981943
92755,0.571396
72163,0.006409
120080,0.772649
29577,0.978266
55164,0.58987
45439,0.319682
51489,0.187508
67291,0.672527
101849,0.195107
59991,0.577688
89118,0.602239
92131,0.962423
114009,0.072265
56934,0.499973
56328,0.744097
6571,0.177227
32577,0.388067
79425,0.062895
7786,0.725881
46669,0.087768
108592,0.395092
30182,0.873523
10810,0.4723
61206,0.912622
25958,0.765917
41740,0.915324
39917,0.127403
38072,0.073563
68501,0.070326
61207,0.868854
56329,0.63407
118237,0.496572
86744,0.163543
22360,0.673733
35592,0.318017
47876,0.71088
61208,0.460355
90266,0.50747
103071,0.789666
87348,0.092745
50249,0.578759
110413,0.197235
11405,0.808137
67879,0.488846
105490,0.988695
83687,0.182943
22978,0.963019
92132,0.800917
89119,0.48126
54550,0.813534
98818,0.602849
117017,0.655121
92756,0.913691
117016,0.06527
7787,0.834988
100606,0.381815
516,0.325546
51490,0.994027
17486,0.781191
83688,0.485535
92133,0.422628
71539,0.877529
95820,0.086815
33777,0.708419
60605,0.789155
106715,0.799196
27121,0.322287
72787,0.796639
4147,0.225328
72788,0.362308
73419,0.417448
48467,0.54141
6572,0.112614
88538,0.406948
114601,0.000301
24732,0.744381
20607,0.851876
46065,0.138932
103677,0.703786
102461,0.821103
38073,0.981828
30183,0.843791
67880,0.424106
78227,0.979689
73998,0.973984
65451,0.503677
13788,0.753447
25351,0.913838
31407,0.476147
67292,0.863786
67293,0.701569
48468,0.293924
39316,0.767652
8986,0.570685
75181,0.093845
114602,0.39138
114010,0.073741
89120,0.476167
59385,0.42854
41124,0.423737
16876,0.5863
42992,0.122691
118843,0.933769
75778,0.68405
88539,0.823781
42993,0.896801
115229,0.58332
49051,0.040218
93378,0.711487
97603,0.569026
42994,0.825957
29578,0.53216
87349,0.813244
52100,0.99701
30184,0.350555
56935,0.171021
27122,0.391675
2945,0.75305
100607,0.439229
89699,0.58838
53320,0.127358
100608,0.726124
107975,0.280082
61209,0.190618
59992,0.86295
109775,0.564413
36206,0.484499
49641,0.898824
80013,0.086012
517,0.696154
61822,0.327982
17487,0.17541
117018,0.674799
32578,0.362822
107340,0.329896
89121,0.943678
58753,0.199298
80624,0.512174
21165,0.024013
4148,0.163368
19328,0.883419
25352,0.789248
76982,0.556835
29579,0.222453
120081,0.557748
76383,0.012147
16877,0.712994
47281,0.716751
66061,0.646045
112810,0.611339
36207,0.073716
27123,0.246406
84298,0.574378
59386,0.394187
65452,0.992023
39317,0.923745
92134,0.152008
24135,0.589961
66062,0.696215
32579,0.136543
65453,0.312596
31408,0.715918
50250,0.901108
41125,0.341743
71540,0.238944
84299,0.821792
110414,0.584983
25353,0.476588
13789,0.25615
59387,0.072658
72164,0.017891
93987,0.57997
51491,0.19111
70933,0.975533
69741,0.107477
77612,0.452089
100609,0.39466
1147,0.232311
62413,0.748756
87939,0.643705
62414,0.725758
22979,0.082809
55758,0.352743
72789,0.519833
28340,0.426721
112209,0.040618
109168,0.194027
25354,0.945025
50251,0.16257
18737,0.852052
73999,0.822137
39318,0.391294
64825,0.466784
42368,0.824002
83689,0.680686
85526,0.836944
71541,0.757597
15020,0.691271
80625,0.912974
57520,0.822807
16878,0.179063
35593,0.748224
74000,0.086681
93988,0.425856
50252,0.396752
58130,0.202168
64826,0.937905
39918,0.094777
121328,0.004899
52101,0.322921
47282,0.990745
67881,0.264695
82467,0.830694
97003,0.173114
30779,0.586378
87940,0.958409
41741,0.716513
64827,0.980508
49642,0.574557
74001,0.983335
16259,0.837047
68502,0.778248
9566,0.88849
33778,0.631492
6573,0.356365
18738,0.528282
2946,0.2265
90910,0.777544
117019,0.170079
80014,0.577198
15647,0.535899
93989,0.671903
16879,0.760487
16260,0.109828
81864,0.624941
8372,0.413956
35594,0.614201
86745,0.693985
76983,0.58548
65454,0.732886
25355,0.520025
95219,0.462868
30185,0.286769
45440,0.229152
63023,0.695302
61210,0.695711
17488,0.195483
106119,0.971837
84917,0.671151
2358,0.531216
25959,0.841175
18739,0.48652
114603,0.475945
80015,0.258274
32580,0.156135
120082,0.711621
13790,0.844111
3568,0.677799
28341,0.368822
8373,0.575722
100610,0.563412
22361,0.936566
109169,0.387674
93379,0.164783
114011,0.876933
107341,0.894728
107342,0.048266
57521,0.198224
24136,0.636284
83070,0.788845
19329,0.606693
98819,0.191589
55759,0.117642
55760,0.505973
80626,0.81551
87350,0.217067
44209,0.075133
72165,0.551045
46670,0.191817
33192,0.067424
89122,0.773265
111609,0.821227
15648,0.398336
7186,0.294076
111001,0.277121
59993,0.360971
111610,0.576908
42995,0.52782
114012,0.355349
22362,0.637421
105491,0.675767
38074,0.558279
56330,0.387295
120705,0.623903
5991,0.591903
35595,0.340324
66648,0.303201
4149,0.545749
73420,0.612342
51492,0.610798
62415,0.382838
93990,0.565774
66063,0.98577
72166,0.428025
119449,0.843015
51493,0.081324
19948,0.875228
98204,0.941706
45441,0.261864
45442,0.012101
88540,0.483008
33193,0.182712
47283,0.971631
111002,0.897698
65455,0.960665
75779,0.60387
5403,0.51516
94617,0.832718
119450,0.652349
41126,0.248558
93380,0.934286
4796,0.439699
14431,0.773556
116443,0.500938
53321,0.183356
55761,0.295927
101233,0.574411
18140,0.143002
72167,0.013738
21166,0.433891
30186,0.762197
76384,0.614157
58131,0.324146
118844,0.717241
38689,0.484515
5404,0.999501
115230,0.776032
111611,0.830631
38690,0.259549
61823,0.152295
1148,0.199304
57522,0.432265
95821,0.512149
518,0.194609
28946,0.779945
111003,0.868431
52102,0.316005
90267,0.508064
57523,0.594375
28947,0.722378
41127,0.147472
97604,0.280871
59388,0.730706
56936,0.568192
2947,0.899946
13223,0.447858
59994,0.406613
75780,0.306507
16880,0.231373
20608,0.650766
105492,0.264686
89700,0.862276
93381,0.270648
101850,0.67336
1765,0.568184
22980,0.628459
41742,0.895417
94618,0.169988
24137,0.149816
34994,0.121902
11406,0.076439
48469,0.534231
77613,0.165731
83071,0.807168
72790,0.022611
117618,0.374607
104878,0.473204
8987,0.216528
64226,0.355906
1766,0.222791
42369,0.281828
70934,0.926871
55165,0.417175
78228,0.385865
46066,0.611174
28948,0.664142
49052,0.660277
108593,0.084759
63611,0.581903
32581,0.735924
37481,0.795568
8988,0.588534
70935,0.130573
21167,0.08374
1767,0.323054
24733,0.927559
7187,0.472618
50253,0.895474
104261,0.459675
66064,0.755118
89701,0.485127
2948,0.708702
1149,0.317179
61824,0.889865
54551,0.265708
82468,0.006177
27726,0.721166
93991,0.676604
83072,0.656901
70359,0.687415
65456,0.586264
121329,0.115279
55762,0.669204
101234,0.006599
71542,0.182843
81865,0.420878
44210,0.378369
82469,0.118965
75182,0.426958
75781,0.623617
76984,0.377463
8989,0.708499
64227,0.230922
95220,0.143825
23552,0.7489
92757,0.668728
21762,0.429371
117619,0.136767
49053,0.663684
95221,0.749956
70360,0.163943
93992,0.689302
32015,0.355637
25356,0.915119
24734,0.75154
16261,0.273731
32582,0.938026
47284,0.025233
119451,0.184824
33779,0.241903
17489,0.73208
115231,0.526168
115821,0.464375
4150,0.222533
51494,0.756467
61825,0.117106
93993,0.247341
101851,0.80636
50853,0.451047
10180,0.876818
30187,0.601664
108594,0.789545
37482,0.187403
101852,0.316222
78805,0.376706
83073,0.494199
121330,0.472467
120083,0.822466
7788,0.173191
35596,0.851486
16262,0.889046
84918,0.075519
92758,0.00939
30780,0.292753
107976,0.400745
103678,0.970449
78806,0.071409
90911,0.781305
8990,0.475425
71543,0.129874
74002,0.36608
115232,0.380901
97004,0.243573
69128,0.294364
101235,0.419919
104879,0.962261
18141,0.458861
115233,0.950135
6574,0.030532
18142,0.06611
81866,0.027816
103072,0.665945
35597,0.220233
64228,0.57642
3569,0.795366
31409,0.331814
70361,0.245677
36852,0.725409
76385,0.475898
68503,0.14921
61826,0.087445
70936,0.737168
50854,0.860412
59389,0.890362
99434,0.510089
27727,0.153455
36208,0.225657
44833,0.453524
519,0.851857
81248,0.650197
97005,0.274207
107343,0.755939
119452,0.43544
100022,0.982764
75782,0.428727
30188,0.837196
94619,0.014542
22981,0.718221
80016,0.398478
103679,0.499009
71544,0.198826
52103,0.929512
30189,0.199645
10181,0.561587
69742,0.597346
1768,0.858443
16881,0.466667
115822,0.829891
27728,0.523897
51495,0.956335
70937,0.716608
38075,0.912105
27729,0.942361
41743,0.802246
104262,0.122368
67882,0.124429
107344,0.616242
75183,0.271207
75783,0.385152
108595,0.173828
78807,0.762172
46671,0.854498
65457,0.132805
81249,0.516835
84300,0.395013
113408,0.790015
104263,0.464992
91516,0.730809
520,0.566104
105493,0.978248
53322,0.419633
66649,0.987671
9567,0.415439
26525,0.182669
3570,0.782081
83690,0.271719
26526,0.565755
107977,0.646015
30781,0.199677
26527,0.034407
36209,0.987033
67294,0.81739
100023,0.123705
30782,0.847969
24735,0.25813
112811,0.247285
88541,0.772616
60606,0.757362
93994,0.845957
33780,0.136652
30190,0.747586
34409,0.469824
32016,0.325883
50855,0.734303
54552,0.845143
19949,0.322461
63612,0.154812
111004,0.991685
107978,0.91919
27730,0.289841
60607,0.814414
6575,0.089693
35598,0.912546
29580,0.774652
18143,0.196863
62416,0.295687
8374,0.595555
56937,0.355758
117020,0.736234
33781,0.592363
101853,0.207029
12597,0.61011
74602,0.014059
118845,0.111748
103073,0.161208
92759,0.353678
114013,0.01191
115823,0.929908
72791,0.239509
102462,0.270639
2359,0.375642
104880,0.940739
38691,0.351819
116444,0.431133
27731,0.298507
7789,0.976245
35599,0.364857
81867,0.083537
42996,0.657982
55166,0.716605
106716,0.372241
4797,0.211385
50254,0.409251
84919,0.439068
22982,0.9953
18144,0.858435
71545,0.620909
49643,0.193918
119453,0.687915
4798,0.758999
55763,0.075389
51496,0.379487
120706,0.326848
4151,0.570431
120084,0.653053
73421,0.181388
25960,0.469659
81868,0.992168
19950,0.015853
40519,0.370994
38692,0.334312
38076,0.405583
2360,0.869194
45443,0.438305
38693,0.883078
86156,0.57554
84301,0.424618
14432,0.252303
95822,0.823614
2361,0.644201
83074,0.212226
63024,0.13007
65458,0.125431
2362,0.909072
88542,0.403392
22363,0.820308
27124,0.895362
81250,0.226333
61827,0.032572
87941,0.180336
112812,0.772979
5405,0.015413
118238,0.564132
70938,0.191267
31410,0.766661
46672,0.479376
96408,0.54908
25357,0.293408
69743,0.456579
109776,0.045713
110415,0.80952
15021,0.907499
9568,0.752648
109777,0.495622
85527,0.843784
114604,0.003821
119454,0.665957
18145,0.767386
41128,0.326656
63025,0.856572
90268,0.00019
114605,0.63212
56331,0.301024
111612,0.628628
119455,0.251359
93995,0.20978
53950,0.62616
38077,0.496935
76386,0.187281
3571,0.886175
15649,0.882387
102463,0.549568
73422,0.706096
43580,0.451387
96409,0.801443
35600,0.833856
31411,0.76416
63026,0.243149
47877,0.024488
95222,0.658253
82470,0.411258
62417,0.894261
21763,0.859848
109778,0.533752
54553,0.377444
84302,0.71299
63613,0.70937
120085,0.682283
60608,0.842424
43581,0.577319
45444,0.516043
101854,0.516908
47878,0.888981
16263,0.366751
66650,0.841916
24138,0.50489
109779,0.085339
36853,0.448982
15022,0.291196
28342,0.527885
15650,0.85331
23553,0.179456
103074,0.475225
28949,0.582502
63027,0.76982
2949,0.940977
1150,0.550608
103680,0.921618
79426,0.336559
49054,0.76432
41744,0.763725
16882,0.551279
44211,0.173789
98205,0.386204
118846,0.29085
119456,0.966879
118239,0.644622
14433,0.909038
80017,0.29616
3572,0.42894
49055,0.567372
19951,0.354728
47285,0.4565
107979,0.599307
38078,0.028286
87942,0.339811
74003,0.000222
7790,0.482538
13791,0.608001
98206,0.09299
64229,0.242094
47286,0.803992
18740,0.840282
13224,0.387733
55764,0.814224
61211,0.27714
107345,0.706108
44834,0.545457
24139,0.440099
25961,0.656442
65459,0.013391
81869,0.162443
19330,0.293823
111613,0.680563
118847,0.706235
98207,0.680761
24736,0.767617
7188,0.079552
67295,0.105889
84303,0.855351
32017,0.356838
66065,0.568371
52104,0.503503
112813,0.626663
44835,0.076947
91517,0.76979
97006,0.123402
98820,0.681374
117620,0.402142
39919,0.492262
100611,0.671694
107346,0.371003
41129,0.046037
19331,0.964212
22364,0.522677
4152,0.742145
33194,0.531295
21764,0.819687
118848,0.564616
46673,0.122757
67296,0.641907
74004,0.172741
67883,0.823654
31412,0.681062
28950,0.939809
40520,0.629081
34995,0.225163
39319,0.557138
56938,0.771772
49056,0.711888
33195,0.342297
120707,0.655351
87943,0.935269
78229,0.68481
75784,0.367301
115824,0.910758
30191,0.827624
78230,0.855184
50255,0.106841
115825,0.290829
86746,0.790128
2950,0.274807
98821,0.073706
102464,0.683266
42997,0.79927
14434,0.641768
25962,0.344843
63614,0.559773
93996,0.02152
23554,0.562662
90912,0.856801
36854,0.078053
4153,0.383319
36210,0.164864
73423,0.380008
34996,0.013008
60609,0.827763
83691,0.496243
27732,0.435918
104264,0.601795
66651,0.850028
104265,0.291261
103075,0.267517
109170,0.049494
59995,0.266399
15652,0.066212
32583,0.041558
15651,0.552731
48470,0.183835
107980,0.074258
31413,0.916715
19332,0.148734
4799,0.094831
87351,0.970678
39320,0.666967
72792,0.725754
31414,0.563204
74603,0.07039
84920,0.841877
98208,0.418029
79427,0.392468
90913,0.135309
35601,0.11322
112814,0.522246
51497,0.568744
101855,0.518686
31415,0.613125
521,0.877643
42998,0.504205
88543,0.379148
109780,0.256573
75184,0.306847
94620,0.560807
64230,0.795372
34997,0.441121
97605,0.040762
8375,0.188155
44212,0.090652
110416,0.333343
58132,0.684377
54554,0.590715
5992,0.662128
63028,0.454595
47879,0.109781
22365,0.296256
117621,0.51096
1151,0.497165
53323,0.243661
30192,0.825302
88544,0.433313
7791,0.845456
21168,0.265493
24737,0.94194
98822,0.111857
44213,0.769182
112210,0.020186
100024,0.236321
114606,0.870553
57524,0.350105
67884,0.932479
100612,0.929417
25358,0.800193
85528,0.396105
20609,0.858269
100614,0.457104
7189,0.126172
100613,0.851958
43582,0.816247
16264,0.135565
98823,0.866527
3573,0.518963
114607,0.743591
522,0.268176
104881,0.215461
20610,0.848313
90914,0.600214
100615,0.147705
43583,0.36587
523,0.859036
97606,0.468284
110417,0.336853
89702,0.340954
120708,0.824644
18741,0.454299
50256,0.948354
121331,0.3122
72793,0.75648
47287,0.285705
49057,0.767839
50257,0.017598
66066,0.129821
69744,0.259257
10812,0.870092
5993,0.322498
56332,0.483526
10811,0.107045
110418,0.566678
70939,0.095995
1152,0.141602
68504,0.800972
109781,0.24391
109782,0.061254
61828,0.601825
16883,0.1465
36211,0.052817
52105,0.830552
87352,0.397183
13792,0.865475
60610,0.744031
112211,0.200964
81870,0.084811
57525,0.171357
41745,0.49458
34998,0.357748
106717,0.831982
58754,0.469241
25359,0.55475
110419,0.387452
103681,0.7549
97007,0.68894
62418,0.685772
18146,0.771594
55167,0.398606
6576,0.119086
84304,0.817933
25360,0.345522
72168,0.691763
19952,0.988466
2951,0.701762
93382,0.906686
112212,0.013355
66067,0.603717
10813,0.097323
42370,0.872505
32018,0.960248
72794,0.034154
74604,0.133261
49058,0.832761
30783,0.686886
68505,0.981658
89123,0.756509
89703,0.59419
5994,0.539243
33196,0.009867
15023,0.783815
72795,0.384002
16265,0.106653
106120,0.546835
23555,0.369963
96410,0.605858
10814,0.016672
66068,0.164976
16884,0.539831
88545,0.609907
89704,0.082214
117021,0.636378
9569,0.841221
65460,0.286784
75185,0.521331
30784,0.906119
83075,0.70296
85529,0.206722
56939,0.966493
81251,0.342075
4800,0.824202
66652,0.452517
44214,0.789768
58133,0.920923
35602,0.902723
31416,0.804602
50856,0.322972
111614,0.91263
52106,0.15334
95823,0.260195
101856,0.646353
5995,0.748181
26528,0.050336
114014,0.268864
81871,0.369033
103076,0.847247
119457,0.001917
9570,0.889996
105494,0.334731
77614,0.616574
120086,0.935761
89705,0.061599
84921,0.545253
117022,0.222217
109171,0.702247
48471,0.817818
46674,0.246249
8991,0.859895
4801,0.177413
1153,0.480072
115826,0.131283
97008,0.307517
114015,0.374127
27733,0.695267
1769,0.31685
31417,0.529655
95223,0.65132
87353,0.785735
24738,0.293538
108596,0.056349
42999,0.237052
37483,0.545947
97009,0.877677
19333,0.657545
14435,0.607279
92135,0.031772
46675,0.498037
81252,0.330902
47288,0.347416
32584,0.959388
97010,0.163467
22366,0.088368
94621,0.305089
9571,0.642698
95824,0.269609
63615,0.705821
82471,0.695092
103682,0.438194
67885,0.834699
4154,0.323784
25963,0.623194
111005,0.540023
119458,0.071694
115234,0.347226
43584,0.563139
34410,0.976057
115235,0.783652
61829,0.480907
12008,0.19647
59996,0.269962
109172,0.042424
22367,0.581581
89706,0.42423
72169,0.658543
60611,0.531463
115827,0.416784
82472,0.352026
50258,0.040622
98824,0.982967
58755,0.075197
28951,0.025466
113409,0.215303
19953,0.136186
9572,0.794433
76985,0.15163
65461,0.33995
25361,0.013248
50857,0.931569
9573,0.32104
524,0.842878
18742,0.961935
43000,0.727452
11407,0.260742
17490,0.492145
116445,0.782652
92136,0.698646
111615,0.827572
38079,0.544574
86747,0.657503
44836,0.363196
69745,0.191406
22983,0.69724
58756,0.002882
61830,0.783881
51498,0.007233
81253,0.616801
107981,0.594614
61831,0.105512
114608,0.592202
49644,0.757847
13793,0.535992
1770,0.672761
94622,0.708672
22368,0.20591
89707,0.926617
106121,0.327541
10182,0.583702
49059,0.103183
4802,0.996405
57526,0.654141
52691,0.461786
103683,0.56612
113410,0.027188
100616,0.24008
107982,0.974689
86748,0.081032
117023,0.141701
55168,0.573077
83692,0.773972
6577,0.852873
74605,0.861228
68506,0.760222
103077,0.347658
31418,0.581581
55169,0.813123
114016,0.138846
100025,0.081421
120709,0.458585
73424,0.31034
120087,0.003735
62419,0.516864
61832,0.372978
1154,0.883135
13794,0.334176
81254,0.662671
5406,0.568078
92137,0.299667
68507,0.467612
66653,0.36766
115828,0.237586
24140,0.088123
41746,0.052121
67886,0.222703
26529,0.083319
64231,0.150631
85530,0.12492
114609,0.373299
55170,0.238174
106718,0.004409
52107,0.032912
33782,0.990054
110420,0.245144
93997,0.040828
76986,0.62601
50259,0.551641
43001,0.388852
53324,0.733332
39321,0.936983
46067,0.396355
118849,0.375326
96411,0.514183
40521,0.234476
74606,0.173974
73425,0.388681
69746,0.677019
25362,0.01477
119459,0.138395
56333,0.808108
38080,0.332145
112213,0.559156
73426,0.055494
38081,0.550774
39920,0.027738
118240,0.207258
26530,0.447897
32585,0.523812
63029,0.125308
48472,0.459037
86749,0.780484
25363,0.705787
22369,0.36908
103078,0.496145
93383,0.799003
81255,0.263176
52108,0.14022
96412,0.969007
46068,0.873007
9574,0.874188
30193,0.477172
115236,0.035352
5996,0.742964
33783,0.790158
101236,0.965131
81256,0.035781
106719,0.812812
30785,0.336798
117024,0.66659
35603,0.90056
119460,0.251618
112214,0.993428
31419,0.037849
90915,0.114716
80627,0.480678
98209,0.718951
16266,0.926494
58757,0.847271
35604,0.970513
52692,0.441359
66654,0.406315
11408,0.58945
58758,0.691949
59997,0.902881
13225,0.592023
75785,0.905968
21169,0.415678
83076,0.771358
52109,0.998067
16267,0.07877
22370,0.707244
20611,0.90316
117025,0.894491
22984,0.872759
103684,0.278747
117622,0.406301
86750,0.508097
55171,0.969673
43002,0.265563
12009,0.660496
88546,0.759779
4155,0.146688
50260,0.870344
88547,0.505229
27734,0.956296
39322,0.889691
61212,0.947439
97607,0.182818
8992,0.834649
16885,0.862819
67887,0.947278
54555,0.649547
22985,0.368532
103079,0.586892
118241,0.157882
4803,0.996186
37484,0.72222
7792,0.339557
38082,0.918875
89708,0.712391
71546,0.333125
12598,0.929385
18147,0.324342
54556,0.319961
104882,0.029725
68508,0.700908
70940,0.108002
43585,0.048672
9575,0.656068
65462,0.968355
36212,0.064176
111616,0.759847
115237,0.22866
25964,0.861233
72170,0.012144
8993,0.194149
63030,0.975145
59998,0.57539
77615,0.131719
31420,0.004719
47289,0.409032
80018,0.434426
30194,0.532803
56940,0.680798
43003,0.153975
116446,0.318363
59390,0.052986
24739,0.996504
53325,0.42385
80019,0.678485
68509,0.285263
48473,0.142218
55172,0.193535
30195,0.01519
14436,0.688279
52693,0.98969
105495,0.091601
114610,0.16524
66069,0.801697
16268,0.636389
15024,0.9478
29581,0.364712
67888,0.428062
36213,0.286403
43586,0.804389
111006,0.187516
75786,0.379801
84922,0.659398
74005,0.913384
1771,0.81283
74607,0.084963
89124,0.864079
76987,0.791326
41130,0.470734
21170,0.553777
117623,0.443213
108597,0.055462
107347,0.320282
55765,0.913085
78231,0.598638
25965,0.098182
85531,0.551441
44215,0.618431
56334,0.811239
103080,0.581586
20612,0.201344
7190,0.969928
72796,0.296265
44216,0.725364
62420,0.687725
81872,0.923277
101237,0.765027
8376,0.387705
9576,0.048017
53326,0.656338
5997,0.011885
24141,0.052403
84923,0.023161
83693,0.57313
33197,0.787443
79428,0.070252
113411,0.319296
56941,0.37918
97608,0.899431
35605,0.646336
117026,0.404751
65463,0.922009
118242,0.687131
93998,0.672246
95825,0.712093
22371,0.541828
30786,0.467499
119461,0.972492
53327,0.571827
119462,0.406198
52110,0.093576
89709,0.192259
30196,0.98329
98825,0.961705
102465,0.002976
9577,0.077795
75787,0.67889
113412,0.218017
102466,0.663653
78232,0.209822
31421,0.396843
5998,0.325886
22986,0.246484
97011,0.775114
63616,0.303814
113413,0.914655
56335,0.188721
109173,0.894936
81873,0.153489
70941,0.295945
100617,0.983703
56336,0.047318
27735,0.838294
96413,0.163683
91518,0.519096
103081,0.9582
103082,0.11893
121332,0.376904
111617,0.50818
98826,0.652233
64828,0.336238
33198,0.248747
21765,0.90782
39921,0.008068
525,0.981223
54557,0.149304
78233,0.23103
89710,0.731631
43004,0.753061
73427,0.513019
39922,0.021547
69129,0.22266
72797,0.207986
46069,0.892317
59999,0.458835
64829,0.767443
4804,0.906236
39923,0.393151
12599,0.923884
10815,0.680414
18148,0.60486
59391,0.450681
3574,0.442111
74608,0.323987
112815,0.278904
100026,0.485144
46676,0.40766
44217,0.262317
35606,0.073726
50858,0.973269
116447,0.572731
121333,0.335967
100618,0.840308
97012,0.487048
72798,0.835847
5407,0.164767
104266,0.145597
78234,0.235262
21171,0.860227
105496,0.76462
100619,0.328041
15653,0.933535
58759,0.860354
93999,0.388081
30787,0.599857
37485,0.984833
63031,0.706299
88548,0.197741
32586,0.59863
64232,0.891251
115829,0.532327
92760,0.467375
44837,0.745394
110421,0.454044
21766,0.633144
94623,0.007027
58760,0.762811
36214,0.961029
73428,0.845222
96414,0.816711
12010,0.473588
82473,0.73536
69747,0.489159
58761,0.113542
108598,0.033535
50261,0.348196
76988,0.83663
79429,0.470165
41131,0.111024
73429,0.033555
64830,0.527858
80628,0.248409
52694,0.638718
89711,0.295729
27736,0.443594
25966,0.14139
32019,0.405822
526,0.568629
102467,0.530471
92138,0.102173
117027,0.860041
98210,0.713879
84924,0.148831
63617,0.110253
95826,0.173364
120710,0.410243
49060,0.244832
85532,0.228651
73430,0.627648
26531,0.119409
36855,0.21301
56942,0.914449
76989,0.117698
115830,0.222773
96415,0.908495
54558,0.781063
92761,0.448269
106720,0.969547
38694,0.326928
5999,0.593705
39924,0.203367
42371,0.459229
5408,0.245304
112215,0.720762
84925,0.184202
23556,0.886001
47880,0.89694
78808,0.76856
36856,0.885931
102468,0.302384
79430,0.05179
112816,0.908314
109174,0.576871
2363,0.043945
78809,0.775938
31422,0.321515
73431,0.952007
89125,0.984615
120088,0.602641
22987,0.907838
12600,0.357043
104883,0.274653
115238,0.730172
78810,0.558855
48474,0.024697
85533,0.348729
59392,0.008636
121334,0.309051
95827,0.46769
41132,0.361952
107348,0.524143
73432,0.029475
33784,0.948915
9578,0.21111
8377,0.084123
24142,0.606058
26532,0.671047
49645,0.320878
10183,0.915455
49061,0.154528
34411,0.172003
113414,0.843634
45445,0.449134
21172,0.559783
57527,0.76779
11409,0.475518
24740,0.890457
2364,0.223902
1772,0.489545
87944,0.169906
44838,0.237929
55766,0.613389
49646,0.601998
32587,0.381308
86157,0.009152
36857,0.448323
8378,0.269721
93384,0.99528
24741,0.57846
47290,0.885679
22988,0.691252
6000,0.091425
15025,0.490696
50262,0.949706
21767,0.531364
36858,0.141385
34412,0.762479
39925,0.778007
7793,0.734537
114017,0.660717
73433,0.850887
64831,0.430319
98211,0.340327
60612,0.895612
11410,0.085756
104267,0.969112
19334,0.178406
83694,0.334316
109783,0.80186
55767,0.124916
15026,0.37289
27125,0.64882
41133,0.330588
87945,0.844979
92762,0.294403
109784,0.589828
53951,0.352626
42372,0.109662
79432,0.278428
52695,0.816161
51499,0.316943
113415,0.345308
110422,0.888564
28952,0.915756
79431,0.574039
86751,0.1104
89126,0.259211
67889,0.791505
95828,0.37923
52111,0.928211
43587,0.379182
28953,0.987033
118850,0.65556
79433,0.278755
10816,0.547195
69130,0.800334
84926,0.248188
70942,0.295233
75788,0.416415
43005,0.362868
39323,0.939475
71547,0.647166
527,0.589851
28343,0.946744
66655,0.401961
1155,0.686199
67890,0.16855
106721,0.833877
24742,0.328146
21768,0.478105
27126,0.027457
82474,0.146877
2365,0.814369
111007,0.675779
111618,0.004927
37486,0.761753
12011,0.626812
27737,0.947986
14437,0.930446
71548,0.421784
47881,0.111141
76387,0.419521
76990,0.396817
37487,0.500022
92139,0.249273
47882,0.326231
34999,0.064027
31423,0.752409
105497,0.279348
107349,0.680823
66070,0.276728
14438,0.841362
22372,0.238246
28344,0.120603
97013,0.781007
25364,0.22809
28345,0.174565
62421,0.570955
105498,0.062467
13795,0.558514
69748,0.018366
89127,0.428394
89712,0.415289
58762,0.08544
108599,0.08207
100620,0.587044
56943,0.00412
528,0.731721
110423,0.368557
19335,0.262826
57528,0.951043
92763,0.022371
63032,0.626964
96416,0.017866
104884,0.382003
93385,0.312559
71549,0.080342
81874,0.78319
92140,0.571859
40522,0.077336
95224,0.97717
94624,0.110741
111008,0.492078
7191,0.03051
106122,0.40582
120089,0.491576
64233,0.856307
31424,0.677546
75789,0.352278
33785,0.184301
7192,0.045219
2952,0.328513
113416,0.062826
76388,0.175906
95225,0.650747
35607,0.201551
92764,0.373918
16269,0.007088
5409,0.912676
120090,0.840857
38695,0.09462
64832,0.684569
72799,0.491787
16886,0.821892
18149,0.178743
18743,0.180104
30788,0.954003
115239,0.208263
49062,0.434993
97014,0.167225
6001,0.324986
43006,0.330446
106722,0.607706
118243,0.52913
107350,0.956777
8994,0.807831
64234,0.743449
34413,0.296715
113417,0.302873
103083,0.457504
529,0.293366
61213,0.185784
65464,0.19668
58134,0.379098
61214,0.336206
81257,0.9411
15654,0.605026
89713,0.869824
52696,0.098619
36215,0.039132
78235,0.833731
39324,0.437325
7193,0.550669
25967,0.272715
12012,0.433215
9579,0.132699
15027,0.991631
70362,0.549651
120091,0.098818
104268,0.851577
42373,0.43008
90269,0.635197
95226,0.157251
78236,0.395589
53952,0.497987
108600,0.497253
33786,0.819756
38083,0.495789
45446,0.3025
28954,0.267755
30789,0.307702
53953,0.472334
77616,0.264295
78811,0.030946
90916,0.199236
56337,0.578156
44839,0.270533
98827,0.331829
33787,0.258578
112817,0.096773
530,0.180393
114611,0.254481
118851,0.83935
3575,0.221226
90917,0.828398
111619,0.7433
64833,0.974295
104269,0.75359
84927,0.115113
73434,0.940043
17491,0.842095
87354,0.443629
110424,0.433589
100621,0.030954
60000,0.217642
76991,0.714886
120092,0.110527
35000,0.991745
104270,0.021682
103084,0.990973
4156,0.296208
18150,0.460865
70363,0.545471
1773,0.289553
90918,0.220498
69131,0.050569
36859,0.823433
56338,0.972309
81875,0.125557
1156,0.859831
44218,0.720539
49063,0.750225
107983,0.387805
64235,0.057575
106123,0.690423
111009,0.962126
97609,0.658758
87355,0.234052
19336,0.536735
31425,0.121675
78237,0.717879
121335,0.672864
31426,0.446794
54559,0.008664
93386,0.060366
74006,0.681978
22373,0.692413
68510,0.575209
29582,0.227691
87946,0.663132
91519,0.105505
86752,0.627681
116448,0.572318
23557,0.355494
110425,0.219166
36860,0.724583
111620,0.180992
112818,0.157355
47291,0.632764
87356,0.660625
103085,0.101969
47292,0.262288
109175,0.098596
63033,0.913831
21173,0.008387
15028,0.351012
61215,0.156821
110426,0.466995
100027,0.906837
2366,0.707376
112216,0.360174
51500,0.186654
66071,0.705012
78238,0.541916
64834,0.72029
7794,0.044855
63618,0.173141
2953,0.319873
65465,0.466537
10184,0.569446
86158,0.562094
61833,0.542916
42374,0.566116
117028,0.417476
91520,0.278813
56339,0.51813
107351,0.121861
23558,0.749271
22374,0.952936
10817,0.054096
77617,0.782327
36216,0.223833
112819,0.336411
4805,0.033538
91521,0.969086
105499,0.562096
22989,0.081581
92765,0.321556
42375,0.977281
115831,0.060041
61834,0.917906
7194,0.27951
50859,0.077887
31427,0.624646
114018,0.896236
35608,0.366416
30790,0.346621
60613,0.26237
46070,0.311247
109785,0.067532
1774,0.505271
21174,0.341568
8379,0.166142
30791,0.72237
89128,0.893237
16270,0.807154
84928,0.135547
117029,0.91354
14439,0.408808
75790,0.914587
90919,0.083637
19954,0.98379
114019,0.09674
60001,0.745425
115240,0.714413
26533,0.757168
1775,0.244664
58135,0.74793
13226,0.512901
89714,0.047049
65466,0.097529
74007,0.280237
90270,0.847449
95829,0.425583
33199,0.274044
32588,0.534902
17492,0.330219
115832,0.308076
12601,0.198202
70943,0.351297
12602,0.165694
38084,0.574104
59393,0.376838
45447,0.039425
3576,0.21612
9580,0.478413
34414,0.278028
66072,0.882334
90920,0.058238
64835,0.647927
50860,0.860985
12013,0.920809
32589,0.484204
35001,0.403103
3577,0.035651
15655,0.464646
8380,0.649903
48475,0.338222
52697,0.161741
31428,0.470623
114612,0.162319
65467,0.557934
90271,0.456996
58763,0.994807
50263,0.162896
76389,0.635213
55768,0.199415
59394,0.418471
112820,0.747438
70944,0.49716
48476,0.360699
115833,0.889133
73435,0.87213
8995,0.382529
80629,0.094663
75186,0.342866
109176,0.186618
56944,0.744872
21769,0.63856
81877,0.505143
531,0.016375
50861,0.966092
81876,0.013468
50862,0.52745
25365,0.431644
33788,0.261894
120093,0.889997
16271,0.343061
65468,0.565108
29583,0.130563
92766,0.052439
110427,0.840225
3578,0.128869
38696,0.135254
74609,0.656839
74610,0.214902
119463,0.780873
16272,0.074658
18744,0.031182
90921,0.379279
111010,0.86696
21770,0.134464
77618,0.005289
105500,0.482086
32590,0.448887
107984,0.437967
32020,0.229851
112217,0.710282
67891,0.851659
47293,0.453909
30197,0.925909
104271,0.71669
118852,0.076783
86159,0.940438
80020,0.39289
106124,0.628266
46677,0.175475
43588,0.521238
76390,0.220476
16887,0.654803
8381,0.305861
16888,0.996823
68511,0.108893
72171,0.564007
66073,0.183568
34415,0.295442
67297,0.860361
30198,0.501276
106125,0.089012
102469,0.728612
100028,0.444099
94000,0.082686
121336,0.484557
36861,0.445528
41134,0.583788
52112,0.434378
57529,0.600902
15656,0.70384
79434,0.989462
32021,0.557625
106723,0.440617
28346,0.712046
38085,0.913859
4806,0.023008
77619,0.03606
103685,0.977323
75791,0.546009
61835,0.051777
28955,0.660373
20613,0.096528
34416,0.106144
36217,0.402733
100622,0.663703
8382,0.820121
93387,0.853869
50863,0.386779
43589,0.980182
44840,0.139465
30199,0.670714
121337,0.231629
36218,0.708232
58764,0.46934
92767,0.030293
69132,0.044658
61216,0.295903
77620,0.097416
94625,0.688076
41747,0.460753
97610,0.644016
100623,0.666601
1157,0.047497
63619,0.414585
28956,0.682883
98212,0.903116
115241,0.945999
118244,0.382707
16889,0.576347
63034,0.934019
22990,0.045178
60002,0.976188
28347,0.454789
89715,0.849348
41748,0.167831
21771,0.935843
7795,0.774456
13796,0.652929
75187,0.173062
60003,0.438272
36219,0.585689
72172,0.401949
74611,0.89287
22991,0.550787
27738,0.089053
81258,0.875336
18151,0.311307
33200,0.171571
30792,0.64288
88549,0.807974
13797,0.290305
26534,0.487385
112821,0.967981
59395,0.441962
120094,0.373054
60614,0.550422
89716,0.70708
83695,0.643231
36862,0.033196
21175,0.939664
35609,0.45852
58765,0.704221
67298,0.598662
75188,0.164229
12014,0.994741
77621,0.787118
92768,0.672724
16273,0.269696
4157,0.191472
89129,0.089641
95830,0.557637
111011,0.211101
66656,0.420914
13227,0.761048
26535,0.606569
112822,0.31751
69749,0.09284
46071,0.308176
38697,0.197304
85534,0.545266
119464,0.422404
15029,0.358802
60004,0.38637
52113,0.407992
97015,0.426214
66657,0.327133
66074,0.759685
7796,0.529172
107985,0.011292
10185,0.410656
56340,0.225001
40523,0.595446
118853,0.839379
108602,0.743367
28348,0.123007
100029,0.500502
108601,0.465515
40524,0.439587
80630,0.369059
86753,0.686696
75189,0.121688
54560,0.04989
35002,0.643475
55173,0.200536
75190,0.358641
50864,0.92206
94626,0.141898
117624,0.84979
50264,0.405754
74008,0.191743
43007,0.984884
106126,0.607664
65469,0.222237
15657,0.763415
109177,0.370534
102470,0.532258
70364,0.356565
66075,0.163513
27127,0.827948
94001,0.706651
66658,0.260596
93388,0.527688
85535,0.012734
32022,0.844829
116449,0.222333
5410,0.307688
10818,0.890646
37488,0.196541
13798,0.676392
43008,0.055201
81878,0.572204
1158,0.770138
54561,0.566606
78812,0.994613
30793,0.590829
117625,0.420433
27128,0.296009
20614,0.633512
55769,0.720249
115242,0.407961
97611,0.950517
11411,0.687818
77622,0.609624
60005,0.289682
105501,0.983551
67892,0.242527
68512,0.493579
103086,0.459604
21176,0.47016
103686,0.360737
95831,0.712853
8383,0.81495
91522,0.135569
75792,0.040805
76391,0.444541
32591,0.999557
88550,0.666971
12603,0.609696
24143,0.446941
46072,0.797223
77623,0.065472
10819,0.617486
56341,0.814486
47294,0.363159
25366,0.45045
532,0.302696
47295,0.456192
86160,0.657979
38698,0.000378
97016,0.041927
47883,0.522103
34417,0.19904
95832,0.222978
109178,0.43825
50865,0.554096
106127,0.742423
101857,0.200056
76392,0.867641
40525,0.847611
96417,0.578808
14440,0.13095
26536,0.433465
1776,0.065545
116450,0.966762
107986,0.153156
7797,0.878307
100030,0.525298
70945,0.316164
112218,0.080158
93389,0.564918
107352,0.393369
72173,0.118524
33201,0.081102
14441,0.46979
19337,0.135944
51501,0.267125
1159,0.980716
108603,0.706858
88551,0.723315
112219,0.976447
95227,0.184651
22375,0.898924
6578,0.081992
35003,0.677885
7798,0.276206
31429,0.840838
6579,0.904609
1777,0.525251
31430,0.39093
71550,0.356899
101858,0.940574
13228,0.859143
86161,0.872726
2954,0.67567
104272,0.018656
93390,0.434529
18745,0.921567
10820,0.09094
115243,0.362942
51502,0.907714
15030,0.281272
80021,0.779695
46678,0.290951
103687,0.421587
55770,0.179344
75191,0.881395
12604,0.933582
62422,0.641763
42376,0.888275
42377,0.369591
70365,0.996839
98828,0.835598
80022,0.724921
120095,0.068395
30794,0.901079
55174,0.83363
58766,0.343261
36220,0.479543
46679,0.076295
38699,0.299015
61217,0.395945
32592,0.378568
117030,0.771235
63620,0.894671
105502,0.420693
83077,0.163283
24144,0.905923
39325,0.143601
9581,0.608256
55175,0.5177
48477,0.399907
44841,0.145232
60615,0.611675
70946,0.924669
55771,0.241536
108604,0.947174
111012,0.523192
106128,0.711055
11412,0.517123
104885,0.163925
23559,0.081721
33202,0.034152
95228,0.046147
15031,0.448377
2955,0.348148
67893,0.716327
21177,0.401782
116451,0.488097
69133,0.135122
44219,0.719173
83696,0.305703
98213,0.7636
54562,0.683897
66076,0.643159
100031,0.01395
111013,0.816474
84305,0.618736
81259,0.606563
6002,0.835742
21773,0.210222
66077,0.593554
17493,0.973924
118854,0.829785
21772,0.919885
56342,0.523595
46073,0.075988
27129,0.662571
121338,0.82817
32593,0.286491
121339,0.460463
61836,0.283455
79435,0.180041
10821,0.852758
113418,0.678527
38086,0.537233
71551,0.828543
18746,0.245967
106724,0.674159
56343,0.949716
35610,0.807735
94002,0.701418
4158,0.857801
32594,0.337097
107353,0.35938
98214,0.009671
83078,0.694013
13229,0.862207
100032,0.420151
95833,0.884169
38700,0.824812
59396,0.767167
117626,0.36352
14442,0.787984
27130,0.613794
86162,0.953078
5411,0.143317
54563,0.795698
6003,0.438967
75192,0.253547
86754,0.031304
100624,0.928915
48478,0.042043
106129,0.862985
37489,0.381511
63035,0.895248
32023,0.313686
15658,0.664688
61218,0.36501
83079,0.335074
100625,0.646723
103087,0.775534
17494,0.141267
66078,0.08444
37490,0.237565
89717,0.146242
103688,0.243002
117627,0.923389
95834,0.906432
25968,0.617921
58767,0.906422
10186,0.292654
110428,0.094174
66079,0.365726
111621,0.879604
7195,0.02822
90272,0.874976
62423,0.457707
98215,0.744446
90273,0.527139
15032,0.090271
59397,0.733769
4807,0.127595
47296,0.945027
60616,0.511677
22992,0.645327
86755,0.014502
22993,0.137236
83697,0.817406
120711,0.058153
60617,0.041978
103689,0.086603
88552,0.174333
35611,0.75061
42378,0.66515
28957,0.790778
61219,0.761815
1160,0.064764
12605,0.247233
70947,0.928707
40526,0.535447
114020,0.703987
71552,0.977033
114613,0.926904
53328,0.926838
111622,0.410369
104886,0.535719
58768,0.067186
50265,0.047724
38701,0.534506
4159,0.23004
73436,0.352346
9582,0.249397
86756,0.466858
37491,0.927314
115244,0.230315
97017,0.081549
56945,0.953261
21178,0.637125
91523,0.370304
25969,0.502909
30795,0.096892
52698,0.311091
106725,0.03863
49064,0.150083
104273,0.474334
4808,0.082503
2956,0.323432
111014,0.59218
111015,0.862171
14443,0.228532
38702,0.362844
66659,0.277267
77624,0.286337
43590,0.960148
20615,0.433085
49647,0.809425
109179,0.149761
4809,0.461393
59398,0.467576
79436,0.622329
72800,0.672737
55772,0.392346
73437,0.198286
107987,0.944739
114614,0.37043
44220,0.124948
50266,0.541714
77625,0.206897
90274,0.800754
27131,0.690717
87357,0.599932
28349,0.015462
58136,0.422553
2958,0.552162
16274,0.763826
68513,0.340911
2957,0.93563
72174,0.446445
67299,0.08618
107988,0.436
96418,0.84113
71553,0.188095
76992,0.32249
71554,0.977536
13230,0.073434
15033,0.33889
118245,0.439381
24145,0.481309
120096,0.548428
533,0.685046
87947,0.39098
30797,0.034486
63621,0.338713
71555,0.021253
27132,0.500895
84306,0.869134
30796,0.084203
4810,0.406752
66080,0.913064
98216,0.830304
48479,0.738308
32024,0.710625
100626,0.007717
91524,0.435757
6004,0.889475
80631,0.722213
75793,0.35194
38087,0.560596
43591,0.619179
18152,0.863649
13799,0.548648
118246,0.854359
29584,0.736824
70366,0.996713
7196,0.341206
26537,0.515687
21179,0.631017
11413,0.01488
64236,0.539161
31431,0.470064
7197,0.278713
30200,0.615616
78239,0.721288
75794,0.670222
95229,0.906356
85536,0.465029
8996,0.712075
57530,0.179493
6580,0.652882
84307,0.132001
78240,0.795979
44842,0.811976
7799,0.139272
107354,0.924945
16275,0.489137
81879,0.913232
20616,0.865049
63622,0.353404
33203,0.728984
72801,0.881527
46074,0.998942
56946,0.253386
14444,0.788985
106726,0.387031
36863,0.068047
17495,0.280796
103088,0.159218
64237,0.72216
120712,0.545302
120097,0.151986
108605,0.60467
22994,0.160831
114615,0.572063
99435,0.343911
78241,0.758551
8997,0.493577
84308,0.823898
16890,0.351843
78813,0.404956
38088,0.273041
534,0.693693
111623,0.927746
102471,0.070555
49648,0.583917
90275,0.533991
4160,0.842144
535,0.476801
45448,0.630806
80632,0.298053
22376,0.616798
95230,0.820671
83698,0.118714
87358,0.671677
66081,0.117283
102472,0.780794
10822,0.521823
91525,0.607873
56344,0.398766
7800,0.481519
35004,0.177388
102473,0.819737
57531,0.246583
101238,0.602403
10823,0.68526
7198,0.295788
10187,0.120568
50267,0.158952
100033,0.142537
13800,0.477527
21774,0.343583
28350,0.147825
114616,0.89296
1161,0.256856
100034,0.000329
12015,0.315033
81260,0.257771
21180,0.39603
121340,0.236628
104887,0.33807
76993,0.556316
110429,0.067382
84309,0.068269
63036,0.254866
101239,0.440738
112220,0.527022
38703,0.304122
25970,0.028824
38089,0.885526
70367,0.28512
3579,0.500637
58137,0.096614
25367,0.142822
120098,0.674144
5412,0.23837
66660,0.611576
90276,0.525137
41135,0.531697
119465,0.899931
118855,0.472947
89718,0.913774
72802,0.601337
26538,0.742287
18747,0.470992
10824,0.634317
101240,0.899055
111016,0.589968
101241,0.697696
8384,0.193955
44843,0.078595
68514,0.952879
112823,0.183159
81261,0.313397
59399,0.407585
61220,0.817036
92141,0.296655
117031,0.157182
39326,0.427466
118856,0.825174
20617,0.044038
100627,0.533608
101242,0.70404
99436,0.466512
5413,0.872534
17496,0.38124
77626,0.706965
28958,0.16877
109180,0.136322
30201,0.634025
2959,0.430057
88553,0.539945
95231,0.616611
88554,0.281283
53954,0.488705
76393,0.841021
97612,0.09053
27739,0.571226
12016,0.82823
81262,0.020729
54564,0.715461
18153,0.201838
87948,0.332324
108606,0.003762
57532,0.341134
16276,0.835239
50268,0.080184
30202,0.916853
111017,0.430074
3580,0.494463
58138,0.285072
19955,0.935368
33789,0.197955
120713,0.779088
85537,0.526354
58769,0.315236
77627,0.678354
4161,0.792903
27133,0.878638
56947,0.062042
92142,0.018463
3581,0.271515
101859,0.329015
9583,0.268202
82475,0.188865
89130,0.281075
109786,0.730997
69134,0.359144
49649,0.586876
12017,0.551321
99437,0.815982
52699,0.666437
75795,0.821784
118857,0.5528
80633,0.049596
8385,0.362852
47884,0.275717
22377,0.208109
95835,0.649907
58139,0.828407
64238,0.774408
62424,0.306183
75193,0.453941
8998,0.294499
12606,0.366738
81880,0.449427
94003,0.989218
101860,0.080725
50866,0.408694
95836,0.915834
4162,0.578396
111018,0.358833
25368,0.756979
3582,0.981075
38090,0.750084
115245,0.911277
48480,0.564116
79437,0.300962
120714,0.134991
109181,0.942624
33204,0.194338
38704,0.795459
69135,0.593886
44844,0.406797
38091,0.307079
40527,0.01626
41749,0.905795
93391,0.563015
33790,0.768409
35612,0.65938
1162,0.892055
98217,0.103353
13231,0.692223
8386,0.703416
30203,0.47087
58140,0.192937
112221,0.440148
16277,0.019202
120099,0.719066
112222,0.98736
109182,0.849576
120715,0.495131
68515,0.714014
54565,0.320923
18748,0.34499
44221,0.382581
93392,0.779031
107355,0.354055
72175,0.602334
88555,0.793955
106727,0.930171
118247,0.698813
6005,0.538074
19956,0.815638
23560,0.38988
38705,0.466704
69136,0.855072
61221,0.057949
102474,0.837677
10188,0.781271
112223,0.971022
118858,0.289151
38092,0.591896
10189,0.893455
103089,0.023088
55176,0.823215
117628,0.815694
109183,0.650649
83699,0.578231
102475,0.956936
28959,0.395316
102476,0.391064
21181,0.363618
10825,0.503731
80023,0.704759
80634,0.439365
60006,0.433136
66661,0.188246
65470,0.549532
8999,0.21327
36221,0.622199
41750,0.979843
63623,0.445473
103090,0.152246
1163,0.992551
1164,0.390108
111624,0.499815
22995,0.873527
23561,0.708423
79438,0.46534
94004,0.862947
95232,0.248422
99438,0.181692
46680,0.651923
24743,0.382075
33205,0.534847
36864,0.751257
55773,0.472079
60618,0.939774
58141,0.147064
90277,0.839009
94005,0.788959
54566,0.118038
99439,0.551238
7801,0.783949
61222,0.4148
86163,0.485204
66662,0.745493
101243,0.861556
62425,0.393604
57533,0.837117
70948,0.812334
7802,0.118623
24146,0.668838
85538,0.823775
102477,0.837044
97018,0.418155
71556,0.215517
61223,0.170792
95837,0.852582
25971,0.333523
97019,0.805818
119466,0.608234
2367,0.217285
86757,0.419694
75796,0.806751
7803,0.870122
55177,0.352766
88556,0.780473
104888,0.057252
1778,0.528766
100628,0.138408
47297,0.962457
43009,0.69837
98218,0.354496
1779,0.961388
72803,0.100193
23562,0.449172
39926,0.308567
99440,0.992431
86758,0.088465
92143,0.527597
21182,0.222835
3583,0.695471
78242,0.470643
45449,0.852937
49650,0.71612
80635,0.761285
24147,0.314715
72804,0.156316
98829,0.386316
17497,0.037443
15034,0.243479
91526,0.614289
13801,0.201816
114021,0.038663
33791,0.563374
34418,0.780508
100035,0.189147
36222,0.923136
100036,0.34173
38706,0.530363
30798,0.632983
24148,0.548413
33206,0.582565
25369,0.103459
78243,0.500281
19338,0.749837
87949,0.14147
44845,0.928727
95233,0.063445
20618,0.779992
38707,0.386956
71557,0.293645
75194,0.849538
101861,0.8209
7199,0.607025
79439,0.381221
2960,0.789604
46681,0.150686
85539,0.399976
83700,0.421273
47298,0.15902
101244,0.403244
119467,0.36764
112224,0.143388
12018,0.148278
43010,0.965518
23563,0.068757
71558,0.123879
80024,0.966781
71559,0.950327
38708,0.335409
3584,0.102789
62426,0.60866
103690,0.438097
67300,0.952057
47299,0.128335
72176,0.778217
81263,0.024834
96419,0.207653
36223,0.300529
56948,0.164427
38709,0.79497
118859,0.173588
51503,0.460746
74612,0.129342
58142,0.776016
10190,0.671271
78814,0.049002
17498,0.179649
98219,0.624738
84929,0.422506
111019,0.302112
18749,0.629655
112824,0.884279
8387,0.469573
114022,0.223246
104274,0.533921
4811,0.596181
13232,0.209576
44222,0.732147
53329,0.542325
88557,0.656742
102478,0.453069
76994,0.438687
32595,0.210136
72177,0.891621
81881,0.197357
49065,0.24937
88558,0.363545
105503,0.973053
100629,0.551882
10826,0.146166
88559,0.839532
52700,0.290341
4812,0.020948
47885,0.732283
49651,0.961665
18750,0.894818
114617,0.037707
60007,0.461891
66663,0.190878
30799,0.303306
64239,0.187291
86164,0.784042
86759,0.280236
101245,0.965864
21183,0.524922
99441,0.572071
84310,0.78784
74613,0.680666
93393,0.862278
15659,0.127336
97020,0.49556
39327,0.547477
58770,0.109142
38710,0.73262
115834,0.453992
13802,0.620153
67894,0.86337
13233,0.708435
63624,0.771134
97021,0.292816
68516,0.447265
80025,0.923203
16891,0.38902
76394,0.47119
117032,0.130081
15035,0.669109
39328,0.226248
60008,0.164524
97022,0.869455
121341,0.176904
45450,0.58924
82476,0.26617
106130,0.483909
92769,0.917387
32596,0.77407
16278,0.767757
103091,0.092566
16892,0.107027
104275,0.770852
33207,0.478556
15036,0.84666
118860,0.375496
92144,0.629194
75195,0.267581
84930,0.40103
17499,0.498279
64240,0.174776
104276,0.386654
60009,0.355822
62427,0.240697
114023,0.759214
47886,0.606526
26539,0.433291
45451,0.574189
10827,0.447436
2368,0.332115
83701,0.221345
68517,0.69942
33208,0.01333
84311,0.101553
12019,0.567263
87359,0.289221
15037,0.28723
66082,0.768695
19957,0.991545
69750,0.532005
32597,0.002584
1780,0.601404
74614,0.755864
55774,0.181352
103092,0.242919
75196,0.208426
50269,0.784185
26540,0.931085
53330,0.80253
102479,0.383846
4163,0.781103
109787,0.545805
31432,0.409712
97023,0.456389
1165,0.133771
111020,0.971772
7804,0.823514
60619,0.208523
44846,0.644914
61224,0.105221
70949,0.095168
93394,0.146559
36865,0.570301
61225,0.319006
100630,0.836408
110430,0.607764
17500,0.856145
72178,0.963209
18751,0.113123
69751,0.324754
38711,0.40011
19339,0.365852
114618,0.239159
1781,0.707231
93395,0.178947
24744,0.704386
46682,0.388813
15038,0.529857
64242,0.656435
64241,0.648325
51504,0.24077
47300,0.466018
13234,0.336806
7200,0.979091
50270,0.629096
90278,0.331199
78244,0.249783
50271,0.013156
116452,0.079667
11414,0.812127
83080,0.2398
27134,0.642207
72179,0.951082
104889,0.120848
83702,0.934194
101246,0.189593
53331,0.885245
84312,0.728642
70368,0.821106
90279,0.355928
111021,0.289699
100631,0.5917
53332,0.618194
72805,0.859822
33792,0.121795
95838,0.404909
112225,0.225052
95234,0.357026
17501,0.263585
67895,0.119882
37492,0.305368
116453,0.994897
47887,0.692198
6581,0.59013
64243,0.800159
112825,0.643947
6006,0.46407
60620,0.51635
94006,0.048423
81882,0.743628
120716,0.357205
101247,0.833176
99442,0.412714
57534,0.681689
14445,0.436129
24745,0.155438
32025,0.519209
72180,0.964848
67301,0.245953
71560,0.191206
33209,0.843162
46683,0.38022
44847,0.510778
26541,0.561925
41751,0.581549
22378,0.806974
57535,0.407857
89131,0.50635
85540,0.082837
28351,0.876579
112226,0.673027
64836,0.333726
110431,0.177433
114024,0.529094
89132,0.174751
119468,0.365578
28960,0.549466
66083,0.489819
62428,0.554638
86760,0.998472
75797,0.215366
60621,0.445371
74010,0.053707
74009,0.809646
56949,0.58556
14446,0.925998
106728,0.657653
84931,0.476103
83703,0.529837
84932,0.451373
80026,0.333793
98220,0.604542
7805,0.416953
89719,0.820526
94627,0.868237
23564,0.337907
87950,0.6917
87360,0.430775
36224,0.24341
112227,0.989404
100632,0.238116
102480,0.660295
41136,0.762454
47888,0.694904
12607,0.088371
33210,0.286062
22379,0.683365
115246,0.255187
89720,0.968295
36866,0.442101
16893,0.552159
72806,0.503766
113419,0.431475
62429,0.46546
19958,0.917194
118861,0.023418
26542,0.969776
53955,0.114608
89721,0.430513
61837,0.692595
2369,0.800269
111625,0.657985
86761,0.490192
38093,0.890346
116454,0.434731
94007,0.247411
79440,0.780846
90922,0.564485
9000,0.134272
76395,0.329817
66084,0.089287
104277,0.541269
75197,0.149938
98221,0.71589
47301,0.555507
70369,0.971078
111626,0.011641
38712,0.716111
44848,0.20368
75798,0.03448
101862,0.628171
91527,0.545715
35613,0.302366
1782,0.50733
24746,0.055091
24149,0.427179
61226,0.576858
30800,0.87471
62430,0.847181
17502,0.797216
536,0.921994
109788,0.418083
86165,0.44905
39329,0.009196
537,0.457337
36225,0.509095
108607,0.555182
102481,0.953718
78815,0.082253
9001,0.310595
46684,0.425971
98830,0.827041
18752,0.653163
3585,0.804694
105504,0.102376
84313,0.331108
4164,0.017932
70950,0.923511
32026,0.719081
59400,0.360185
12020,0.504867
101863,0.009747
80636,0.783511
92145,0.918127
91528,0.257215
36226,0.70172
66664,0.512427
2961,0.666772
81264,0.5725
18753,0.52524
91529,0.590812
61227,0.106977
94628,0.088386
87951,0.313261
47889,0.088884
19340,0.378413
119469,0.08158
1166,0.166138
94629,0.705486
101248,0.02415
74615,0.588893
103691,0.349226
45452,0.751768
63037,0.801182
75198,0.115801
74011,0.39974
104890,0.354476
52114,0.637574
35005,0.324036
39330,0.646709
54567,0.832527
74616,0.335971
55775,0.58871
90280,0.816641
96420,0.98335
48481,0.868389
84314,0.974473
11415,0.988188
87361,0.064426
47302,0.597207
4165,0.011592
25972,0.093746
34419,0.149485
47890,0.982135
103093,0.667417
120100,0.640093
50867,0.049893
9584,0.435031
64837,0.796668
110432,0.450539
46685,0.03274
111022,0.364657
75799,0.029812
43011,0.266405
29585,0.86271
61228,0.706161
22380,0.266308
28961,0.550084
83081,0.401459
22996,0.702281
6582,0.443912
94630,0.872743
18154,0.927247
13235,0.856591
55178,0.128425
81883,0.282121
39331,0.904625
111627,0.938448
120717,0.95128
70370,0.011819
16279,0.344398
106729,0.43843
114025,0.401441
54568,0.028627
39332,0.244976
118862,0.945008
7201,0.909036
42379,0.130011
41752,0.049745
33793,0.711684
49652,0.176199
39927,0.297685
109184,0.998976
7202,0.883091
114026,0.155173
13236,0.371667
13237,0.407238
24150,0.059173
61229,0.489259
86166,0.191359
63625,0.817087
10191,0.887254
81265,0.620539
117629,0.222547
38094,0.521098
120101,0.421717
94631,0.924414
84933,0.933594
56345,0.540948
10192,0.259982
18754,0.248723
64244,0.195137
86167,0.445674
22381,0.722895
8388,0.034022
121342,0.71342
97613,0.316294
15039,0.361402
30204,0.999566
30801,0.185673
46686,0.752285
81266,0.391123
98222,0.868134
95235,0.80148
33211,0.199162
118863,0.010188
19959,0.988564
96421,0.990877
69752,0.244322
66085,0.249507
40528,0.771219
16280,0.80439
74617,0.438806
108608,0.733139
62432,0.955057
106730,0.80444
104278,0.447591
72181,0.865557
51505,0.322904
62431,0.06177
81884,0.006856
95839,0.795095
7806,0.251974
99443,0.40616
12021,0.697345
70371,0.022895
12608,0.514685
4166,0.121219
61230,0.125083
53956,0.570479
53333,0.730639
63038,0.361568
87362,0.214332
119470,0.468367
78816,0.409689
35006,0.49412
44849,0.933793
99444,0.637312
14447,0.095605
66665,0.122987
70951,0.03135
114619,0.605609
89133,0.772443
84934,0.489831
37493,0.40957
118248,0.890224
6583,0.02945
97614,0.967556
104279,0.641696
21184,0.825731
78245,0.769557
114620,0.884975
13803,0.104111
109789,0.320043
24151,0.597909
87363,0.293018
84315,0.592394
2370,0.901058
12022,0.673195
107356,0.061672
36227,0.123116
75800,0.973512
17503,0.070448
538,0.84247
43012,0.986641
81885,0.162187
109790,0.704061
70952,0.808025
25973,0.951437
15660,0.843095
18155,0.74876
20619,0.77036
19341,0.778114
16281,0.091113
107989,0.337783
38713,0.85516
27740,0.737901
72182,0.951597
49066,0.841251
80637,0.652037
90923,0.533349
54569,0.107839
63039,0.43382
109185,0.961947
23565,0.046419
47891,0.964296
46687,0.093781
107990,0.765556
99445,0.129739
60622,0.316306
44850,0.306278
84935,0.355098
65471,0.858731
31433,0.180881
72807,0.871348
6007,0.375021
69137,0.07154
33212,0.87815
21775,0.767137
78246,0.447147
25370,0.653924
12609,0.67725
2371,0.399883
95840,0.548297
50868,0.403778
47303,0.47899
50869,0.703331
67896,0.415052
105505,0.404067
96422,0.771817
114621,0.29225
22997,0.345842
118864,0.427678
120102,0.227849
81886,0.870989
91530,0.400185
97615,0.328319
39333,0.062173
117630,0.223629
38714,0.603775
41753,0.048212
43592,0.971325
64838,0.995715
32598,0.141206
91531,0.050318
30205,0.419793
73438,0.265787
63040,0.165304
89722,0.102891
99446,0.487827
86762,0.876817
98831,0.985974
6584,0.338806
94632,0.396776
58771,0.653179
63041,0.384095
120718,0.905443
113420,0.793159
51506,0.590867
93396,0.658973
38095,0.712802
18755,0.660854
19960,0.350949
39334,0.540707
95236,0.295536
112826,0.283726
97616,0.674063
81887,0.427349
63626,0.840761
92770,0.220064
120103,0.260836
11416,0.865034
67302,0.358072
64839,0.972284
24747,0.13228
74012,0.85715
117033,0.552469
41137,0.53668
15661,0.533421
38096,0.182426
63627,0.775547
49653,0.403577
5414,0.626256
73439,0.641692
51507,0.867689
118865,0.92675
104891,0.537219
24152,0.206065
2372,0.525372
91532,0.999104
13804,0.292114
39335,0.236463
37494,0.740299
67303,0.890513
83082,0.195316
69753,0.712833
32599,0.953514
55776,0.563496
95841,0.884819
28962,0.684153
116455,0.66768
106731,0.135222
60623,0.226326
5415,0.239899
75199,0.371804
9585,0.127749
97024,0.194814
34420,0.817634
56346,0.262833
15040,0.058771
46075,0.169795
103094,0.247077
56347,0.154186
120719,0.331471
121343,0.296206
35614,0.782441
31434,0.411788
13805,0.757823
22998,0.715486
55179,0.336662
27135,0.249447
24748,0.965367
24153,0.65831
7203,0.103406
85541,0.768037
73440,0.029807
46688,0.61752
75200,0.870755
47304,0.051735
94008,0.558935
13806,0.061958
10828,0.823724
9002,0.773942
74013,0.149249
80027,0.328057
58772,0.272673
107991,0.492164
44851,0.531496
120720,0.276734
94633,0.710295
98223,0.194001
119471,0.050349
46689,0.807712
48482,0.160518
16894,0.953783
76396,0.67992
115835,0.352141
70953,0.250263
90924,0.431271
107992,0.190793
109186,0.315974
35007,0.191522
55180,0.019701
39928,0.477207
103692,0.74412
100633,0.813039
69138,0.285825
90925,0.830586
106732,0.725921
90281,0.706412
73441,0.466368
47892,0.529797
80638,0.127921
13238,0.857028
88560,0.655715
28352,0.369562
79441,0.397463
47893,0.424885
66666,0.418108
54570,0.171593
109187,0.22935
72183,0.164287
55181,0.723181
32601,0.045195
105506,0.431987
42380,0.043191
32600,0.144769
113421,0.403625
119472,0.239443
111628,0.187354
120721,0.454308
24154,0.358322
83704,0.194627
70954,0.279447
98224,0.14205
115836,0.596608
27741,0.4383
106131,0.537067
4167,0.573232
60624,0.867143
97025,0.347733
33213,0.559397
21776,0.298561
45453,0.293146
37495,0.400786
39336,0.352642
116456,0.687732
107357,0.423138
62433,0.050036
35008,0.000248
72808,0.423602
47305,0.409861
110433,0.596049
43013,0.34077
76397,0.870741
48483,0.611717
117631,0.729284
68518,0.150397
73442,0.238645
81888,0.405153
90282,0.611251
55777,0.177549
42381,0.781476
60625,0.326313
37496,0.750626
83083,0.663842
119473,0.089675
78817,0.673514
84316,0.798543
63042,0.996957
66667,0.339004
74014,0.035871
120722,0.35849
81889,0.58514
97617,0.540873
120723,0.031276
86168,0.031172
21777,0.439324
74015,0.877753
4168,0.071393
2962,0.829589
22383,0.536133
97618,0.882739
22382,0.356387
33794,0.816004
94009,0.556894
56348,0.156512
31435,0.201082
26543,0.970367
39929,0.304323
2963,0.04341
115837,0.441064
1783,0.582808
18156,0.691169
21185,0.000587
33795,0.189349
14448,0.005965
36228,0.208956
38097,0.63803
20620,0.305449
38715,0.194432
33214,0.762545
95237,0.533377
105507,0.637766
46690,0.803474
6008,0.237641
98225,0.059009
115247,0.663521
89723,0.795899
115838,0.517699
66086,0.808777
65472,0.36131
25371,0.715158
64245,0.526933
74618,0.327446
114027,0.67048
66087,0.122656
83084,0.496888
19342,0.693373
81890,0.716421
5416,0.120341
58773,0.743395
107993,0.108657
105508,0.797407
7204,0.660736
94634,0.238766
11417,0.569546
92771,0.919703
24749,0.049986
111629,0.712136
116457,0.677435
2964,0.624343
9586,0.629238
4169,0.3165
32602,0.022356
71561,0.385226
16895,0.860328
24155,0.521721
25974,0.273099
114622,0.230957
5417,0.522903
41754,0.8139
120724,0.04258
58143,0.085166
37497,0.481036
17504,0.77368
36229,0.670111
27136,0.642869
77628,0.798654
18756,0.211706
83085,0.551607
115839,0.419003
9587,0.813321
53957,0.966922
27742,0.826224
44852,0.564472
42382,0.918883
72809,0.110193
47306,0.57939
105509,0.893332
6009,0.649532
30802,0.596749
62434,0.507608
81267,0.086914
37498,0.127012
7807,0.752972
88561,0.240773
42383,0.799988
82477,0.094336
24750,0.771471
49067,0.44344
103095,0.80385
94635,0.014618
11418,0.750589
57536,0.411274
108609,0.969458
86169,0.25152
50272,0.406177
94636,0.665319
61231,0.705808
114623,0.687865
62435,0.831336
89134,0.936883
58774,0.722591
18157,0.513433
58775,0.746642
15041,0.981422
72810,0.003957
8389,0.764176
82478,0.432597
23566,0.683823
39930,0.216074
80028,0.228786
74619,0.772794
52701,0.760563
29586,0.663955
117632,0.043986
18158,0.438268
120104,0.262361
27743,0.061779
71562,0.201834
16896,0.634952
90926,0.315704
98832,0.855156
80639,0.713545
47894,0.231805
67304,0.872566
74620,0.058565
10829,0.364625
2373,0.564143
21778,0.57482
82479,0.090131
38098,0.720462
70955,0.948155
25372,0.721627
67305,0.597602
106132,0.278384
112228,0.353466
66668,0.029497
35009,0.271768
63628,0.588803
80029,0.519314
44223,0.123122
92772,0.345267
28353,0.551337
117034,0.525324
66669,0.137285
6585,0.830907
32603,0.857018
95238,0.858331
89135,0.638727
23567,0.762855
71563,0.79015
61838,0.497626
117035,0.165055
24156,0.391545
36230,0.682111
78818,0.74034
107358,0.111453
100037,0.116351
80640,0.335448
95842,0.982905
60626,0.14017
97026,0.043731
115248,0.20232
10193,0.745478
115840,0.942241
101249,0.034628
23568,0.076196
9003,0.7555
19961,0.434804
29587,0.148138
33796,0.817497
10830,0.117593
52702,0.458089
69139,0.229214
94637,0.85345
50273,0.443741
105510,0.942952
118866,0.673814
106133,0.135807
41138,0.481323
118867,0.834477
60627,0.13992
67897,0.78282
90927,0.998865
6010,0.267419
84936,0.182893
119474,0.647933
44853,0.106303
12610,0.791653
36231,0.179869
33215,0.571625
86170,0.02771
74621,0.193113
9004,0.695829
93397,0.60907
108610,0.141299
114028,0.190133
14449,0.734374
104892,0.99884
112827,0.263552
2965,0.793054
26544,0.056427
90283,0.471441
32604,0.92431
9005,0.597552
85542,0.349433
109791,0.719401
74622,0.569634
70956,0.504931
55182,0.812562
42384,0.779771
56950,0.441621
17505,0.668975
45454,0.588576
46691,0.337811
72184,0.180047
84317,0.553354
107994,0.323675
60010,0.763688
107359,0.84458
120105,0.65981
59401,0.261675
9006,0.487373
25975,0.935779
67898,0.430715
61839,0.289498
87364,0.79265
81268,0.959327
68519,0.57719
25976,0.611785
109188,0.580903
24157,0.608068
64840,0.77475
43014,0.425637
61232,0.511658
41755,0.120435
61233,0.512708
69754,0.854978
43015,0.084867
6011,0.90752
72185,0.13843
13239,0.454072
109189,0.577396
56349,0.979466
89136,0.680002
108611,0.594831
76398,0.639785
61234,0.362987
70372,0.969086
109792,0.945605
96423,0.279692
56350,0.056426
58776,0.217443
42385,0.051259
93398,0.860635
109190,0.356534
67306,0.89661
24751,0.501645
42386,0.060391
38099,0.875192
61840,0.221959
60011,0.721998
110434,0.034183
7205,0.022576
101864,0.341869
85544,0.546046
16282,0.820314
85543,0.955806
70957,0.050414
53334,0.191569
30206,0.603475
92773,0.51233
111023,0.459062
96424,0.869111
52115,0.802483
58144,0.452663
90284,0.219094
51508,0.029942
48484,0.348777
21186,0.77795
20621,0.080914
13240,0.786408
51509,0.188838
120725,0.904219
92774,0.123217
2966,0.321658
118249,0.318746
1167,0.997649
36867,0.359211
42387,0.743942
4170,0.34428
18757,0.45905
106733,0.641468
56951,0.510907
10194,0.225505
116458,0.166924
15042,0.943695
110435,0.60186
4813,0.452759
46692,0.427643
94010,0.910261
22384,0.235423
66670,0.22133
59402,0.710627
111024,0.355736
20622,0.574487
44224,0.226774
63629,0.927877
85545,0.825086
24752,0.820028
117633,0.042182
78819,0.020882
6586,0.071107
54571,0.344211
84318,0.325011
77629,0.851034
53335,0.842241
16283,0.83479
61235,0.483026
113422,0.558929
88562,0.436407
22385,0.369387
37499,0.084914
78820,0.80151
81269,0.580114
31436,0.545425
74016,0.528872
14450,0.161267
60012,0.828779
113423,0.676012
36232,0.446406
52703,0.354643
109793,0.071821
27137,0.862814
116459,0.623574
43016,0.765032
25373,0.86255
111025,0.351411
42388,0.406114
57537,0.915347
94638,0.107993
539,0.447608
85546,0.643837
90928,0.139713
22386,0.335829
24158,0.264034
17506,0.946879
104280,0.00115
112828,0.201036
97619,0.983828
104893,0.292764
74017,0.204176
47895,0.818459
27744,0.776195
118868,0.391379
115841,0.436752
84319,0.325645
7206,0.832413
49654,0.160389
37500,0.516039
47896,0.337799
118250,0.042727
15043,0.892551
90285,0.360878
30207,0.526389
69755,0.331824
115249,0.178403
87952,0.514047
111630,0.46581
44854,0.741051
112829,0.795533
24753,0.643435
50870,0.079701
2967,0.249341
99447,0.178243
51510,0.051723
30803,0.721053
107360,0.330584
1784,0.516847
68520,0.491248
82480,0.434027
10195,0.928423
540,0.536995
36868,0.138162
11419,0.090726
67899,0.481012
111027,0.112294
111026,0.602726
61236,0.504144
120106,0.845793
95239,0.649377
41756,0.90837
42389,0.659885
27138,0.819964
88563,0.561209
106134,0.476843
18758,0.803846
83705,0.862527
101250,0.54416
7808,0.895183
21187,0.52736
101251,0.711261
19962,0.29767
27745,0.818504
95843,0.062972
36869,0.650722
118251,0.847179
114624,0.169814
68521,0.159843
30208,0.000338
40529,0.385754
106135,0.331761
80030,0.901744
41757,0.90575
78821,0.662484
13807,0.629399
38716,0.879507
92146,0.659106
51511,0.145432
91533,0.191469
19343,0.323564
46693,0.832939
50274,0.888534
14451,0.739852
103096,0.782178
67307,0.094491
94011,0.609849
49068,0.590291
109794,0.287508
45455,0.9921
106734,0.015006
103097,0.331741
13808,0.777615
93399,0.322905
74018,0.077906
72811,0.651552
46076,0.419392
14452,0.275488
56952,0.120625
61237,0.946067
60013,0.694549
76399,0.933829
94012,0.935399
103693,0.261231
77630,0.079981
64841,0.909907
90929,0.63206
106735,0.289168
55778,0.371797
94639,0.488952
86763,0.612101
24754,0.07145
29588,0.233408
69756,0.131698
78247,0.877542
31437,0.465837
80641,0.751448
60628,0.71093
38100,0.191469
82481,0.58087
58777,0.134031
52704,0.252773
18159,0.730536
41758,0.309277
50871,0.724232
111631,0.23247
28963,0.840746
15662,0.681974
111632,0.769007
69140,0.870499
5418,0.555246
15663,0.257773
31438,0.465526
11420,0.024614
114625,0.445416
92775,0.401211
60629,0.048075
83086,0.096504
75201,0.641894
61841,0.054881
47307,0.390652
95844,0.310638
66671,0.009767
86764,0.07439
58778,0.827035
67900,0.737431
40530,0.267253
67308,0.716012
58145,0.139672
100038,0.729236
27746,0.122354
33797,0.592771
74019,0.9977
78248,0.940296
66672,0.080958
21188,0.59404
43593,0.476097
35615,0.051435
36870,0.704395
63043,0.505714
115842,0.626342
73443,0.135884
1785,0.193089
26545,0.713232
93400,0.926459
96425,0.355985
76995,0.983956
14453,0.219056
9588,0.188028
28964,0.728418
66088,0.257392
93401,0.954305
115843,0.047171
94013,0.568028
51512,0.802412
85547,0.74114
2374,0.959731
70373,0.228807
37501,0.616143
61238,0.13018
65473,0.14552
85548,0.740095
38717,0.695428
86765,0.775018
16284,0.873031
50275,0.186801
36233,0.715155
99448,0.811404
112229,0.243027
71564,0.489297
50872,0.319844
10196,0.098297
87953,0.860296
98226,0.752193
85549,0.010807
16285,0.40059
29589,0.817915
66673,0.958578
41759,0.245151
121344,0.951956
113424,0.467537
63044,0.049531
25374,0.01469
10197,0.096037
44225,0.551333
70374,0.993351
40531,0.830665
61239,0.966112
33798,0.930382
12611,0.895619
116460,0.813309
66090,0.614645
66089,0.693093
61842,0.945952
7809,0.647196
101865,0.086017
47897,0.531963
120726,0.790987
41139,0.11312
44226,0.077974
47898,0.849064
101252,0.089308
7207,0.153819
32605,0.516756
89724,0.56542
95240,0.785916
36871,0.724801
17507,0.074472
12612,0.561192
6012,0.687679
19963,0.989256
50276,0.797789
39931,0.899753
90930,0.328092
94640,0.521861
91534,0.054614
10198,0.800168
117036,0.593137
47308,0.697765
6013,0.997577
4814,0.816845
52705,0.225234
35010,0.088158
80642,0.339296
42390,0.676591
111028,0.039321
92148,0.800744
92147,0.598954
75801,0.830451
95241,0.341511
19964,0.323829
34421,0.11797
80643,0.157034
57538,0.291115
52116,0.32697
44227,0.414164
89137,0.462664
76996,0.942978
116461,0.916161
37502,0.092254
112230,0.17273
69757,0.549803
50277,0.279756
18759,0.33507
54572,0.997604
61843,0.958808
117037,0.086664
99449,0.661893
22999,0.953931
66674,0.196253
49069,0.578009
63045,0.452015
10831,0.171048
114029,0.770213
43017,0.861623
15044,0.863604
28354,0.501888
30804,0.285
17508,0.379986
61844,0.43002
67309,0.559626
36234,0.678108
5419,0.502811
64246,0.850928
25375,0.581515
117634,0.919122
104894,0.865527
9007,0.228062
27747,0.23892
10832,0.576679
16897,0.734037
8390,0.27377
62436,0.923913
118869,0.403918
49656,0.364478
13241,0.815897
19965,0.124391
84937,0.996112
49655,0.938902
28355,0.882398
74623,0.490534
6587,0.884427
19966,0.447434
36872,0.142939
30805,0.864647
41760,0.581589
112231,0.195763
30209,0.253671
80031,0.594351
22387,0.295818
14454,0.177898
97620,0.300827
61240,0.089206
117635,0.667299
16286,0.715819
76400,0.254987
106736,0.811347
21189,0.913076
54573,0.910772
63046,0.664483
24755,0.445863
57539,0.056535
16898,0.979117
11421,0.804465
13242,0.248953
112232,0.799981
1168,0.057699
10199,0.985841
82482,0.122983
116462,0.103239
119475,0.836851
50873,0.069242
87365,0.320613
92150,0.220525
71565,0.244276
92149,0.370829
112233,0.598804
96426,0.525202
64247,0.983391
14455,0.897763
30806,0.402918
6588,0.636286
40532,0.761785
13243,0.107076
115844,0.619983
39337,0.727434
38718,0.691608
1169,0.031383
92776,0.94561
28965,0.000962
80032,0.095686
16287,0.218433
81891,0.655147
101866,0.501943
110436,0.019
75802,0.309341
117038,0.198487
84938,0.689055
32027,0.867108
19344,0.843277
2968,0.145066
100634,0.336631
107361,0.129578
69758,0.856311
33216,0.887895
22388,0.765201
28966,0.682393
60014,0.526765
4815,0.908536
93402,0.090738
55183,0.842535
89138,0.415773
87954,0.636704
70375,0.681585
60630,0.420677
88564,0.148852
86766,0.685831
114626,0.506579
103098,0.450734
24159,0.864086
47899,0.899503
44855,0.214373
63630,0.467817
120727,0.177722
68522,0.577579
115845,0.462779
30210,0.699449
43594,0.911041
114030,0.451739
88565,0.961084
49070,0.245817
25977,0.850471
25376,0.61586
79442,0.353543
74624,0.095283
109795,0.54802
51513,0.884503
19345,0.516316
117636,0.219503
13809,0.407616
81892,0.984628
15664,0.697724
541,0.894819
120107,0.003756
73444,0.04119
109191,0.572229
44856,0.30262
115250,0.815538
41761,0.658375
49071,0.412229
53958,0.597998
27139,0.808168
66091,0.557353
109796,0.061501
83706,0.364912
46077,0.433296
30807,0.301414
75803,0.562386
63631,0.704707
19967,0.639542
112830,0.332121
30808,0.807086
5420,0.573447
11422,0.491461
42391,0.186551
57540,0.950856
11423,0.140735
30211,0.326042
35011,0.645683
115846,0.730433
45456,0.124937
55184,0.919679
83087,0.968525
75804,0.85049
80644,0.635201
107995,0.544537
45457,0.956813
34422,0.698914
82483,0.887506
88566,0.700375
37503,0.015074
47309,0.23846
63047,0.627371
23569,0.838883
90931,0.721028
69141,0.578122
118252,0.115786
86171,0.558892
97621,0.344182
24160,0.552751
32606,0.530026
38101,0.785871
90932,0.860271
64842,0.001403
52117,0.463095
61845,0.684266
103099,0.354804
71566,0.790854
92151,0.007162
88567,0.164862
69142,0.543659
17509,0.061123
55185,0.670001
42392,0.922408
6589,0.834291
56351,0.700071
81270,0.913667
63048,0.722766
117637,0.697972
41762,0.003459
60631,0.190273
64843,0.674793
20623,0.786763
15045,0.96701
32607,0.77999
10200,0.26758
109193,0.356392
72186,0.797594
47310,0.533459
1786,0.240046
109192,0.331997
50278,0.344573
107996,0.471858
2375,0.985551
36873,0.371359
118253,0.269835
83088,0.391892
32608,0.810573
30809,0.07725
16899,0.753142
80033,0.896023
118254,0.327212
71567,0.950272
73445,0.895791
11424,0.974062
91535,0.961263
28356,0.31689
104281,0.938239
119476,0.211469
24161,0.622654
100039,0.598376
120108,0.279223
112831,0.826942
53336,0.074318
97622,0.920804
18160,0.097545
13244,0.929356
16900,0.071492
13810,0.732912
55186,0.147892
33799,0.123828
29590,0.34809
104282,0.112502
49657,0.031717
9008,0.103007
56352,0.083713
83089,0.929776
19346,0.945349
103100,0.230974
120728,0.653436
81271,0.076379
16288,0.453179
117039,0.611446
5421,0.799889
101867,0.889512
7810,0.084606
111029,0.535632
2376,0.808923
38719,0.257666
105511,0.219697
12613,0.974175
13811,0.69696
27748,0.161282
70958,0.203276
23570,0.596477
53959,0.783012
13245,0.953248
83090,0.557933
98833,0.245728
24162,0.251812
25978,0.989233
78822,0.900029
51514,0.559125
49072,0.493558
92152,0.19312
98227,0.455748
63632,0.717412
47900,0.221828
46078,0.348567
21190,0.337219
2969,0.057764
115251,0.658747
92777,0.220486
6014,0.906775
43595,0.98792
43018,0.046866
109194,0.809271
67310,0.289178
12023,0.513215
51515,0.71338
2970,0.693772
101253,0.653364
32609,0.242578
117040,0.035847
120729,0.836733
81272,0.38414
27749,0.865946
90933,0.691912
65474,0.338437
13246,0.319886
87366,0.421371
115847,0.617063
4816,0.554525
59403,0.770369
56353,0.793406
84320,0.320275
76401,0.274174
98834,0.513316
94641,0.210057
17510,0.495342
45458,0.54893
91536,0.210824
47901,0.588682
101868,0.641353
32610,0.113711
56953,0.825177
45459,0.469424
79443,0.361652
49073,0.55813
50874,0.115388
79444,0.498596
37504,0.106972
81893,0.100258
71568,0.895388
80034,0.587919
108612,0.74044
70959,0.149354
72812,0.057519
44857,0.461379
57541,0.309866
39338,0.084038
17511,0.174058
20624,0.591098
69143,0.077605
47311,0.942467
3586,0.010871
30810,0.366886
96427,0.408287
68523,0.19491
49658,0.709431
67901,0.952059
542,0.328432
115848,0.079768
17512,0.297585
76997,0.130066
115252,0.848156
23000,0.286435
25377,0.601176
109797,0.255852
6590,0.037851
44228,0.521538
51516,0.758848
84321,0.842952
33800,0.300012
44858,0.073163
9009,0.263162
26546,0.482309
105512,0.896548
46694,0.828446
4817,0.183282
83091,0.547653
83707,0.558671
99450,0.383513
27750,0.579762
82484,0.931531
13812,0.106987
117041,0.939072
60632,0.536979
107362,0.723817
30811,0.351143
32611,0.048706
26547,0.20288
58146,0.184978
77631,0.485558
92778,0.483569
41140,0.615831
83092,0.542292
26548,0.897917
111030,0.823922
15046,0.834452
98228,0.634527
89725,0.968401
94014,0.992336
15665,0.001945
54574,0.500718
36874,0.177972
7208,0.923487
14456,0.252418
114627,0.832026
63049,0.394458
78823,0.069687
9589,0.44015
19347,0.666913
30812,0.62508
55187,0.503661
80645,0.168132
89726,0.989905
35012,0.675443
78824,0.677802
110437,0.161004
36235,0.871576
83093,0.226938
107363,0.517168
17513,0.060893
23001,0.628708
70376,0.672772
53960,0.889174
89139,0.703777
33801,0.834926
67311,0.322949
8391,0.937076
89140,0.195517
81273,0.021336
38102,0.735287
112234,0.803097
113425,0.849553
109798,0.193831
50875,0.903281
63633,0.635887
94642,0.069445
70960,0.944302
103101,0.34852
67902,0.187055
114628,0.390668
101869,0.736733
37505,0.57262
29591,0.819832
58147,0.574987
52706,0.877295
66675,0.235462
48485,0.437854
64248,0.525354
15047,0.113056
53337,0.699106
25979,0.668733
84939,0.299833
66676,0.474217
35013,0.965684
70961,0.684505
6591,0.628201
67312,0.402298
98229,0.50601
115253,0.924462
119477,0.65587
78825,0.80775
63634,0.661784
97623,0.068204
6015,0.168179
24756,0.055619
60633,0.217306
64844,0.056245
80035,0.801301
117042,0.94789
46695,0.229358
44859,0.116797
76998,0.426962
92779,0.489856
76402,0.784851
55779,0.399552
60634,0.841116
31439,0.959918
67903,0.380542
64249,0.948964
19968,0.401998
27751,0.75923
109799,0.703717
76403,0.273425
79445,0.039663
35014,0.289688
116463,0.111827
70962,0.587243
58779,0.017432
31440,0.700296
85550,0.562236
19348,0.464008
111633,0.97229
76404,0.816821
89727,0.011068
59404,0.053468
98230,0.619323
115254,0.73272
105513,0.67478
19969,0.120133
83094,0.722765
44860,0.832833
84940,0.632145
34423,0.767008
10833,0.407907
51517,0.180662
112235,0.775666
72187,0.099947
112832,0.125871
10834,0.776751
18760,0.020232
9010,0.169282
109195,0.645842
41763,0.519429
58780,0.717584
1170,0.309955
71569,0.812275
43019,0.710333
18161,0.540689
90286,0.181402
103102,0.351167
72813,0.200427
49074,0.614303
85551,0.821531
51518,0.251221
9011,0.9241
114629,0.5938
39932,0.814363
113426,0.646312
1171,0.273738
74020,0.92885
98835,0.918374
35616,0.414455
64845,0.758561
19349,0.799008
31441,0.581631
37506,0.505125
45460,0.403162
6016,0.551945
23002,0.307011
24757,0.217707
47902,0.589034
13813,0.043694
44861,0.508511
100040,0.837666
6017,0.029366
19970,0.835081
80036,0.960987
58781,0.096064
47312,0.072602
9012,0.030302
97027,0.581871
19971,0.405335
44862,0.67354
54575,0.183221
12024,0.699356
109800,0.424141
15666,0.94929
29592,0.689718
15048,0.584894
53961,0.532183
51519,0.414491
55188,0.109879
100041,0.803006
55780,0.647842
53962,0.205024
46079,0.038885
68524,0.105852
16901,0.01475
97028,0.965324
121345,0.587754
8392,0.415606
28357,0.372435
94015,0.820453
66092,0.46502
6018,0.930688
111634,0.652668
1172,0.214
44229,0.883661
75805,0.739336
45461,0.207585
66093,0.612442
61846,0.526212
35015,0.171017
43596,0.509845
80646,0.889559
34424,0.818314
82485,0.881538
36236,0.977169
49075,0.997647
80037,0.758411
61847,0.981894
13814,0.139787
36875,0.44978
81274,0.127398
99451,0.443629
41764,0.049718
103103,0.019826
5422,0.503493
87955,0.414399
101254,0.779647
28358,0.198695
8393,0.131216
79446,0.126933
46080,0.658074
70377,0.17854
75806,0.279175
119478,0.683507
15049,0.487211
75202,0.270477
21191,0.514229
31442,0.149791
70378,0.319099
27140,0.813493
115849,0.883478
38103,0.949198
26549,0.371553
56954,0.267394
38104,0.036014
18162,0.621901
10835,0.331556
21779,0.043826
14457,0.536887
101870,0.171253
52118,0.158944
11425,0.048806
27141,0.90954
86767,0.545875
108613,0.126592
70379,0.147242
78249,0.937855
9013,0.075623
89141,0.617499
117043,0.029899
92153,0.381678
82486,0.942385
112833,0.366896
26550,0.444565
118870,0.070884
87367,0.071711
101255,0.573743
70963,0.953956
101256,0.867158
40533,0.650458
35016,0.978564
3587,0.43175
97624,0.957773
92154,0.524119
43020,0.063453
115255,0.464545
52707,0.966813
39933,0.416749
82487,0.98543
115256,0.388924
43021,0.161643
50279,0.254531
92780,0.239697
48486,0.582463
98836,0.159405
17514,0.35839
99452,0.970502
38105,0.115533
1173,0.652512
97029,0.226468
11426,0.40528
64250,0.077832
9590,0.754719
31443,0.849376
107364,0.758451
81275,0.328641
79447,0.541093
44863,0.313658
36237,0.97939
14458,0.42715
5423,0.81838
84941,0.089836
39934,0.947059
98837,0.885204
115257,0.690645
112834,0.482007
114031,0.679508
71570,0.835759
30212,0.133241
65475,0.674804
34425,0.552887
72814,0.633649
18762,0.260352
18761,0.914804
20625,0.509327
49076,0.573917
117044,0.599127
61848,0.205995
79448,0.155871
13815,0.628585
58149,0.200038
58148,0.148342
81894,0.567279
98231,0.966088
110438,0.877513
70964,0.504682
49659,0.71357
66677,0.224526
6019,0.230093
95242,0.569199
111635,0.871501
68525,0.947407
26551,0.871306
94016,0.219911
101871,0.917459
64251,0.20828
79449,0.616419
57542,0.786808
43597,0.279997
58150,0.709664
47903,0.516604
90287,0.6542
75203,0.745517
51520,0.403639
1787,0.624195
42393,0.630627
99453,0.167585
4171,0.346173
71571,0.082868
14459,0.756959
82488,0.573338
27752,0.380377
12025,0.030844
63050,0.553891
38106,0.541903
98838,0.458677
45462,0.827843
95243,0.013543
49077,0.922416
90288,0.973714
50280,0.149431
49078,0.870655
106737,0.614743
112835,0.910379
116464,0.747104
106738,0.664567
39935,0.782108
58151,0.281554
99454,0.497862
118871,0.489303
96428,0.158959
79450,0.229216
24758,0.016051
47313,0.883469
48487,0.046483
1788,0.093426
114032,0.698101
19350,0.865088
92155,0.696866
52708,0.71271
111031,0.373717
95244,0.783738
76999,0.773107
106136,0.359757
118255,0.922036
12026,0.457138
95845,0.672644
91537,0.401151
95846,0.573635
86172,0.086102
28359,0.420659
33217,0.762847
4172,0.838891
2971,0.340897
35017,0.054855
69759,0.168772
67904,0.282996
107365,0.494835
117045,0.263157
47904,0.370377
75807,0.017169
45463,0.414152
117638,0.696421
111636,0.448904
94643,0.19402
74625,0.930327
95245,0.184227
107366,0.868327
92781,0.190659
79451,0.150902
34426,0.487757
112836,0.660307
17515,0.452977
100042,0.508152
90289,0.623466
30813,0.483328
97030,0.956855
84322,0.151321
119479,0.391338
70380,0.127726
27753,0.197557
24163,0.620039
121346,0.866551
113427,0.354773
63051,0.85476
107367,0.380142
15667,0.709298
45464,0.110925
39339,0.551696
55189,0.038639
110439,0.142932
99455,0.304314
115258,0.049037
85552,0.872409
35018,0.821307
116465,0.931824
25980,0.224729
117046,0.446136
118256,0.808981
94017,0.276189
67905,0.647336
103694,0.345258
94018,0.376895
80038,0.675373
58152,0.939341
112837,0.809968
4818,0.348046
25981,0.069216
47905,0.968989
92782,0.340224
109196,0.719344
19972,0.057375
114033,0.011784
81276,0.641593
28967,0.864176
105514,0.432612
68526,0.637359
66094,0.702935
46081,0.849546
72188,0.090918
51521,0.534534
119480,0.442294
12614,0.340258
62437,0.370694
32612,0.415447
39340,0.172032
17516,0.863698
58783,0.288787
38720,0.399722
27142,0.58481
81895,0.686246
58782,0.490532
9591,0.442635
95246,0.366641
4173,0.504122
79452,0.233299
110440,0.020259
31444,0.915157
50281,0.188529
77632,0.400525
119481,0.538559
36238,0.335885
43022,0.427922
28360,0.392226
30213,0.453082
35019,0.768613
33218,0.523726
118257,0.869561
91538,0.674147
543,0.516028
76405,0.332667
100635,0.077336
92783,0.312881
16902,0.621818
25982,0.494288
98839,0.131535
114034,0.570871
33802,0.292338
89728,0.268591
99456,0.308827
64252,0.687011
79453,0.664004
41765,0.084478
70381,0.207898
28968,0.598777
79454,0.087032
23571,0.762434
25378,0.742648
56955,0.179185
26552,0.986348
81896,0.809143
84942,0.116694
32613,0.891038
67313,0.289628
67314,0.473716
19973,0.139165
92156,0.446986
39936,0.819773
69760,0.565569
118872,0.074162
84943,0.31993
75808,0.543601
40534,0.446446
58784,0.483016
106137,0.993457
1789,0.49433
43598,0.981317
24759,0.058463
63635,0.886717
41766,0.416411
46082,0.85899
53338,0.919846
104895,0.540554
87956,0.102741
19974,0.366501
35617,0.071304
50876,0.817982
83708,0.979262
21780,0.67959
64846,0.381457
106739,0.743093
89729,0.996914
58785,0.471646
23572,0.096029
59405,0.591995
103695,0.856132
69761,0.691941
46696,0.793441
36239,0.470788
32614,0.774665
8394,0.620514
10836,0.175457
28969,0.831995
116466,0.345303
50877,0.674652
75809,0.429019
16289,0.920404
49079,0.375209
94644,0.146373
68527,0.381998
109801,0.181577
32028,0.869334
13247,0.426978
66095,0.50104
28970,0.819945
41767,0.892836
96429,0.674867
23003,0.580287
121347,0.6452
52119,0.819552
77000,0.347088
28971,0.842205
100043,0.991155
118258,0.388803
6020,0.797559
52709,0.823654
104896,0.469289
77633,0.79473
27754,0.054981
101872,0.099926
49080,0.036416
25379,0.859521
68528,0.39553
28361,0.733946
61241,0.295882
83709,0.856448
24760,0.306376
102482,0.688912
94645,0.907035
6592,0.416445
49081,0.847776
64253,0.697712
89142,0.104318
95247,0.411997
78250,0.801633
84944,0.952867
91539,0.241242
75204,0.267879
84945,0.00158
29593,0.692687
27143,0.572072
101257,0.734431
99457,0.027252
92784,0.664404
43023,0.699889
24761,0.919052
50878,0.041631
37507,0.622545
97031,0.948139
7209,0.621858
16290,0.234627
81277,0.408801
92157,0.745817
87368,0.874622
46083,0.51612
16903,0.61834
39937,0.966392
56956,0.654167
112838,0.459823
114035,0.104643
60635,0.759982
98232,0.906394
49660,0.409187
98840,0.32364
31445,0.125226
28972,0.433214
56957,0.976243
80040,0.596371
80039,0.443421
7811,0.003365
21192,0.500135
46084,0.298573
101873,0.216468
8395,0.341349
18163,0.792841
72189,0.596702
109802,0.31416
40535,0.836535
70382,0.551156
70965,0.657101
118873,0.389742
38107,0.825436
25983,0.516
82489,0.405924
9014,0.338548
90290,0.671459
98841,0.914362
46085,0.962219
97032,0.296878
87957,0.60332
45465,0.212622
75205,0.889014
100044,0.937127
7210,0.610663
58153,0.838859
41141,0.079847
44864,0.681415
66678,0.762684
12027,0.903257
90934,0.849353
55190,0.624975
71572,0.155362
120109,0.83552
70966,0.232544
70967,0.653412
112236,0.057598
64847,0.288207
48488,0.508283
61242,0.813171
74022,0.019899
43024,0.142813
49661,0.778747
113428,0.114156
96430,0.156646
114630,0.784039
76406,0.21816
74021,0.564287
64848,0.333523
100636,0.080385
7211,0.874806
16904,0.307364
58786,0.424038
66679,0.773091
2377,0.825476
61849,0.133109
84946,0.302257
7212,0.807372
61850,0.646506
49082,0.204133
66680,0.880984
544,0.53975
94646,0.648433
92158,0.575553
39341,0.151468
52120,0.098625
69144,0.438579
16291,0.268408
118259,0.90587
84947,0.831333
56354,0.973502
97625,0.241236
107368,0.382194
90291,0.721325
47906,0.350457
61851,0.600987
58787,0.916963
86768,0.916751
55781,0.261951
70383,0.068964
32029,0.68568
69762,0.704629
14460,0.196255
33219,0.420134
87369,0.451576
32030,0.642514
118874,0.883074
58154,0.879888
6021,0.112516
70968,0.734208
98842,0.511388
33220,0.728233
97626,0.104154
22389,0.241673
89730,0.31944
61852,0.293698
2972,0.663368
58155,0.612717
49662,0.444927
37508,0.214808
18763,0.955306
103696,0.360198
26553,0.856801
69145,0.15468
17517,0.574231
23004,0.226186
8396,0.776701
109197,0.691478
114036,0.017678
92159,0.977088
106740,0.559897
104283,0.94363
99458,0.90197
74023,0.746869
12615,0.772736
117047,0.793979
6593,0.154576
22390,0.3292
113429,0.738539
65476,0.602867
117048,0.022746
29594,0.968924
89143,0.999917
96431,0.123442
104284,0.460208
55782,0.136373
12028,0.413948
52710,0.720865
63636,0.16572
111032,0.924864
24762,0.129909
54576,0.758094
12029,0.845395
70969,0.504329
17518,0.824395
78251,0.896641
13816,0.333219
63637,0.700235
67906,0.582469
95249,0.241988
95248,0.196355
73446,0.96393
59406,0.069424
93403,0.421859
102483,0.800779
70970,0.833185
545,0.554268
106138,0.894338
78826,0.527243
48489,0.298778
79455,0.913476
68529,0.537695
120730,0.288949
60636,0.608021
7812,0.111751
60637,0.385724
38108,0.172269
38721,0.51062
33221,0.369611
49663,0.319152
96432,0.026166
19975,0.206132
101874,0.272316
87370,0.505722
100045,0.728429
44230,0.944179
17519,0.519117
77634,0.352284
22391,0.331711
118260,0.00394
33222,0.668003
93404,0.485662
1174,0.052963
45466,0.543645
98843,0.99044
53963,0.128857
58788,0.509545
95250,0.632669
108614,0.168467
86173,0.020132
104897,0.230847
38722,0.328478
120731,0.088158
118261,0.346807
102484,0.282524
103104,0.017238
67907,0.123313
59407,0.458952
59408,0.889168
14461,0.307102
81897,0.944096
25984,0.825335
19976,0.782813
120110,0.744881
39342,0.883926
79456,0.003209
80647,0.385109
39938,0.85287
110441,0.985994
6022,0.780582
84323,0.450506
106139,0.224217
87958,0.222496
109198,0.023892
6594,0.506523
4174,0.129377
88568,0.762338
95251,0.907203
118875,0.993404
42394,0.647179
86174,0.140848
48490,0.768436
50879,0.813968
90292,0.286266
66096,0.329432
112839,0.719152
43025,0.762087
100637,0.184724
47907,0.107174
104898,0.691369
28362,0.294984
109199,0.809919
81898,0.042986
18164,0.275887
81899,0.723386
20626,0.045126
75810,0.162638
64849,0.428826
54577,0.161088
98844,0.474985
45467,0.548035
52711,0.04075
40536,0.20702
109803,0.379618
61853,0.144015
79457,0.090453
103697,0.56786
101258,0.650755
69763,0.082939
3588,0.725788
27144,0.080871
14462,0.085136
46697,0.645127
73447,0.994264
47908,0.679792
2378,0.110591
52121,0.457024
15050,0.251255
117639,0.27921
74626,0.694754
39939,0.489416
79458,0.692071
40537,0.544853
80648,0.204774
49664,0.660901
58156,0.868576
75206,0.103453
113430,0.771696
98845,0.795815
17520,0.684012
54578,0.639718
66097,0.513969
83710,0.61144
38109,0.345146
61854,0.982909
37509,0.754361
74024,0.512585
57543,0.782113
15051,0.055847
117049,0.986567
25985,0.142636
64850,0.659273
61243,0.139095
19977,0.328131
29595,0.55991
67315,0.152507
73448,0.562606
104899,0.309477
6023,0.97112
98233,0.075439
25380,0.877705
60015,0.365211
25381,0.040933
60638,0.843372
88569,0.101885
109804,0.022744
2973,0.582691
24763,0.734252
16292,0.839026
71573,0.297566
35618,0.430357
95847,0.614824
62438,0.364969
78252,0.939618
8397,0.575832
27755,0.31008
80649,0.670661
44231,0.721172
1790,0.977553
63638,0.383281
37510,0.856038
103698,0.591261
41142,0.50367
120732,0.586765
105515,0.930655
47314,0.757144
60639,0.923141
75207,0.662806
46086,0.915494
546,0.106578
30214,0.083043
38723,0.467125
87371,0.24223
117050,0.337124
40538,0.400804
3589,0.20584
84948,0.85552
13248,0.531224
114037,0.398039
10837,0.493892
103105,0.006824
51522,0.210144
32031,0.942365
1791,0.230819
47315,0.030974
58157,0.666853
83095,0.823505
110442,0.426308
74627,0.698926
41143,0.736003
35619,0.275607
19351,0.708133
30814,0.048912
24164,0.824941
58158,0.6637
99459,0.194752
56355,0.332336
80650,0.029939
61244,0.013024
46087,0.42699
8398,0.892606
50282,0.419804
47316,0.495475
6595,0.644926
28973,0.584117
104285,0.097763
93405,0.590708
9015,0.291049
5424,0.033748
547,0.028855
68530,0.377448
70971,0.835583
72815,0.026609
21193,0.978761
102485,0.313764
80651,0.227957
101875,0.518557
30215,0.076352
100046,0.136952
71574,0.728005
75811,0.597031
51523,0.399494
52122,0.589942
111637,0.310564
2974,0.604122
75812,0.57726
37511,0.660177
103699,0.051944
33223,0.700884
49665,0.510729
6596,0.926782
83711,0.843095
34427,0.491137
68531,0.634311
86769,0.467295
70972,0.606427
55783,0.303457
36876,0.501816
112237,0.029933
4175,0.558233
74628,0.472349
87372,0.23603
98846,0.82863
115259,0.821642
80041,0.484548
83096,0.977471
84949,0.462719
15668,0.48641
76407,0.698865
25382,0.659942
74025,0.308995
53339,0.940073
114038,0.904767
20627,0.063671
5425,0.153611
103700,0.689951
70973,0.494313
80042,0.137864
36877,0.390815
2975,0.4009
63639,0.578151
84324,0.776158
78827,0.358528
114039,0.667297
105516,0.664134
26554,0.535675
49083,0.593752
6597,0.160223
103701,0.475679
113431,0.432047
117640,0.565319
81278,0.529621
61245,0.002787
87373,0.513093
56356,0.48589
3590,0.255082
65477,0.432502
91540,0.090992
63640,0.872838
13817,0.877444
39343,0.919881
117051,0.786857
15052,0.86855
118876,0.631824
9592,0.740729
16293,0.461354
52712,0.638721
35020,0.063802
19352,0.571147
68532,0.337221
64851,0.076463
94019,0.441996
12030,0.79115
17521,0.840058
45468,0.12192
78828,0.067515
102486,0.387872
120733,0.387168
48491,0.853354
57544,0.587435
97033,0.789539
53340,0.161138
18165,0.0521
120111,0.952534
92160,0.021269
104286,0.693584
118262,0.411353
36240,0.423068
94647,0.957129
78829,0.674628
37512,0.810267
70384,0.304791
74629,0.015059
49084,0.318054
44232,0.814876
84325,0.24907
105517,0.216628
30216,0.351138
100638,0.419926
17522,0.79928
94020,0.152009
15669,0.450269
36878,0.643749
106741,0.25095
54579,0.416423
61855,0.133606
24165,0.249577
56958,0.568479
78830,0.374067
43599,0.43978
20628,0.887609
81900,0.095226
75813,0.62657
103703,0.520848
45469,0.159619
49085,0.383793
81279,0.162628
103702,0.241437
87959,0.590551
116467,0.771733
92161,0.719848
70974,0.401538
56357,0.801203
112239,0.696158
112238,0.159217
52713,0.527441
109805,0.476169
73449,0.580546
84326,0.227353
85553,0.337924
87374,0.326456
5426,0.975445
100047,0.002229
2976,0.637811
24166,0.591468
89144,0.323608
45470,0.489533
52714,0.886407
117641,0.289564
15053,0.480046
107369,0.13572
83097,0.736557
78253,0.077984
113432,0.156822
4176,0.357275
37513,0.488998
58159,0.605656
19353,0.003963
34428,0.83085
87375,0.718278
23005,0.361057
59409,0.475485
12031,0.306085
91541,0.979366
74026,0.430315
2379,0.055042
84950,0.755657
81901,0.307003
76408,0.398708
67908,0.92411
116468,0.056433
70975,0.47725
105518,0.880423
77001,0.544078
49086,0.354066
66681,0.608389
1792,0.814515
55191,0.241541
13818,0.990809
73450,0.805616
33803,0.035573
548,0.439386
14463,0.486868
24764,0.315989
100048,0.986435
109806,0.660088
55192,0.880453
66098,0.124217
78254,0.541325
38724,0.478886
84951,0.72609
115260,0.396497
106140,0.895439
36241,0.871472
46698,0.137337
6024,0.341254
26555,0.268873
21781,0.360745
103106,0.764746
85554,0.184759
12616,0.059038
106742,0.546844
70976,0.785784
32615,0.101838
44865,0.835007
73451,0.160797
12617,0.064537
67316,0.56783
97627,0.744711
3591,0.001489
10201,0.315029
7813,0.132328
53964,0.542684
111033,0.775503
6025,0.570482
107370,0.260807
92162,0.246688
30217,0.654778
94021,0.83486
10202,0.558766
53341,0.648635
30815,0.445009
81902,0.630991
105519,0.96755
106141,0.806447
30218,0.008118
6026,0.533654
103704,0.51121
114631,0.085566
21194,0.824198
39940,0.429596
36879,0.699556
89731,0.259737
116469,0.947864
6598,0.335113
10839,0.672672
72816,0.35802
6027,0.113202
30816,0.025241
46699,0.879921
117052,0.579752
64254,0.59124
61246,0.140344
98847,0.311072
70385,0.727305
10838,0.385725
41144,0.484264
52123,0.215931
101259,0.066595
50880,0.517082
84327,0.800956
20629,0.037363
94022,0.143416
47317,0.890249
69146,0.776571
106142,0.783342
42395,0.894842
1175,0.808999
4177,0.308272
27756,0.581641
41768,0.977521
118877,0.297245
112840,0.577143
35021,0.767456
92785,0.61999
99460,0.580726
58160,0.411236
99461,0.601808
94648,0.215975
66682,0.230203
111034,0.102645
14464,0.655756
4819,0.372935
32616,0.890692
22392,0.111972
120734,0.023768
107997,0.251823
13819,0.350422
26556,0.675342
106743,0.264672
8399,0.905348
71575,0.720138
94649,0.985003
69147,0.966633
101260,0.809692
49666,0.885902
58161,0.336603
67317,0.40332
31446,0.814092
72817,0.470758
55784,0.396068
118878,0.087387
58162,0.313136
106744,0.240393
44233,0.389722
52715,0.702564
79459,0.77543
1793,0.463828
32032,0.179526
90293,0.130396
23006,0.169614
27145,0.110384
27757,0.858528
66099,0.293649
86175,0.504306
24167,0.113794
106745,0.869846
46088,0.025539
62439,0.132788
12618,0.331689
28363,0.8113
38110,0.313641
104287,0.286012
60016,0.08846
22393,0.362215
36880,0.693034
99462,0.822817
116470,0.785701
76409,0.754413
115850,0.031198
112841,0.705841
77002,0.423219
29596,0.242192
35022,0.909255
30817,0.64972
1176,0.827274
104900,0.06663
106746,0.152627
104288,0.914098
112842,0.925858
28364,0.365848
22394,0.607975
118879,0.059186
109200,0.579973
80043,0.125998
66100,0.486704
76410,0.036013
59410,0.762763
46700,0.386679
66683,0.930361
101261,0.079798
81903,0.924036
81280,0.032206
18764,0.905927
118263,0.649445
19978,0.593843
77003,0.201921
111035,0.919851
39344,0.052064
46701,0.840768
13249,0.988727
39345,0.357998
23573,0.669132
95252,0.860324
12032,0.551645
35023,0.017623
102487,0.247267
27146,0.611653
108615,0.15768
80652,0.072056
23574,0.989895
81904,0.000108
29597,0.026267
6028,0.088003
51524,0.70404
48492,0.007468
75208,0.643602
78831,0.872602
85555,0.903113
118880,0.104869
19979,0.244327
66101,0.172534
35620,0.583945
29598,0.840777
112843,0.162041
73452,0.432284
79460,0.378952
36881,0.578018
56358,0.637527
12619,0.5735
89145,0.518919
66684,0.59939
7213,0.110332
27147,0.127745
59411,0.55578
115851,0.196272
9016,0.561435
94023,0.749998
41769,0.808142
71576,0.127415
18166,0.080936
9593,0.042977
70386,0.47823
97628,0.141483
33224,0.826765
30818,0.232818
26557,0.447244
17523,0.279907
110443,0.196677
84328,0.941563
53342,0.072204
81905,0.732236
28974,0.254654
62440,0.102055
84329,0.169319
72818,0.380799
120112,0.651618
43026,0.687088
97629,0.117883
26558,0.419765
61247,0.116333
57545,0.187329
11427,0.231026
114040,0.936355
54580,0.27915
43600,0.191474
24765,0.983103
30219,0.693319
48493,0.43197
74630,0.956312
97034,0.860865
81906,0.930004
98848,0.639849
8400,0.254101
33804,0.819114
63641,0.823039
66685,0.652529
66686,0.97721
66687,0.405607
66102,0.389711
91542,0.882377
15670,0.347436
59412,0.969739
6029,0.903487
23575,0.670155
120735,0.905179
100639,0.147884
95848,0.686616
9017,0.756797
43027,0.264754
26559,0.156401
16905,0.005204
51525,0.365641
109807,0.592864
69764,0.63028
120113,0.200923
76411,0.728542
23007,0.283873
59413,0.874984
49667,0.629523
30819,0.959534
31447,0.40995
104901,0.206073
35024,0.669488
12620,0.742653
25986,0.651797
19980,0.25129
35621,0.169735
95849,0.721033
112240,0.082116
95253,0.355624
69765,0.416335
51526,0.999997
42397,0.313812
42396,0.800028
15671,0.573954
100640,0.53023
86176,0.537388
29599,0.69827
101262,0.878831
58163,0.593057
6599,0.435155
116471,0.080176
89146,0.099103
89147,0.29792
74027,0.830315
36882,0.775494
86770,0.023356
72819,0.678607
36242,0.219429
61856,0.73519
107371,0.152747
21195,0.494869
9594,0.567732
53965,0.836929
72190,0.633625
9595,0.387943
118264,0.955309
9018,0.536009
6600,0.339977
63052,0.232883
77635,0.633691
101876,0.288062
77636,0.90849
54581,0.693709
81281,0.700542
92163,0.270167
91543,0.150159
19981,0.084417
9596,0.928485
56359,0.589342
12033,0.648199
35025,0.688167
1794,0.360324
25383,0.458905
48494,0.260898
100049,0.1304
2977,0.717734
40539,0.976402
35622,0.260955
24168,0.201398
47318,0.518827
6030,0.245457
24169,0.131894
115852,0.229645
79461,0.873545
53343,0.992616
117642,0.326473
65478,0.364582
82490,0.810117
70977,0.046601
63642,0.419222
72191,0.706849
43601,0.712292
110444,0.660089
35623,0.075104
7214,0.367868
76412,0.679159
86177,0.977319
111638,0.504069
52124,0.557233
115853,0.861796
56959,0.173166
81282,0.661438
34429,0.238356
48495,0.424377
7814,0.604324
20630,0.228523
117643,0.614906
94024,0.2858
81907,0.250638
43028,0.735249
33805,0.901556
39941,0.49259
84330,0.155961
109201,0.451011
72192,0.79343
25384,0.171326
4178,0.187871
38725,0.878425
28365,0.73819
89732,0.678774
16294,0.94646
32617,0.74792
109202,0.181045
41145,0.985677
44866,0.957699
67909,0.138802
63643,0.654516
5427,0.235861
23576,0.281782
84952,0.730012
28366,0.014333
57546,0.556508
98849,0.965999
72820,0.649164
58789,0.279374
52125,0.998198
92786,0.291986
6031,0.267634
84331,0.332442
46702,0.428056
28367,0.219071
87960,0.052018
42398,0.710315
104902,0.095896
75209,0.514389
61857,0.175092
20631,0.873072
54582,0.509407
36883,0.559177
39942,0.688006
45471,0.78873
95254,0.956948
69766,0.206454
48496,0.387323
92787,0.381442
6601,0.372898
114632,0.692983
76413,0.614592
108616,0.82913
95850,0.78057
9019,0.908919
22395,0.880561
18765,0.869445
76414,0.120152
83713,0.25906
83712,0.354589
51527,0.059613
28368,0.837461
38726,0.134859
41146,0.640367
49668,0.281769
111036,0.086635
86178,0.834641
94025,0.642917
549,0.186024
84332,0.926648
18766,0.566572
120736,0.570688
86771,0.019411
60017,0.023866
23008,0.089472
38727,0.389434
53344,0.553172
67910,0.528446
98234,0.821896
16906,0.166291
30220,0.518171
86772,0.849764
8401,0.053653
70978,0.514414
52126,0.265021
5428,0.967496
86773,0.090956
42399,0.357322
61248,0.146419
114633,0.404318
7215,0.772592
18767,0.055849
116472,0.413609
107998,0.849455
6032,0.206747
81908,0.866685
65479,0.0506
32618,0.156281
72821,0.762945
46089,0.210264
32619,0.10441
29600,0.543405
76415,0.400559
71577,0.273999
46090,0.023235
20632,0.013366
21782,0.34059
65480,0.373261
9597,0.043951
101877,0.344426
32033,0.927353
95851,0.511302
43602,0.340367
87376,0.764342
117644,0.725406
66103,0.75979
83098,0.604693
37514,0.029942
76416,0.075104
53345,0.856285
97035,0.866235
27148,0.402876
105520,0.914802
86179,0.6439
10203,0.770427
30221,0.458007
69767,0.384213
35026,0.391857
32034,0.325173
44867,0.28245
85556,0.958755
36243,0.20761
87377,0.411645
51528,0.472953
95255,0.458576
53966,0.178666
22396,0.364028
21783,0.453701
55193,0.373935
32035,0.095292
60018,0.072227
58790,0.858184
110445,0.19879
36884,0.349551
69148,0.969943
33225,0.406232
102488,0.304495
79462,0.213686
61858,0.494213
23577,0.638907
40540,0.57511
29601,0.457902
86180,0.089425
38111,0.519031
18768,0.207974
78255,0.731739
43603,0.919754
24766,0.873178
70387,0.080309
119482,0.357715
46091,0.252833
120737,0.028547
49669,0.998751
11428,0.239871
83099,0.13073
44234,0.652803
103107,0.17881
9598,0.234379
22397,0.070766
47319,0.613615
18167,0.704168
47909,0.670283
10840,0.286887
59414,0.640975
97036,0.89501
110446,0.249247
98850,0.218258
48497,0.817938
43029,0.330627
98851,0.906838
14465,0.787266
68533,0.116806
111639,0.040797
28975,0.794356
117053,0.449742
46703,0.078211
106747,0.882171
8402,0.020103
13820,0.713067
55785,0.523631
107372,0.51177
43604,0.835999
36244,0.659207
49087,0.621067
14466,0.867582
50283,0.919079
79463,0.635401
44868,0.907681
100050,0.481259
40541,0.100074
53967,0.016887
70388,0.036979
38728,0.96054
69149,0.140514
61859,0.052897
85557,0.971224
85558,0.4048
27149,0.955803
34430,0.626896
10841,0.300098
33806,0.494796
84953,0.369107
47320,0.945741
49670,0.388797
33807,0.550858
18769,0.054022
106143,0.008998
55194,0.477193
8403,0.264919
63645,0.386934
61249,0.375687
9020,0.710608
28976,0.156704
41770,0.960463
63644,0.072748
111640,0.232062
14467,0.141072
63646,0.440923
15054,0.098037
97037,0.131976
89148,0.394149
24767,0.004746
95256,0.900356
21196,0.123317
58164,0.302669
13250,0.909413
30820,0.397044
78256,0.459334
86181,0.778651
77637,0.51759
9599,0.253772
62441,0.746704
92788,0.162232
68534,0.865825
41147,0.369201
33808,0.450744
69150,0.736922
18770,0.212491
47321,0.779768
95852,0.179557
93406,0.332324
104903,0.375305
83714,0.053579
112241,0.357312
90294,0.108975
46092,0.005422
69151,0.476685
29602,0.895719
80044,0.500157
87378,0.816808
101878,0.402188
36885,0.541139
114634,0.109353
79464,0.596903
55786,0.047855
48498,0.773809
103705,0.715205
38112,0.713346
45472,0.002636
81909,0.405528
54583,0.297061
77638,0.836338
70979,0.741893
16295,0.248516
55787,0.648633
14468,0.193206
21197,0.263802
8404,0.165461
15055,0.030021
37515,0.667014
109203,0.639498
54584,0.551119
40542,0.678706
11429,0.489794
19354,0.825898
36886,0.823043
113433,0.278196
100641,0.083798
95257,0.584421
47322,0.035409
80653,0.294366
100051,0.817415
64255,0.038208
28977,0.160794
61860,0.505027
99463,0.784441
39346,0.55698
7216,0.662329
27150,0.426189
65481,0.545451
32036,0.418083
117054,0.869456
92164,0.309947
42400,0.112749
57547,0.651547
94026,0.695872
53346,0.069294
59415,0.729689
85559,0.854757
91544,0.102954
90295,0.485971
61250,0.131687
111037,0.286163
20633,0.417024
36887,0.999527
5429,0.493016
4179,0.073648
45473,0.734509
110447,0.551269
66688,0.075516
73453,0.801359
92165,0.486307
84333,0.370835
25385,0.538649
85560,0.374613
115854,0.818179
9600,0.538118
104289,0.714954
27151,0.654692
121348,0.98605
14469,0.032104
96433,0.149605
60640,0.631104
9601,0.095937
43030,0.911955
13251,0.246519
32037,0.315664
64256,0.935182
96434,0.69613
83715,0.021446
41771,0.528285
17524,0.334422
31448,0.240893
101879,0.028494
120114,0.535388
30222,0.222125
62442,0.804843
31449,0.888187
7815,0.58519
33809,0.175797
90935,0.408776
86182,0.228956
78832,0.575151
29603,0.361577
76417,0.282712
15672,0.584733
47323,0.226667
26560,0.327786
25987,0.572883
57548,0.335236
113434,0.327033
6602,0.065462
27758,0.060983
81910,0.831141
27759,0.041321
83100,0.353344
79465,0.385827
101880,0.757492
78833,0.399464
94650,0.422939
64257,0.443825
7816,0.006689
1795,0.680244
84334,0.214634
38729,0.972684
93407,0.725755
89149,0.796743
18168,0.274105
82491,0.446305
43605,0.565469
93408,0.876383
56360,0.229384
47910,0.044622
87961,0.48336
1796,0.404199
26561,0.458711
26562,0.865334
37516,0.060107
103706,0.665271
75210,0.428262
90296,0.595411
100052,0.848918
9602,0.298886
74028,0.094857
12621,0.39613
100053,0.448406
55788,0.704527
57549,0.808564
64258,0.127069
41772,0.083665
75211,0.965318
81911,0.997342
101263,0.260092
84335,0.075232
101881,0.639425
38113,0.742638
13252,0.451762
14470,0.227876
107373,0.184117
89150,0.679142
109204,0.345397
81283,0.11305
12034,0.180096
114635,0.91395
23009,0.462154
9021,0.780377
61251,0.845699
103707,0.319571
1177,0.758644
2978,0.78991
49088,0.749889
104904,0.399276
48499,0.978495
67318,0.591818
101882,0.845964
21198,0.520134
80654,0.324947
66104,0.383484
111038,0.275497
42401,0.771647
117645,0.971708
51529,0.032558
52716,0.288477
9603,0.293345
19355,0.140871
80655,0.747089
41773,0.062167
66689,0.14437
74029,0.556859
44235,0.940858
78257,0.602445
81284,0.851905
12622,0.68824
71578,0.902008
6033,0.810881
117055,0.753499
53968,0.164027
114041,0.618277
89151,0.744921
113435,0.782345
23010,0.827733
23578,0.520963
64852,0.313849
22398,0.345546
19982,0.636976
1178,0.52534
107374,0.647832
67911,0.929716
64259,0.978606
79466,0.827239
95258,0.712212
96435,0.430472
113436,0.820546
64260,0.356813
12035,0.648455
23579,0.907231
25386,0.582115
550,0.378383
16296,0.181793
120115,0.691976
1179,0.443658
53969,0.1418
58165,0.394473
23580,0.859628
13253,0.921543
78258,0.91493
104905,0.01132
18169,0.347714
88570,0.296852
85561,0.712547
15056,0.18631
76418,0.210702
50881,0.874441
36245,0.484001
89152,0.785454
23011,0.671885
35027,0.37736
28369,0.866684
54585,0.900237
38114,0.946959
107375,0.351389
46704,0.965995
112242,0.531513
16907,0.051194
81912,0.404719
19983,0.869442
57550,0.510681
48500,0.106986
97630,0.563316
32620,0.382862
47324,0.810853
50284,0.365826
22399,0.654478
115261,0.248837
32621,0.250753
25387,0.057827
72193,0.083966
90936,0.166573
54586,0.087641
82492,0.346023
55789,0.759055
106144,0.207898
68535,0.826315
1180,0.188594
104290,0.51855
112243,0.172656
39347,0.442714
2979,0.048014
68536,0.21953
63053,0.99478
35624,0.563499
115855,0.897152
39348,0.374974
25988,0.355127
27152,0.29459
116473,0.03945
110448,0.502138
60641,0.709534
38115,0.601781
9604,0.43281
12623,0.194955
112244,0.736461
39943,0.699914
15057,0.410009
106748,0.160768
111641,0.796691
90297,0.903666
119483,0.652721
69768,0.472968
103108,0.900865
39349,0.303444
33810,0.48853
1181,0.999759
50882,0.186982
78834,0.687255
46705,0.463814
7817,0.774682
28978,0.995374
95259,0.582994
92166,0.736667
69769,0.380755
19356,0.255837
60019,0.628868
25989,0.195951
71579,0.697708
25990,0.455724
16297,0.048374
33811,0.298999
121349,0.91816
8405,0.911762
95260,0.592509
94027,0.377427
83101,0.683669
23012,0.02921
27760,0.711572
77004,0.535141
95261,0.728161
105521,0.98797
108617,0.685891
67319,0.904334
90937,0.405372
60020,0.946486
56960,0.991144
92167,0.89337
3592,0.081065
78835,0.076309
28979,0.840941
90938,0.793205
70980,0.056978
46093,0.069714
67912,0.80716
61861,0.31433
67320,0.361532
55195,0.390808
89733,0.020056
105522,0.546415
45474,0.116317
37517,0.645617
46706,0.096431
29604,0.956854
120738,0.844728
25991,0.7359
41774,0.028913
3593,0.479725
96436,0.230838
56961,0.380555
33226,0.557091
25388,0.725931
106145,0.584116
36246,0.171221
33227,0.178227
84954,0.568736
6603,0.263831
47911,0.629486
96437,0.175594
64261,0.84093
21199,0.495412
43606,0.537279
55196,0.727968
56361,0.60774
47912,0.834362
59416,0.209394
9605,0.802788
67913,0.786188
60021,0.208297
7217,0.059788
107376,0.12699
33812,0.447914
49089,0.553056
28980,0.231648
55197,0.479995
43607,0.424365
9606,0.650347
105523,0.806856
53347,0.115834
115262,0.995487
28370,0.309107
42402,0.065862
37518,0.55015
30821,0.17031
32622,0.754169
3594,0.121155
70389,0.235698
115856,0.759701
23581,0.927864
77639,0.386086
96438,0.785718
47913,0.702182
45475,0.600587
15673,0.528034
89734,0.069917
8406,0.698381
86183,0.903294
47914,0.185154
21784,0.378745
108618,0.274897
16908,0.29198
98852,0.63563
32038,0.223721
104906,0.520719
67914,0.949899
108619,0.143163
50285,0.698625
57551,0.190359
23013,0.233641
84336,0.05012
29605,0.788965
1797,0.04623
80656,0.443385
75212,0.597029
64853,0.746303
78259,0.360587
94651,0.806242
63647,0.121443
55790,0.325917
81285,0.065683
107377,0.075869
53348,0.550071
6604,0.3146
83102,0.448848
118881,0.572599
80045,0.05384
30822,0.246119
39944,0.936085
70390,0.131972
25389,0.601658
100642,0.414513
108620,0.271411
43031,0.377637
19357,0.897583
39350,0.700124
36247,0.822347
64262,0.401224
33228,0.077937
86184,0.320151
55791,0.758366
64263,0.538643
74030,0.780407
45476,0.197847
19358,0.769562
111642,0.20436
51530,0.742921
84337,0.623316
74031,0.057229
64264,0.939762
26563,0.91815
114042,0.427002
74032,0.125492
111039,0.36106
23014,0.406106
24170,0.241975
33229,0.360977
114636,0.810732
47325,0.596527
48501,0.550315
74033,0.312126
49671,0.741414
21200,0.136198
92789,0.190032
28981,0.527275
107378,0.429366
110449,0.758239
47915,0.88656
68537,0.453738
38730,0.049345
36248,0.035901
92168,0.895078
26564,0.449463
107999,0.187226
24171,0.289598
57552,0.247171
551,0.534586
27153,0.237879
105524,0.749212
44236,0.970945
109205,0.731279
44869,0.877966
2380,0.705892
16909,0.121816
106749,0.99722
96439,0.836134
28371,0.933594
21785,0.926988
11430,0.309604
60022,0.706538
101264,0.797923
80657,0.725182
77005,0.990834
39945,0.132039
10842,0.240892
28982,0.024268
30823,0.318209
115263,0.615938
50883,0.347383
33813,0.662894
45477,0.418774
82493,0.113678
3595,0.710203
18771,0.2407
96440,0.302379
60642,0.482577
60643,0.697624
103109,0.762077
9607,0.454167
17525,0.211253
104291,0.913304
94652,0.858107
41775,0.369513
25390,0.172097
74034,0.848655
98853,0.727579
101883,0.807451
117646,0.493569
107379,0.853143
108621,0.072583
74035,0.829496
108000,0.166819
105525,0.970499
4180,0.31642
94028,0.998881
53970,0.06353
7218,0.392374
120116,0.758218
114637,0.666683
50286,0.386308
92169,0.391803
61252,0.657308
19359,0.969493
52717,0.421786
39351,0.494609
50287,0.737745
12624,0.755793
117647,0.991901
21786,0.065364
85562,0.197646
78836,0.593904
64265,0.255502
10843,0.969222
87962,0.885375
49672,0.823209
57553,0.193986
81286,0.119512
18772,0.62327
10204,0.207081
30223,0.625654
58791,0.128609
39946,0.909044
116474,0.65505
104292,0.857181
16910,0.251761
118265,0.688609
95262,0.557132
74631,0.318837
65482,0.514571
3596,0.347791
94029,0.084995
87379,0.841831
111040,0.690333
42403,0.541046
50288,0.776251
103708,0.283822
48502,0.541336
100054,0.018895
10844,0.126427
109206,0.583597
79467,0.892778
99464,0.394369
30824,0.103514
44870,0.072231
51531,0.304109
39352,0.808769
19984,0.628189
2381,0.777101
34431,0.62933
2382,0.249123
67321,0.288646
21787,0.225543
67915,0.107893
82494,0.12163
60023,0.321441
35625,0.77067
50289,0.261047
2980,0.515788
79468,0.188686
19985,0.543093
76419,0.953764
60024,0.298091
78260,0.190415
18773,0.791952
43608,0.390084
60025,0.870706
58792,0.761603
64266,0.438738
117056,0.332314
66105,0.775304
37519,0.739746
103110,0.840705
101265,0.353977
49673,0.411834
69152,0.872958
106146,0.578685
53971,0.781547
97631,0.391258
66690,0.927081
58793,0.048448
30224,0.865999
86185,0.370259
76420,0.022581
81913,0.939
118882,0.773958
75213,0.984262
70981,0.733822
24172,0.572711
41148,0.600099
67322,0.437599
41149,0.684107
110450,0.762924
117057,0.786747
115857,0.998865
101884,0.83046
36249,0.612469
106750,0.440283
98235,0.218676
89735,0.032853
17526,0.67656
112844,0.771515
109207,0.115816
19986,0.711191
103111,0.881984
32623,0.343555
115264,0.59682
60644,0.755196
94653,0.917802
91545,0.681651
10205,0.264563
56362,0.892484
98236,0.986992
104907,0.119233
32624,0.33776
106751,0.597814
60026,0.082199
13821,0.589606
90298,0.812105
58794,0.715994
83716,0.204254
44871,0.215175
94030,0.725006
11431,0.118009
90299,0.419075
115858,0.828394
9608,0.05677
90300,0.846089
78261,0.632173
63054,0.086437
104293,0.148893
1798,0.327852
84955,0.389107
13254,0.165773
30225,0.955233
552,0.197897
103709,0.907349
74632,0.165575
5430,0.858807
88571,0.262223
18774,0.164493
84956,0.207725
7219,0.626502
38116,0.348985
44237,0.636064
118883,0.307238
50290,0.922007
111643,0.815842
109808,0.688068
59417,0.624622
25992,0.698356
99465,0.32262
69770,0.248794
52127,0.539233
69153,0.594354
89736,0.166318
93409,0.906525
5431,0.526861
15058,0.854941
42404,0.619868
41150,0.045977
28372,0.514286
113437,0.218083
1799,0.267376
87963,0.884585
93410,0.888557
92790,0.653522
105526,0.734095
41151,0.143167
58795,0.704116
104908,0.618349
42405,0.705835
84957,0.235332
58796,0.109842
106752,0.718956
90301,0.266529
35028,0.961009
553,0.482341
60027,0.993784
35029,0.727857
12625,0.052244
32625,0.93759
29606,0.910057
49090,0.42066
83103,0.02286
100055,0.830483
70982,0.678199
38731,0.636603
21201,0.631224
41776,0.741392
112245,0.554887
63055,0.007082
49091,0.668024
100056,0.527899
9022,0.690278
66691,0.957668
75814,0.491048
39947,0.026014
8407,0.533012
65483,0.26282
94654,0.50133
52718,0.927797
108001,0.735439
80658,0.130066
8408,0.696744
91546,0.855129
109208,0.020073
103112,0.651274
5432,0.048329
7220,0.577743
38117,0.251014
40543,0.780504
73454,0.392473
26565,0.531239
49092,0.300333
14471,0.587368
31450,0.293411
74633,0.193563
45478,0.382689
34432,0.182886
16911,0.281309
96441,0.160639
1182,0.550551
62443,0.225291
61862,0.231482
107380,0.125464
48503,0.213592
58166,0.240153
6605,0.98475
7818,0.662073
19360,0.018275
43609,0.499638
62444,0.862147
71580,0.746954
55792,0.087446
16912,0.780795
28373,0.799985
109209,0.287686
90302,0.832384
67916,0.373101
106147,0.111408
117648,0.515618
94031,0.490405
114638,0.524366
69154,0.397478
16298,0.135241
55793,0.255694
111644,0.924952
6035,0.786634
6034,0.375618
89153,0.210704
31451,0.152543
36888,0.414248
36250,0.042003
51532,0.768515
56363,0.880043
30825,0.265192
52128,0.811244
51533,0.752263
27154,0.498799
35030,0.896386
75214,0.487247
58797,0.483765
90939,0.470343
5433,0.934453
70983,0.196986
86774,0.561284
22400,0.107235
2383,0.522951
83717,0.11649
74634,0.112674
47326,0.150936
24173,0.133896
120739,0.381353
38732,0.592341
8409,0.285631
81914,0.03725
83104,0.204429
21202,0.512594
74635,0.758377
77640,0.915225
116475,0.570386
51534,0.616262
10206,0.31296
108622,0.552765
104909,0.338811
50291,0.598834
74636,0.00039
101266,0.623631
46707,0.432419
25391,0.95599
11432,0.815502
60645,0.4599
94655,0.247416
43610,0.913304
22401,0.938327
1800,0.901289
43611,0.935054
101886,0.079341
101885,0.779727
11433,0.473008
75215,0.382897
11434,0.706326
32626,0.272259
4820,0.225347
5434,0.184432
11435,0.400503
10845,0.919699
2981,0.807162
38733,0.44015
118266,0.743588
15059,0.713818
108623,0.027046
91547,0.722286
20634,0.234212
37520,0.649803
115859,0.290217
32039,0.622314
108002,0.995447
17527,0.234223
111041,0.486276
11436,0.759392
27155,0.360156
75815,0.701993
22402,0.901609
56364,0.539716
98237,0.857671
66106,0.868286
44238,0.61913
65484,0.799097
113438,0.118978
25993,0.320108
63648,0.815124
85563,0.421346
30826,0.742248
17528,0.469134
74637,0.655655
55794,0.578087
23582,0.043292
71582,0.293425
17529,0.158644
36889,0.572194
55198,0.4908
58798,0.490045
71581,0.107772
44239,0.585045
10846,0.183505
53349,0.959363
13255,0.779547
90303,0.668639
23583,0.201094
106148,0.015085
89154,0.514786
43032,0.105802
83105,0.649365
50884,0.951102
39353,0.79766
49674,0.87472
90304,0.462309
36251,0.226149
119484,0.038953
74036,0.300644
109809,0.976774
10847,0.218921
113439,0.994452
9609,0.904452
4181,0.54464
45479,0.230718
56365,0.685578
87380,0.466759
73455,0.277466
94032,0.849926
100643,0.466405
19987,0.7762
84338,0.975338
65485,0.0108
2384,0.663073
67917,0.030795
61253,0.535796
109210,0.198199
92791,0.942141
2982,0.227191
57554,0.243313
80659,0.858429
69155,0.893936
81287,0.704822
56366,0.880756
27761,0.94468
9023,0.076092
15674,0.32687
19988,0.28169
112846,0.72636
112845,0.754463
77006,0.152362
35626,0.924312
108003,0.161071
554,0.062759
30226,0.505192
111042,0.659955
45480,0.071145
90305,0.056928
110451,0.170982
108004,0.734685
11437,0.642101
50885,0.840264
118267,0.267216
81288,0.042718
90940,0.137638
78262,0.511137
7819,0.215323
27156,0.689517
95853,0.808228
78837,0.996337
18170,0.559839
4821,0.31535
9024,0.053377
118884,0.965685
65486,0.246963
34433,0.175619
66107,0.029764
24768,0.521547
58799,0.141496
52719,0.100434
29607,0.429613
103113,0.403434
35031,0.912359
9025,0.078167
64267,0.334414
65487,0.572202
555,0.571931
43612,0.6025
95263,0.704978
32627,0.960787
117058,0.150126
36890,0.091248
110452,0.299095
28983,0.870947
120740,0.123524
49675,0.523496
96442,0.264926
70984,0.61689
25392,0.768161
101887,0.494302
46708,0.735669
12626,0.864104
58167,0.271497
18171,0.439371
117059,0.581365
94656,0.295755
18775,0.583478
69156,0.659273
103710,0.950817
100057,0.708633
25393,0.421933
64854,0.090275
33230,0.131335
18776,0.869751
5435,0.922824
67323,0.896069
38734,0.214222
25394,0.513292
52720,0.438586
102489,0.599829
31452,0.372746
24769,0.969173
30827,0.435326
9026,0.859374
14472,0.289002
93411,0.012554
73456,0.624012
104910,0.63379
6036,0.32663
77641,0.107544
75216,0.203294
63056,0.293755
10848,0.60728
44240,0.432349
3597,0.746554
77007,0.596343
78838,0.360376
104294,0.738856
30227,0.966832
19989,0.544446
99466,0.800046
25395,0.697202
45481,0.974142
8410,0.156451
25994,0.434246
55199,0.907868
12627,0.421577
8411,0.565402
54587,0.26393
75816,0.298348
1183,0.585052
33814,0.250736
25396,0.075982
102490,0.637661
13256,0.352592
38118,0.363374
80046,0.302573
55200,0.061612
74037,0.395705
109810,0.142876
19990,0.633582
12036,0.319038
120117,0.842697
75217,0.473962
6037,0.808509
113440,0.191806
75817,0.784386
33815,0.17466
59418,0.013684
56367,0.528127
90306,0.41223
78839,0.217916
62445,0.948469
112246,0.576872
33231,0.856161
109811,0.052442
71583,0.16511
81289,0.243967
71584,0.094204
58800,0.992616
44241,0.408136
46709,0.09759
22403,0.446965
85564,0.965544
121350,0.591811
38735,0.939765
16299,0.141986
104296,0.71735
104295,0.713564
64268,0.537939
3598,0.246661
68538,0.421459
19361,0.519356
56962,0.862265
63057,0.540813
66692,0.811323
90941,0.321146
115860,0.323491
77642,0.661553
55795,0.994993
50292,0.104255
44872,0.876577
118885,0.085951
64269,0.931312
13822,0.435419
34434,0.432595
7221,0.433324
81915,0.343559
80047,0.425899
35627,0.82457
108624,0.65545
41152,0.086833
24174,0.366964
12628,0.916934
86186,0.754451
21788,0.840607
49676,0.976785
7222,0.954368
99467,0.505514
68539,0.717381
117649,0.2207
61863,0.48778
88572,0.731075
106149,0.120521
100644,0.591964
118886,0.733822
50886,0.066989
84339,0.205188
117650,0.113779
30828,0.553495
86187,0.424545
2385,0.459138
29608,0.960226
73457,0.544915
56963,0.981664
117060,0.110158
120741,0.208267
45482,0.211969
24770,0.10819
65488,0.966815
39948,0.771088
27157,0.70481
104911,0.568999
39354,0.097935
1801,0.885413
16913,0.04877
91548,0.163005
70985,0.548793
62446,0.531239
48504,0.986062
47327,0.368679
58801,0.771457
86188,0.062618
33816,0.035126
79469,0.932128
33232,0.883939
2386,0.900057
40544,0.150214
74038,0.422009
30829,0.651495
39355,0.648301
50293,0.485896
120118,0.687041
27158,0.140808
44873,0.450223
67324,0.039135
97038,0.567446
49093,0.510698
45483,0.914591
17530,0.077098
108005,0.966277
121351,0.946618
47328,0.841896
85565,0.842224
66108,0.154245
21789,0.967572
12037,0.536852
50887,0.632007
101267,0.291609
15675,0.62811
80048,0.15703
64855,0.414618
118887,0.760699
90942,0.678659
56964,0.957704
67325,0.158128
90307,0.309484
90308,0.804352
60028,0.275252
26566,0.582828
118888,0.948811
109211,0.272198
53972,0.352697
72194,0.308784
2983,0.079752
34435,0.606831
76421,0.644474
19362,0.639436
9610,0.468588
16300,0.36349
90309,0.153801
105527,0.577097
30228,0.038699
11438,0.652941
15060,0.553955
5436,0.032555
92792,0.168846
36252,0.801089
95264,0.147141
121352,0.078254
116476,0.222151
39949,0.240905
69157,0.963319
35628,0.437017
88573,0.263018
46710,0.761394
39356,0.460975
119485,0.557367
77008,0.645585
65489,0.094189
46711,0.801452
1184,0.947234
66693,0.139753
67326,0.707377
30229,0.971606
31453,0.655194
8412,0.512272
120119,0.2531
77009,0.993171
97632,0.888444
24175,0.782089
98854,0.098437
121353,0.197012
75218,0.472978
109812,0.17733
39950,0.609166
28984,0.154496
1185,0.662318
20635,0.230375
67918,0.076787
24771,0.461984
6038,0.815197
70986,0.719473
51535,0.668966
25397,0.21509
109212,0.667635
33817,0.019006
106753,0.941001
37521,0.890857
15061,0.128357
90310,0.912133
19991,0.20267
115861,0.516824
55201,0.136716
32040,0.712985
14473,0.771071
58802,0.700998
104912,0.15478
102491,0.393569
64270,0.764595
77643,0.372659
41777,0.116084
56965,0.539877
13257,0.618536
38736,0.921194
30230,0.166958
6606,0.981229
119486,0.071291
95854,0.564897
22404,0.607608
86189,0.353272
31454,0.718178
10207,0.252287
110453,0.973317
21790,0.092686
15062,0.354668
18777,0.124636
71585,0.440594
90311,0.943919
81916,0.958426
8413,0.244832
52129,0.13423
24176,0.32769
21791,0.225215
92170,0.005598
16914,0.218312
67919,0.299135
65490,0.950108
39357,0.525417
110454,0.771237
62447,0.115098
117061,0.704209
86775,0.027097
4822,0.439543
77644,0.418434
55202,0.934413
55796,0.871308
108625,0.471775
69771,0.561641
53350,0.144207
93412,0.983293
4182,0.270319
51536,0.459305
20636,0.680209
89155,0.200391
103711,0.179873
80049,0.352501
1186,0.546456
2387,0.847526
72195,0.701565
27762,0.406627
5437,0.267008
7223,0.593662
71586,0.02227
39358,0.447296
53351,0.594276
34436,0.246877
55797,0.016634
78263,0.299888
11439,0.023271
28374,0.730355
74638,0.871485
21203,0.592612
96443,0.133487
104913,0.680021
54588,0.35305
38737,0.613704
17531,0.511146
108626,0.284056
64856,0.440703
46094,0.447835
100058,0.623275
76422,0.486578
83718,0.686678
115265,0.844328
33233,0.788623
15063,0.072505
35032,0.825654
6607,0.278548
61254,0.250168
72196,0.973057
111645,0.879353
105528,0.665752
25995,0.991534
101268,0.756703
61864,0.98887
16915,0.018956
60029,0.39739
13258,0.290719
6608,0.858005
39951,0.95648
121354,0.335758
46712,0.674755
44874,0.825235
105529,0.312208
58803,0.258773
119487,0.873888
99468,0.672121
49677,0.054501
32628,0.047507
106754,0.162378
100645,0.837166
58804,0.338599
102492,0.547377
118889,0.732297
107381,0.466978
117062,0.802207
6039,0.670911
99469,0.426309
47329,0.231652
98238,0.314753
91549,0.352543
10208,0.475748
3599,0.249643
36253,0.101892
25398,0.775398
115862,0.230088
43033,0.850945
89156,0.257794
22405,0.416841
556,0.303538
79470,0.692786
62448,0.789398
1187,0.172327
1802,0.576949
2388,0.693446
47916,0.218203
115863,0.577305
89737,0.693412
32629,0.978915
72822,0.913602
112247,0.671761
6040,0.655474
4823,0.115271
557,0.254449
55203,0.974823
3600,0.690682
45484,0.941814
91550,0.617239
36891,0.924414
66110,0.203128
113441,0.986183
100646,0.836358
60646,0.641525
66109,0.467101
77010,0.749837
121355,0.3229
42406,0.061747
40545,0.588521
70987,0.739556
28375,0.474677
66694,0.996807
110455,0.396861
93413,0.764646
61865,0.005126
38119,0.686815
86776,0.412636
9027,0.521905
111646,0.66639
7820,0.584088
12038,0.219436
90312,0.311901
117651,0.889882
72823,0.263336
13823,0.994984
18778,0.932591
118890,0.312249
88574,0.363794
40546,0.795659
113442,0.087966
18172,0.574266
66695,0.227032
15064,0.454146
15676,0.53113
19363,0.740856
44242,0.784688
60030,0.877674
69158,0.245488
7821,0.535268
95855,0.74943
78840,0.212602
60647,0.914978
58805,0.295752
106150,0.11253
43034,0.798763
24177,0.252338
112248,0.250615
60648,0.859724
113443,0.786009
10849,0.081193
35033,0.203402
80660,0.398789
117652,0.424311
39952,0.834089
6609,0.87372
80050,0.997439
61255,0.174564
41778,0.040171
36254,0.549039
30830,0.178348
14474,0.508817
85566,0.329225
77645,0.781397
78841,0.070667
104914,0.384043
81290,0.599786
90313,0.688283
21204,0.405675
99470,0.923419
21792,0.857808
75818,0.967
12039,0.200379
30831,0.035969
69772,0.489969
61866,0.341954
116477,0.705526
93414,0.335517
27763,0.154569
85567,0.746406
9611,0.599557
99471,0.539942
89157,0.59365
109813,0.132573
48505,0.98112
103712,0.532898
15065,0.652786
67327,0.248823
77011,0.487587
117063,0.718
17532,0.777971
44243,0.450131
45485,0.540356
78264,0.716094
53973,0.356744
1188,0.577915
76423,0.996968
57555,0.424301
52130,0.34712
55204,0.90334
26567,0.280176
43035,0.648755
77646,0.491605
50294,0.588633
36255,0.320661
69773,0.648072
24772,0.780299
92171,0.07728
25399,0.965939
44875,0.363881
15677,0.346819
89158,0.258018
116478,0.963039
112847,0.061091
119488,0.042862
107382,0.521456
32630,0.132886
36256,0.935001
75819,0.990125
90314,0.699383
89738,0.111381
74639,0.283499
74039,0.458131
52721,0.993265
88575,0.011087
42407,0.015517
33234,0.998022
59419,0.338333
80661,0.452962
78265,0.849392
83106,0.123353
89159,0.8663
74040,0.703821
27159,0.887328
91551,0.824133
13824,0.127253
49094,0.287066
35629,0.716734
78266,0.641771
3601,0.582287
83107,0.081263
49095,0.652094
73458,0.412962
6610,0.177252
78267,0.84406
90943,0.159862
84958,0.965908
56368,0.803319
4183,0.690031
95856,0.845996
1803,0.432208
55205,0.686156
20637,0.749216
41779,0.447721
61256,0.660929
75820,0.628665
69774,0.484543
8414,0.059768
67920,0.721287
112848,0.162429
4824,0.485372
40547,0.493462
36257,0.276018
7822,0.081102
43613,0.953281
55798,0.673592
38121,0.762832
118891,0.274692
38120,0.177764
89739,0.634205
70988,0.658471
54589,0.714859
6611,0.708225
100647,0.279995
44244,0.947567
7224,0.488614
90315,0.710185
21793,0.699564
25996,0.901397
119489,0.624408
16301,0.683866
75821,0.184136
44245,0.433484
23015,0.718268
21794,0.279126
73459,0.23064
46713,0.688834
28985,0.057624
65491,0.811175
105530,0.070504
54590,0.021781
87964,0.577396
39953,0.778736
53974,0.105896
105531,0.126365
67921,0.870592
36892,0.258724
38738,0.989207
20638,0.483717
5438,0.443082
104915,0.439645
6041,0.254923
18779,0.196887
7225,0.927992
91552,0.419289
86777,0.556793
65492,0.193327
66111,0.820397
27160,0.596805
56966,0.142277
41780,0.658684
107383,0.827867
50295,0.77881
62449,0.122202
118268,0.832214
92172,0.475079
71587,0.663576
70391,0.074688
99472,0.537844
55799,0.241936
112249,0.390594
43614,0.368812
71588,0.093264
85568,0.194352
77012,0.59646
107384,0.595512
117653,0.557069
44246,0.085669
12629,0.908958
81291,0.761529
105532,0.718805
77013,0.183915
65493,0.448
74041,0.834102
24773,0.396067
39359,0.314756
17533,0.360746
79471,0.0407
16916,0.25807
75822,0.72803
119490,0.051279
82495,0.650523
46095,0.09627
100059,0.43753
49096,0.226557
37522,0.140915
74640,0.324437
50888,0.132833
76424,0.389902
9028,0.472254
121356,0.642917
70392,0.886472
111647,0.073049
121357,0.391454
15066,0.798375
4825,0.787397
104916,0.460624
35630,0.719894
52722,0.564761
63649,0.989233
115266,0.59524
94657,0.840154
79472,0.162436
77014,0.643674
41153,0.524388
18780,0.760355
118892,0.248144
85569,0.33366
50889,0.449241
91553,0.462455
72197,0.295867
65494,0.57254
35631,0.300935
68540,0.506551
60649,0.072917
105533,0.269561
27161,0.894742
33235,0.213244
101888,0.134426
83108,0.369389
97039,0.153269
7823,0.659785
61867,0.149898
89740,0.444567
93415,0.483819
7226,0.214009
118269,0.680071
48506,0.945983
68541,0.111415
57556,0.677698
73460,0.485002
12630,0.914391
46714,0.55702
121358,0.469479
75219,0.860002
78842,0.38794
106151,0.252317
92173,0.324789
39954,0.082368
32041,0.800964
60650,0.08238
24774,0.537731
31455,0.270012
49678,0.324428
112250,0.367788
26568,0.198119
78268,0.422934
82496,0.284061
50890,0.996451
81917,0.544954
44247,0.601491
112251,0.013292
81918,0.216192
83719,0.195796
9612,0.762228
78843,0.925162
67328,0.242367
116479,0.791091
120742,0.071212
74641,0.451763
558,0.623853
39955,0.802791
21205,0.776164
108006,0.039483
1189,0.873971
39360,0.555034
74642,0.725304
73461,0.818803
100648,0.642622
95857,0.976884
83720,0.971106
81292,0.009963
55206,0.252655
7227,0.092415
36258,0.446481
60031,0.84813
26569,0.956332
41154,0.117405
109213,0.193269
78844,0.27837
75823,0.170115
76425,0.696911
19992,0.378558
65495,0.741558
53352,0.491405
98239,0.899006
21795,0.272299
97040,0.82628
120743,0.990782
25400,0.028923
559,0.927953
15067,0.039356
100060,0.101555
77647,0.336654
60032,0.253344
41155,0.732795
68542,0.16063
28986,0.379496
50296,0.130386
36260,0.558313
64271,0.755221
36259,0.563256
7824,0.360801
90316,0.720349
41156,0.419702
21796,0.379078
112252,0.537099
14476,0.822975
14475,0.779999
107385,0.783597
46096,0.824699
97633,0.905861
44876,0.691783
79473,0.554485
76426,0.095534
64857,0.620129
34437,0.805264
12040,0.47895
67329,0.52757
15068,0.405946
7825,0.059024
108627,0.605561
2984,0.572079
101269,0.610045
39956,0.641279
118270,0.697597
86778,0.990577
79474,0.056134
27764,0.83682
15679,0.747318
94033,0.155216
60652,0.039979
41781,0.051874
60651,0.404499
15678,0.406497
111648,0.014743
67922,0.765449
4184,0.659913
58168,0.371945
39361,0.955937
70393,0.500034
25997,0.161124
63650,0.651347
115864,0.437146
118271,0.441872
30832,0.487348
100649,0.700408
72824,0.257174
6042,0.327069
25998,0.574318
30833,0.639442
106755,0.230925
40548,0.359816
98855,0.722945
64272,0.521521
18781,0.736846
49679,0.191019
112253,0.386593
109814,0.559467
12041,0.474873
36261,0.532699
63058,0.889875
2389,0.992378
116480,0.504909
49097,0.415975
6612,0.421225
24178,0.703987
9613,0.715247
107386,0.971541
82497,0.941935
70394,0.020767
118272,0.790682
70989,0.909558
16917,0.066585
44877,0.975681
106756,0.241532
40549,0.323423
85570,0.036911
119491,0.924558
32042,0.038847
38739,0.329716
23584,0.709598
105534,0.974588
69775,0.887572
41782,0.899885
21206,0.186045
41157,0.605305
118273,0.13268
72198,0.318072
9029,0.216542
9030,0.851183
15069,0.44733
44878,0.733483
71589,0.525772
2390,0.262985
77015,0.612541
108628,0.092156
66696,0.877621
26570,0.120228
92174,0.963474
120120,0.449619
111043,0.964845
76427,0.297678
47330,0.164301
66112,0.173809
108629,0.669914
35034,0.375305
9031,0.503452
84959,0.401299
74643,0.730408
109815,0.252074
86190,0.721768
18782,0.490851
30834,0.757576
112849,0.767368
41158,0.216702
82498,0.577962
47331,0.046129
118893,0.9717
91554,0.580277
90944,0.299146
1190,0.881312
6043,0.659307
106152,0.052822
106757,0.916531
16302,0.182435
76428,0.599729
20639,0.449503
58806,0.176584
112850,0.166087
34438,0.065223
10209,0.194035
115267,0.853618
35632,0.64374
24179,0.795689
120744,0.733306
43615,0.976628
93416,0.642747
67923,0.896219
39957,0.395642
27765,0.951666
15070,0.802489
52723,0.481937
112851,0.574473
116481,0.376354
90317,0.904826
23016,0.088046
17534,0.277749
101270,0.963458
9614,0.952534
86191,0.604226
15071,0.756216
36262,0.248931
111044,0.526721
80051,0.410869
23585,0.774956
86192,0.227761
30231,0.566851
62450,0.584898
2985,0.630535
42408,0.98425
38740,0.827374
88576,0.900826
97041,0.280583
13825,0.167472
23586,0.6835
80662,0.87294
78845,0.052991
19364,0.827442
74644,0.387394
31456,0.028075
85571,0.127642
114639,0.472331
76429,0.44557
98240,0.404075
11440,0.157468
18173,0.096796
25999,0.602245
92793,0.492018
27162,0.043714
74042,0.747255
39362,0.2281
10210,0.210831
22406,0.666964
30232,0.191211
35633,0.718259
50891,0.757859
47917,0.332595
4185,0.300276
78846,0.251011
109214,0.795947
101889,0.17519
30835,0.872835
47333,0.367181
47332,0.067673
28987,0.981759
97634,0.448356
9032,0.134731
54591,0.883103
50892,0.780279
95265,0.532641
89741,0.71692
72199,0.137134
30836,0.571479
78847,0.088964
62451,0.32713
100650,0.360742
36893,0.490939
79475,0.321134
109215,0.432152
111045,0.353735
99473,0.028803
104297,0.874402
71590,0.397175
74043,0.046064
53353,0.997849
28376,0.121141
18783,0.755531
33236,0.881347
66697,0.362434
43036,0.817717
109816,0.946175
39958,0.156888
48507,0.728418
26571,0.551428
72200,0.664746
63059,0.506066
80663,0.218208
69159,0.018673
103114,0.745093
45486,0.819664
108630,0.820749
92794,0.901849
60653,0.929595
78269,0.352979
3602,0.82813
18784,0.938261
118274,0.148638
61868,0.472678
9033,0.454625
60033,0.869145
18174,0.35761
106758,0.176701
109817,0.155639
102493,0.935094
115865,0.580868
82499,0.012901
79476,0.527775
75824,0.784237
68543,0.672159
15680,0.463256
26000,0.626069
112254,0.582829
74645,0.099719
56967,0.940534
12631,0.130101
120745,0.283374
47918,0.135903
82500,0.519241
52724,0.712145
109818,0.233158
112255,0.089022
7826,0.66723
81293,0.29607
112256,0.199926
40550,0.260265
35634,0.521136
30233,0.652405
24180,0.232531
121359,0.546142
61869,0.409118
111046,0.001805
11441,0.867284
4826,0.486473
4827,0.619494
45487,0.511552
44879,0.741103
89160,0.708321
97042,0.022172
10211,0.78076
64858,0.144647
10212,0.511316
100061,0.772538
47919,0.718741
45488,0.15127
104298,0.307965
28377,0.47282
118275,0.729386
66113,0.126119
17535,0.408514
91555,0.460472
102494,0.158844
121360,0.653226
109819,0.307204
10213,0.892505
5439,0.820762
26001,0.324664
121361,0.042289
107387,0.101965
80664,0.861394
21797,0.670885
25401,0.713483
118276,0.141469
83109,0.963371
9615,0.341995
13259,0.557968
106759,0.704591
37523,0.666897
61870,0.108018
119492,0.410364
31457,0.561721
32043,0.075617
13826,0.601573
107388,0.245636
2391,0.457955
56968,0.600494
114640,0.83096
111649,0.262424
77648,0.002101
13827,0.726454
105535,0.305785
51537,0.548918
33818,0.539795
93417,0.616399
49098,0.529057
73462,0.99439
110456,0.882117
95266,0.957682
35035,0.182087
80052,0.360214
121362,0.872305
13828,0.821025
85572,0.037293
53975,0.582165
2986,0.973387
81294,0.566311
95267,0.187702
102495,0.749219
96444,0.311083
21798,0.586268
26002,0.675749
81919,0.713507
61871,0.102549
55207,0.390006
82501,0.190405
39363,0.120253
5440,0.36672
7228,0.823227
50297,0.115897
68544,0.48067
77649,0.175006
50298,0.298591
65496,0.359205
89742,0.382544
80665,0.296414
90318,0.106877
118894,0.424581
118895,0.666396
9034,0.955803
58169,0.443541
26572,0.096991
66114,0.738963
41783,0.376007
89743,0.168827
84960,0.487197
72825,0.555961
89161,0.797618
111047,0.507291
111650,0.910535
78270,0.386999
96445,0.234682
115866,0.903424
89162,0.788477
5441,0.336434
60654,0.685855
119493,0.472798
28988,0.821747
108007,0.5995
49680,0.312462
76430,0.389578
83110,0.237603
112257,0.865733
82502,0.603494
108631,0.046291
14477,0.249422
78848,0.700937
38741,0.716614
63651,0.062628
32631,0.551443
2392,0.200068
74646,0.091188
22407,0.742805
87381,0.868971
16303,0.780244
39364,0.447811
64859,0.942018
48508,0.296591
19365,0.124807
5442,0.57902
18175,0.777036
1191,0.215458
93418,0.617836
2987,0.417464
19993,0.115899
114043,0.32154
112852,0.849925
111651,0.172152
24181,0.713863
7827,0.219238
58170,0.620596
43037,0.633545
56969,0.223278
97043,0.031975
114641,0.817601
105536,0.845921
12632,0.897674
2988,0.377921
28989,0.81688
46097,0.15288
79477,0.045342
5443,0.951527
16918,0.672501
77016,0.728601
110457,0.403176
81920,0.535871
62452,0.22753
1804,0.917862
28378,0.879072
22408,0.406716
97635,0.954037
55208,0.869518
7229,0.025729
44880,0.768941
106760,0.41433
50299,0.601601
84961,0.804016
84962,0.627086
61872,0.030932
84340,0.488623
90319,0.066546
61257,0.832728
6044,0.216004
52725,0.613298
90320,0.955128
9035,0.667067
60034,0.797185
61258,0.922933
93419,0.855377
63652,0.698566
49099,0.205531
46098,0.952276
83721,0.248781
90945,0.854658
22409,0.942402
6613,0.508976
4186,0.70079
98856,0.414416
96446,0.051915
112258,0.96611
58807,0.311485
68545,0.091876
67924,0.77693
39959,0.864809
13260,0.308625
44248,0.59855
14478,0.363367
24182,0.831437
92175,0.191588
18176,0.328424
120121,0.896068
72201,0.808819
98241,0.089936
69160,0.573976
80666,0.637833
78271,0.031596
46715,0.999231
52131,0.612004
120746,0.752019
112853,0.146354
33819,0.212296
72826,0.904976
108008,0.286168
29609,0.094675
30837,0.839936
86779,0.247996
77650,0.062451
97636,0.355061
33237,0.356309
58171,0.60752
43616,0.744491
63653,0.894802
3603,0.923358
50893,0.154046
86193,0.196204
56970,0.992884
109216,0.962434
41159,0.20284
36263,0.891651
18785,0.76489
40551,0.305546
100062,0.623353
16919,0.533814
84963,0.217213
97044,0.326815
64860,0.451872
30234,0.431431
43038,0.619451
21207,0.412421
69161,0.861793
117654,0.147249
86780,0.301282
48509,0.440548
58808,0.243793
4187,0.359528
4828,0.016102
90321,0.945484
46716,0.280947
90322,0.550981
103115,0.773668
16920,0.908627
26573,0.710841
97637,0.830947
109820,0.471049
84964,0.427945
5444,0.54445
89744,0.441155
12633,0.406865
72202,0.816691
67330,0.702741
98242,0.862673
44249,0.666826
71591,0.471526
81295,0.314062
34439,0.78685
64861,0.115048
95858,0.292231
53976,0.652921
120122,0.335988
9036,0.172636
107389,0.035153
60035,0.996059
65497,0.682337
111048,0.03125
117655,0.025073
43039,0.046187
41160,0.822364
77651,0.525842
26574,0.994059
38122,0.020735
52726,0.912224
57557,0.795523
7828,0.413799
29610,0.546212
36894,0.568926
11442,0.095411
67925,0.599222
75825,0.633192
35036,0.185534
11443,0.07768
99474,0.030233
87382,0.97804
101271,0.546315
111049,0.479648
39960,0.176507
19366,0.666881
20640,0.226448
21208,0.475171
103116,0.789115
104917,0.654876
97638,0.387825
18786,0.020169
32632,0.311679
63654,0.059858
12634,0.768589
69776,0.759535
33238,0.443001
15072,0.029452
121363,0.093608
53354,0.139619
112854,0.280798
13829,0.045907
104918,0.242736
50300,0.262202
90323,0.40168
108632,0.597696
117064,0.652164
9616,0.570552
93420,0.44635
85573,0.964238
120747,0.436984
84965,0.681966
118277,0.98161
117065,0.543614
46099,0.005863
26575,0.300998
5445,0.123745
13261,0.268797
16304,0.453586
7230,0.819145
114642,0.234688
118278,0.360104
113444,0.023807
33820,0.496766
15681,0.510406
63655,0.048292
80667,0.749827
3604,0.620758
4188,0.469858
3605,0.741513
100063,0.15407
1805,0.33053
86781,0.159576
73463,0.775757
83111,0.065672
41161,0.036597
97045,0.920659
10850,0.083139
106153,0.675653
75220,0.575966
49681,0.042896
68546,0.755801
69162,0.869958
47920,0.163835
1806,0.432237
7829,0.943377
119494,0.358597
33239,0.455322
69777,0.913493
120748,0.593908
27163,0.166292
61873,0.596683
113445,0.945709
52132,0.123917
108009,0.040686
115867,0.368089
56369,0.655354
106154,0.411745
25402,0.81243
97046,0.553726
61874,0.520767
39961,0.801362
105537,0.563282
50301,0.591558
22410,0.311035
85574,0.909938
57558,0.616691
99475,0.011491
52727,0.794819
108633,0.050872
120123,0.496486
28990,0.942668
120124,0.718352
77652,0.640883
7830,0.74126
27164,0.666142
36895,0.664365
28991,0.732888
116482,0.940483
8415,0.860875
98243,0.887099
115868,0.069262
108010,0.689647
103713,0.961594
98857,0.780285
55800,0.539408
106761,0.977559
21209,0.438194
7231,0.756348
77653,0.597724
35037,0.370696
106762,0.949907
108634,0.478323
74044,0.247203
16921,0.229002
30235,0.570748
92795,0.429013
12042,0.305839
110458,0.333837
87383,0.791914
111652,0.610121
121364,0.67429
8416,0.300748
97639,0.931571
52728,0.839737
98244,0.135839
52729,0.16305
11444,0.396793
43617,0.005173
48510,0.587137
40552,0.95543
97047,0.038287
83722,0.781861
13262,0.915215
100651,0.765279
66698,0.746627
111653,0.761178
64273,0.919661
12635,0.993399
19994,0.550388
69163,0.748675
77017,0.267404
35038,0.649874
121365,0.979289
36896,0.306103
30236,0.057551
6045,0.818285
86194,0.717076
45489,0.422464
15682,0.65864
104299,0.252244
69164,0.309444
35635,0.641947
44250,0.268294
23017,0.110627
64862,0.284929
68547,0.222903
82503,0.260546
2393,0.088643
29611,0.379118
19995,0.711243
1807,0.443824
1192,0.705566
38123,0.255843
6614,0.848392
63060,0.771206
114044,0.818791
11445,0.882509
76431,0.135386
76432,0.761545
99476,0.858741
26576,0.436543
4189,0.468309
560,0.804779
36897,0.019647
51538,0.402053
87965,0.788471
7232,0.418565
46717,0.134588
49100,0.441524
101272,0.407143
23587,0.864971
85575,0.274583
66115,0.22758
120125,0.354863
106763,0.821764
61259,0.608489
23588,0.582631
56370,0.696781
33821,0.078312
3606,0.551072
83112,0.186727
120749,0.466372
76433,0.082299
10214,0.597264
80668,0.943936
103714,0.27906
15683,0.151635
2989,0.971446
39962,0.678159
76434,0.900954
51539,0.36955
119495,0.774484
57559,0.546445
82504,0.6875
67926,0.062891
32044,0.274435
19367,0.51973
90324,0.679141
43618,0.130494
100064,0.079343
75221,0.265282
16305,0.751934
12636,0.875787
116483,0.066474
102496,0.783156
48511,0.487323
106155,0.996754
111654,0.442942
1193,0.467245
74647,0.245655
54592,0.300239
38742,0.970646
71592,0.080068
115268,0.972605
117656,0.700086
4829,0.410976
60656,0.745114
43619,0.515023
52133,0.13464
59420,0.274747
60655,0.659903
32045,0.617246
561,0.246258
56371,0.943286
56971,0.892599
66699,0.507852
12043,0.965799
4830,0.048147
19368,0.107796
1808,0.253036
13830,0.012615
25403,0.972678
98858,0.756072
95268,0.652383
67331,0.614774
72827,0.291513
38743,0.586452
93421,0.270087
118896,0.87879
41784,0.086854
58172,0.486767
33822,0.596201
78272,0.950947
111655,0.682389
100652,0.006915
70990,0.745357
88577,0.552377
5446,0.553384
17536,0.280934
71593,0.288433
120126,0.637864
104919,0.768595
1194,0.429152
34440,0.479428
32046,0.659632
9037,0.36938
11446,0.50029
16306,0.292176
50894,0.083612
87966,0.123344
83723,0.9243
102497,0.79023
53977,0.775367
117066,0.935228
77018,0.701795
104300,0.060638
70395,0.930345
37524,0.86855
27165,0.910719
9038,0.878013
32047,0.966302
97048,0.555935
24183,0.21819
22411,0.888471
53355,0.326064
44881,0.785525
19996,0.182879
70991,0.803485
58173,0.449642
28379,0.67706
35039,0.991887
562,0.395054
53356,0.588218
64274,0.947559
98859,0.511167
115869,0.679159
86195,0.568854
4190,0.343157
118897,0.698554
74045,0.797615
84966,0.888314
25404,0.856348
60036,0.511753
111656,0.365948
32633,0.550254
72828,0.314586
55801,0.504732
120127,0.691804
38124,0.767746
14479,0.731261
94658,0.942169
39365,0.260718
20641,0.770179
84341,0.863026
121366,0.192887
27766,0.201556
120128,0.511162
58174,0.162079
103117,0.907364
116484,0.886935
21799,0.509379
83724,0.179761
63061,0.203047
97049,0.646388
15073,0.964539
89163,0.031026
111657,0.6092
53357,0.916493
33240,0.802916
11447,0.476585
50895,0.788299
107390,0.350615
71594,0.683374
86782,0.265639
101890,0.916916
64863,0.75366
104920,0.650099
103118,0.542241
74648,0.60306
16307,0.782436
38744,0.919762
23589,0.843501
116485,0.879338
25405,0.241402
12637,0.837023
74046,0.975315
29613,0.191193
114643,0.869555
89164,0.588942
26577,0.443694
29612,0.674106
49101,0.976609
26003,0.312688
74649,0.431644
97050,0.232542
84342,0.503687
563,0.384322
16922,0.130001
61875,0.637188
10851,0.855279
18787,0.619591
47334,0.218283
80669,0.042329
90325,0.092943
104301,0.882967
81296,0.190592
30838,0.408008
19369,0.863834
100065,0.311884
63656,0.836023
63657,0.394569
2990,0.297752
101891,0.239831
77654,0.834143
12638,0.017781
114045,0.650789
30839,0.955976
109217,0.048433
8417,0.892596
50896,0.544118
105538,0.229836
93422,0.144658
56973,0.486701
114644,0.733286
6615,0.394119
56972,0.270781
59421,0.867266
54593,0.471283
5447,0.570245
35636,0.290344
116486,0.96382
38125,0.663103
4191,0.510755
88578,0.330727
15074,0.677178
118898,0.883928
94034,0.984562
117657,0.757994
18177,0.694718
77655,0.676342
74650,0.057403
89165,0.969466
100653,0.787337
75222,0.269716
40553,0.289801
36264,0.562932
24184,0.1611
36898,0.81723
80670,0.373422
92796,0.043829
94035,0.4404
50897,0.025323
2991,0.110285
11448,0.105962
107391,0.885846
15684,0.748279
39366,0.194465
115269,0.707011
78849,0.962945
103715,0.479977
84343,0.709215
38745,0.731333
74047,0.701351
95269,0.052596
27166,0.963254
75223,0.384318
89166,0.465194
6616,0.00781
78850,0.265586
69165,0.851994
28992,0.869768
115870,0.464871
43040,0.905918
77019,0.536335
87967,0.953965
56974,0.247255
1195,0.30127
115270,0.260258
74048,0.222545
16923,0.718321
4831,0.551252
35040,0.574746
82505,0.275222
21210,0.832534
87384,0.669481
112259,0.274921
60657,0.197634
56372,0.020444
30840,0.412222
91556,0.825492
108635,0.077827
2992,0.300386
6046,0.887952
50898,0.898034
80053,0.315746
102498,0.798517
95859,0.75095
9617,0.978454
9618,0.435762
18788,0.386536
84344,0.178979
53978,0.820357
116487,0.286179
16924,0.800862
21800,0.476869
93423,0.602793
59422,0.931559
58175,0.546993
81297,0.640185
1809,0.570588
55209,0.511851
24185,0.555726
32634,0.488484
72829,0.475245
57560,0.713188
7233,0.093901
34441,0.073839
107392,0.587704
75826,0.660417
80671,0.555775
70396,0.535609
35637,0.453498
49102,0.318163
81298,0.849597
20642,0.98007
77656,0.948878
109821,0.429142
82506,0.140284
67332,0.37959
8418,0.393325
97051,0.986307
95270,0.173889
67928,0.649381
12044,0.836025
72203,0.23402
67927,0.805943
2394,0.884572
564,0.678692
12045,0.170705
36265,0.596942
87385,0.469997
27167,0.206246
80672,0.584108
83113,0.233129
87386,0.003768
39963,0.690736
81921,0.050656
47335,0.316312
113446,0.684178
85576,0.33281
117658,0.338789
23018,0.8934
62453,0.160984
104302,0.784746
23590,0.116408
58176,0.276334
53979,0.293487
56975,0.167414
29614,0.98518
85577,0.481359
93424,0.55461
35638,0.172204
10215,0.370791
36899,0.329093
114645,0.06151
43041,0.755838
28380,0.399843
2395,0.44198
100066,0.973571
15685,0.150872
112260,0.834933
117659,0.279865
33241,0.222662
37525,0.099188
90326,0.844742
84967,0.04602
15075,0.020957
77020,0.807366
111050,0.925474
90327,0.475313
28993,0.354638
7234,0.700539
10216,0.165253
87387,0.046975
90946,0.769439
46718,0.936269
120129,0.65494
56373,0.902778
86196,0.949881
40554,0.321209
9619,0.585115
66116,0.42805
18789,0.728851
60658,0.049154
64864,0.83398
50899,0.745487
11449,0.663078
111051,0.808558
77021,0.635866
2396,0.867994
39367,0.047587
77022,0.501337
15686,0.1109
19997,0.619157
82507,0.879955
108011,0.101859
56374,0.006715
36266,0.401564
52134,0.086355
101273,0.647407
35041,0.461013
82508,0.457038
19370,0.693231
103119,0.365234
86197,0.849156
91557,0.554271
100654,0.297424
52730,0.258282
28381,0.041353
38126,0.103412
65498,0.014419
50900,0.832799
115271,0.986673
73464,0.266492
2397,0.467217
94036,0.034705
8419,0.828716
37526,0.857962
13831,0.06033
59423,0.849134
15687,0.254705
80673,0.910272
61260,0.723348
71595,0.848155
72830,0.987011
18790,0.54216
95860,0.622649
98860,0.127075
77657,0.152997
15076,0.605836
82509,0.955085
51540,0.683901
92797,0.245341
92798,0.26588
80674,0.260683
71596,0.167876
114046,0.4672
99477,0.077632
74651,0.054552
33242,0.51934
46719,0.627996
47921,0.060518
71597,0.163169
78851,0.647209
74049,0.991572
64865,0.415587
71598,0.364244
111052,0.842465
84968,0.330647
23591,0.832912
46720,0.277741
17537,0.622371
47922,0.487258
67333,0.841473
103716,0.758568
55210,0.563496
80054,0.485551
56375,0.068476
69778,0.458539
3607,0.116993
63062,0.108604
107393,0.253719
113447,0.613648
13263,0.005512
121367,0.681008
24775,0.527489
77658,0.639717
11450,0.29442
113448,0.393979
111658,0.570486
104921,0.725065
59424,0.580319
37527,0.506969
117067,0.224935
36267,0.672753
42409,0.045244
81922,0.538532
27168,0.528733
111053,0.511871
56976,0.977499
9039,0.820767
73465,0.163343
75224,0.168575
6617,0.892565
59425,0.992128
7235,0.191773
44251,0.981192
98245,0.941842
69779,0.637371
78852,0.742424
33823,0.031935
94037,0.161563
7236,0.514245
112261,0.053768
117068,0.294825
41785,0.010001
68548,0.86014
59426,0.541181
74652,0.673763
80675,0.581697
80055,0.558841
96447,0.18051
40555,0.000332
87388,0.492853
47923,0.367271
16925,0.522708
31458,0.902352
17538,0.847291
118279,0.407826
62454,0.848783
15077,0.581133
117069,0.438991
72204,0.151491
73466,0.490191
12046,0.004284
26578,0.473064
53980,0.792785
46721,0.341531
91558,0.966079
31459,0.019589
98861,0.91543
13832,0.334299
30841,0.9192
119496,0.534571
28994,0.821728
63063,0.882123
15688,0.200857
118280,0.145176
9620,0.729681
56977,0.402844
33243,0.020863
55211,0.173426
78273,0.545216
26579,0.315142
64275,0.677862
94659,0.066179
81299,0.191092
88579,0.460496
81923,0.526785
7237,0.849632
2398,0.440376
23019,0.127129
47924,0.078591
74050,0.238502
115272,0.65774
3608,0.166491
19371,0.946392
36900,0.238711
46722,0.873214
77023,0.915882
113449,0.385149
104922,0.982987
98862,0.720029
60659,0.827421
62455,0.01827
10217,0.63689
59427,0.069765
116488,0.456454
87968,0.715505
44882,0.010247
12639,0.492712
32635,0.531917
92176,0.006827
47925,0.122926
80056,0.916918
75827,0.820554
69166,0.461402
69780,0.807693
94660,0.400422
17539,0.014047
38127,0.093251
61261,0.205453
92177,0.304504
21211,0.42782
70397,0.194816
36268,0.548541
11451,0.621206
31460,0.486922
109218,0.751166
117660,0.76181
35042,0.547584
103717,0.618055
17540,0.561488
55802,0.825182
20643,0.531576
19998,0.833419
92799,0.671062
111054,0.174628
1196,0.187903
18791,0.380155
90328,0.103387
21212,0.386828
18178,0.308472
9621,0.771963
78853,0.563375
53981,0.367447
81300,0.050527
103718,0.049524
33824,0.394983
120130,0.170541
55803,0.96003
77659,0.673913
112262,0.566953
87969,0.961211
58809,0.23629
100655,0.43502
55212,0.558313
112263,0.319272
98863,0.274526
95861,0.333187
17541,0.503319
67334,0.481511
115871,0.466865
25406,0.137495
75828,0.684495
64276,0.660148
62456,0.743571
109219,0.584364
114047,0.945696
10218,0.85124
60037,0.319995
62457,0.381878
86198,0.388025
64277,0.24761
104303,0.655414
33825,0.659309
56376,0.504401
21213,0.914112
106764,0.264302
40556,0.318847
43042,0.084879
63064,0.718696
92178,0.051254
78854,0.21234
63658,0.301648
99478,0.394453
9040,0.691268
21801,0.783965
88580,0.612368
49103,0.187728
47926,0.854457
49682,0.525875
39368,0.781227
110459,0.434475
34442,0.264471
26580,0.682263
38746,0.296698
12047,0.534585
85578,0.758877
90947,0.562469
46723,0.161968
34443,0.353943
87389,0.263324
42410,0.910901
27169,0.966628
111659,0.379757
12048,0.837341
21214,0.996302
55804,0.200321
43620,0.080845
117661,0.607572
65499,0.817211
27170,0.497685
36901,0.88883
81924,0.263458
36269,0.607303
115872,0.708962
30237,0.374903
13264,0.821082
77660,0.60798
83725,0.62624
56377,0.266133
24186,0.649422
6618,0.201039
70398,0.314538
75829,0.888139
99479,0.227946
92800,0.949555
7238,0.798769
86199,0.413205
33826,0.223018
117070,0.079259
14480,0.73915
77661,0.933423
65500,0.57875
94038,0.26014
117662,0.263443
75225,0.612708
97052,0.374789
77024,0.862895
70992,0.706876
13833,0.298496
50901,0.059619
88581,0.368248
39964,0.685064
29615,0.807868
66117,0.594031
38747,0.774728
33827,0.847882
50902,0.175952
116489,0.568504
94039,0.937851
80057,0.665925
112264,0.512671
16308,0.327991
58810,0.236711
90948,0.702497
30238,0.457476
56978,0.859381
31461,0.271186
41162,0.117774
49683,0.824766
94661,0.02338
21215,0.745011
75830,0.675167
63659,0.405728
60038,0.81095
15689,0.713852
84345,0.180293
21216,0.18855
91559,0.740436
66700,0.744216
83114,0.56074
113450,0.649151
19372,0.297488
61262,0.278337
74051,0.833824
89745,0.449747
72205,0.398987
20644,0.488274
113451,0.931886
44883,0.535454
50903,0.834699
64278,0.074538
76435,0.304797
59428,0.069622
36902,0.597938
101892,0.408361
99480,0.307395
72831,0.458223
87390,0.195144
21217,0.882083
53982,0.61351
114048,0.712348
92801,0.788966
43043,0.775466
114049,0.553256
104923,0.870855
113452,0.914119
77025,0.448345
97053,0.675866
106765,0.144913
47336,0.214164
19373,0.131545
33828,0.49077
14481,0.465443
28382,0.583811
118281,0.363903
42411,0.405326
32636,0.358116
23592,0.229528
111055,0.28755
87970,0.01518
13834,0.210969
30842,0.591017
9041,0.677167
70399,0.008034
95862,0.920378
84346,0.167943
113453,0.661204
120750,0.292292
79478,0.837948
22412,0.292933
64279,0.079096
100656,0.525498
47337,0.308069
106766,0.062834
90329,0.795083
86200,0.753847
43621,0.357454
67929,0.184007
30843,0.436887
69167,0.769552
7831,0.106958
46100,0.352867
5448,0.82105
26004,0.679714
83115,0.083895
48512,0.878246
118899,0.801839
70993,0.097689
54594,0.286488
85579,0.406517
75226,0.813979
38748,0.541621
95863,0.427615
49104,0.540781
1197,0.292925
113454,0.034651
47338,0.15797
63065,0.917995
25407,0.574783
114050,0.449674
58811,0.565066
43622,0.53668
117071,0.682722
38749,0.635458
15690,0.242262
69781,0.032234
39369,0.301597
13835,0.448557
24187,0.914073
12049,0.360809
77026,0.137756
74052,0.927498
21802,0.139608
34444,0.94751
19374,0.293317
42412,0.408567
25408,0.025446
66118,0.008228
47339,0.279281
71599,0.213259
100657,0.709315
67930,0.67947
117663,0.749675
11452,0.527178
73467,0.742296
3609,0.97626
2993,0.151132
60660,0.71633
28383,0.417553
102499,0.162234
24776,0.775727
13836,0.966801
95271,0.189242
116490,0.902384
117664,0.807424
60039,0.931377
56378,0.528828
104304,0.699707
9042,0.85956
63660,0.635918
13837,0.595628
67931,0.134338
48513,0.557077
32048,0.824388
18792,0.069926
67335,0.013689
43044,0.73263
106156,0.282484
109822,0.960261
102500,0.467442
53983,0.538644
2399,0.558069
33244,0.660413
104305,0.476511
103120,0.580231
29616,0.587644
23593,0.548128
23594,0.271994
15078,0.807022
23595,0.016197
47927,0.69176
58177,0.136498
10219,0.814985
66701,0.904612
59429,0.346073
84969,0.65552
92802,0.760608
14482,0.105331
117072,0.730787
56979,0.420016
113455,0.336065
94662,0.714745
108012,0.174202
101274,0.160666
90330,0.138204
26581,0.662638
76436,0.461523
24188,0.925952
78274,0.075989
108636,0.442229
97054,0.132357
56379,0.826323
31462,0.331186
120751,0.172399
31463,0.585187
75227,0.025011
2994,0.903031
90331,0.766674
63066,0.522391
2400,0.372647
61876,0.19574
47928,0.959742
14483,0.602022
117073,0.957172
69168,0.023307
11453,0.469475
93425,0.145983
27171,0.450931
26005,0.225375
6619,0.46002
12640,0.942475
88582,0.311097
52731,0.315949
97640,0.317733
16926,0.469879
116491,0.780022
75228,0.555225
104924,0.373139
121368,0.394927
10220,0.010315
43045,0.385989
39965,0.726276
61877,0.537101
117074,0.480565
21218,0.294469
12641,0.844504
565,0.969878
71600,0.520265
88583,0.693547
92179,0.914536
65501,0.020144
70994,0.119996
39370,0.725702
29617,0.295322
104306,0.313674
87391,0.656659
7239,0.831447
119497,0.240881
77027,0.661502
13265,0.808645
57561,0.50063
70400,0.573
86783,0.574244
56380,0.394738
66119,0.62995
64866,0.172501
60661,0.803836
37528,0.659132
20645,0.031895
21803,0.568568
5449,0.748944
43623,0.341125
38128,0.642886
78275,0.437567
43046,0.171976
101893,0.558703
20646,0.081182
10221,0.76466
10852,0.188333
26582,0.610666
72206,0.356173
81925,0.583806
6047,0.352821
98864,0.251549
36270,0.057677
14484,0.263426
31464,0.14779
77662,0.486713
121369,0.013662
105539,0.474718
39371,0.697559
85580,0.947246
55805,0.059851
90949,0.106517
4832,0.537532
32049,0.083452
21219,0.469578
10222,0.978972
30239,0.473133
54595,0.438507
30844,0.260127
83116,0.996323
43047,0.115311
68549,0.76634
37529,0.978266
57562,0.258805
61263,0.713604
46724,0.677035
98865,0.068116
85581,0.116106
86784,0.027404
102501,0.244689
81301,0.674347
64867,0.946478
24189,0.031846
78855,0.415457
36271,0.783276
86201,0.378146
66702,0.538964
89167,0.229307
19999,0.839731
6620,0.182823
108013,0.47877
36272,0.200575
9622,0.622065
74653,0.851131
51541,0.253332
19375,0.233861
13266,0.821996
88584,0.393266
114051,0.949584
66120,0.113665
106767,0.51104
94040,0.912618
109823,0.816502
74654,0.956263
104307,0.996732
20647,0.860798
83726,0.673839
44252,0.270858
26006,0.138423
34445,0.730101
103121,0.891095
70401,0.060363
30845,0.923166
32050,0.894129
93426,0.881876
61878,0.582382
18793,0.415656
63661,0.27337
120131,0.722395
38750,0.955416
59430,0.607129
38129,0.108815
110460,0.397763
84347,0.225415
7832,0.256048
64280,0.841021
98866,0.128297
64868,0.153934
116492,0.421599
106157,0.625608
112265,0.313715
89169,0.558859
89168,0.063504
30846,0.079368
120752,0.480183
47929,0.999868
77028,0.931173
106768,0.319227
87971,0.313326
110461,0.654368
69169,0.865491
120132,0.806592
566,0.061192
87972,0.162271
111056,0.687847
39966,0.515009
7833,0.482037
14485,0.300378
51542,0.540127
56381,0.452395
14486,0.930733
32051,0.912679
82510,0.733226
3610,0.008443
43624,0.44197
61264,0.999774
93427,0.523528
31465,0.77256
94663,0.265057
23596,0.640662
120753,0.257273
8420,0.167219
100658,0.40931
23597,0.780126
10223,0.785375
54596,0.802414
51543,0.544191
67932,0.542473
46101,0.785972
27767,0.435266
25409,0.460108
1810,0.734413
120133,0.18552
44884,0.93561
97641,0.021937
59431,0.568007
89746,0.962486
22413,0.766205
119498,0.833132
2995,0.569435
7834,0.607583
35639,0.629163
35640,0.265937
84970,0.624005
113456,0.974073
12050,0.798212
60040,0.37226
90332,0.730047
13838,0.279008
77029,0.987637
116493,0.226719
60662,0.868521
6621,0.884352
15691,0.186723
69170,0.624125
34446,0.219933
9623,0.880386
95272,0.405829
84348,0.039326
69782,0.470064
118282,0.278227
77030,0.861634
115273,0.759752
18179,0.442766
97642,0.884808
111057,0.756207
49684,0.108642
58178,0.876792
30240,0.967353
86202,0.086567
75831,0.645808
118283,0.746721
76437,0.640739
2996,0.688346
16927,0.057853
112266,0.896816
55213,0.484484
13267,0.291591
8421,0.150206
2401,0.463355
31466,0.392347
15079,0.759666
92180,0.383822
95273,0.471834
67933,0.570549
52732,0.340759
30241,0.319689
16309,0.32239
27768,0.690055
1811,0.454802
31467,0.572451
75832,0.982539
15692,0.231854
66703,0.067622
74655,0.234516
18180,0.702117
26007,0.754809
81926,0.189617
23020,0.383689
109824,0.426919
36903,0.413221
64869,0.707001
83727,0.971939
118284,0.216411
69784,0.47585
59432,0.484833
69783,0.178646
33245,0.516332
65502,0.224271
106769,0.579177
30242,0.308724
74656,0.314508
36273,0.481417
13839,0.943488
82511,0.883302
53358,0.670408
54597,0.991335
113457,0.345698
50302,0.038826
64870,0.356186
104308,0.451992
104925,0.486322
83117,0.830644
32052,0.312984
33829,0.518608
52135,0.85706
67934,0.182547
79479,0.909154
27172,0.137029
55806,0.692129
38130,0.950742
59433,0.607084
119499,0.684965
66121,0.767515
37530,0.241292
102502,0.099477
7835,0.43676
92803,0.579842
8422,0.269874
1198,0.0438
30847,0.837697
28995,0.751098
44885,0.946227
96448,0.153735
47930,0.033346
111058,0.738859
1199,0.866339
10224,0.22213
33830,0.377348
86203,0.847482
58179,0.011481
75833,0.26708
102503,0.129765
33831,0.947849
27769,0.044316
82512,0.532741
56980,0.701921
66122,0.475165
108637,0.262773
80676,0.330857
2402,0.223285
55214,0.854724
115873,0.002834
49685,0.125851
78856,0.866644
29618,0.981074
34447,0.44275
17542,0.773488
63067,0.885134
120134,0.821618
59434,0.420508
72832,0.87946
65503,0.458719
35641,0.692895
46102,0.985132
74053,0.349087
100659,0.377682
9043,0.737214
66123,0.756373
50904,0.085513
19376,0.21337
94664,0.406195
21220,0.41301
67935,0.128589
29619,0.148762
567,0.291819
84971,0.762937
74054,0.501963
64871,0.2399
83118,0.197626
6048,0.06479
23598,0.45578
2403,0.986128
61879,0.272943
8423,0.62982
104309,0.463202
2997,0.548646
20648,0.224447
25410,0.772691
90333,0.742774
36274,0.761501
100660,0.572758
20000,0.086107
119500,0.819832
101275,0.014215
99481,0.241826
18794,0.408532
56382,0.306251
33832,0.499163
78857,0.37023
84972,0.33186
103719,0.263333
28384,0.072018
90334,0.434293
86204,0.031288
98867,0.084996
6049,0.179131
99482,0.320198
5450,0.977169
87973,0.79522
102504,0.020983
43625,0.733699
112855,0.168116
55215,0.161872
23599,0.768737
53359,0.199914
121370,0.426835
70995,0.577351
10853,0.73906
18181,0.714165
70402,0.380059
114052,0.514239
94665,0.303291
86205,0.674373
72207,0.421874
29620,0.800447
90950,0.999741
18182,0.368565
101276,0.400211
92804,0.808357
54598,0.305401
118285,0.314805
89747,0.53967
15080,0.37039
86785,0.111147
6050,0.294953
64872,0.997802
60663,0.442368
109825,0.848369
60664,0.127868
24777,0.442156
74055,0.11297
27173,0.725027
16928,0.329425
53984,0.900117
66704,0.355702
99483,0.996263
101277,0.509449
46103,0.976753
73468,0.425574
41786,0.310346
115874,0.789284
36904,0.371605
16310,0.335016
74056,0.886186
63068,0.628539
101894,0.466072
68550,0.761023
105540,0.303792
65504,0.169813
118900,0.839598
568,0.247381
114053,0.19638
86786,0.330969
106158,0.129079
67336,0.874367
94041,0.465015
29621,0.153855
24778,0.492093
41787,0.415645
82513,0.455907
93428,0.002511
35642,0.324184
81927,0.838283
43626,0.553888
81302,0.758819
58180,0.502119
33246,0.171721
9044,0.096079
50303,0.227177
20649,0.74601
109220,0.460252
115274,0.253846
98868,0.208989
6622,0.850628
67337,0.682739
75834,0.004861
42413,0.970147
9624,0.777482
23021,0.809033
55807,0.093272
100661,0.651189
12642,0.375293
10854,0.430834
1812,0.411952
120135,0.423266
121372,0.047847
121371,0.111485
103122,0.862328
91560,0.048632
81928,0.683873
66124,0.915167
70403,0.600956
569,0.356439
54599,0.136025
92181,0.817783
69785,0.425393
84973,0.530748
6623,0.507923
31468,0.881886
37531,0.726714
12051,0.598787
81303,0.962698
103720,0.778543
35043,0.330209
115875,0.430375
10855,0.541159
15693,0.744779
5451,0.492514
46725,0.797271
47931,0.191276
79480,0.806639
58181,0.774567
32637,0.382659
21221,0.135307
6051,0.709855
8424,0.76459
9625,0.235579
114054,0.666034
109221,0.589096
53360,0.659388
2404,0.61169
16929,0.301569
46726,0.805147
11454,0.532499
87974,0.563878
114646,0.965023
9045,0.313918
61880,0.194142
72208,0.223165
68551,0.436055
75229,0.101938
100662,0.367369
118286,0.361608
81304,0.132235
117075,0.357531
45490,0.450169
4192,0.085848
4833,0.690899
43627,0.760588
93429,0.50809
98246,0.758816
66705,0.408644
103721,0.305248
29622,0.209498
71601,0.295278
56383,0.273821
83119,0.895919
24190,0.631034
40557,0.896325
74657,0.051185
21804,0.808487
103722,0.035988
69786,0.27267
66125,0.461716
73469,0.891196
36905,0.098086
15694,0.685721
86206,0.556628
74658,0.429219
13268,0.235796
90335,0.339103
89170,0.391431
99484,0.964659
113458,0.05112
57563,0.95152
110462,0.261709
24779,0.036046
46104,0.549919
7240,0.722059
20001,0.66442
101278,0.929892
41788,0.597863
66706,0.758235
92805,0.734718
118287,0.828305
40558,0.554999
64281,0.005138
59435,0.726191
64873,0.364906
90951,0.607871
22414,0.934736
41789,0.144293
16311,0.956765
31469,0.868987
92806,0.038561
64282,0.283879
23600,0.68987
70996,0.312402
70997,0.53888
50304,0.421961
39967,0.934084
43628,0.507226
105541,0.905397
26583,0.716678
38751,0.678842
78858,0.543141
13269,0.950826
35643,0.753249
9046,0.023749
118901,0.850467
63662,0.094182
21805,0.627518
4193,0.486771
43048,0.398216
59436,0.177525
22415,0.837824
16312,0.599136
51544,0.691734
53361,0.492691
48514,0.12475
11455,0.288137
7241,0.739261
4834,0.816296
97643,0.7981
95274,0.306994
26584,0.976149
3611,0.755515
47340,0.735087
16313,0.839564
99485,0.60185
32638,0.530513
20650,0.977983
31470,0.085446
15695,0.140202
70998,0.96633
93430,0.450327
111660,0.407821
50905,0.865238
33833,0.84838
81305,0.631107
46727,0.339777
61265,0.869994
88585,0.102907
45491,0.653647
114647,0.760057
77031,0.546934
35644,0.579001
39968,0.97635
120754,0.595402
67936,0.446285
15696,0.846868
39372,0.195312
85582,0.178266
87975,0.813749
60041,0.79914
20002,0.153904
72209,0.374378
38131,0.508355
36275,0.572668
570,0.087607
37532,0.192598
23601,0.656175
35645,0.120774
50906,0.298681
49686,0.203356
33247,0.041803
72210,0.499931
53985,0.773595
59437,0.516079
2998,0.074657
35646,0.905646
571,0.859756
112856,0.142452
7242,0.224147
81929,0.454347
72833,0.559507
90336,0.195206
45492,0.06446
12052,0.836728
101895,0.72007
27174,0.850988
28996,0.282085
107394,0.006237
56384,0.494001
12643,0.423527
63069,0.446251
50305,0.79508
101279,0.706368
66707,0.683247
77663,0.427035
39969,0.426677
94666,0.351358
58812,0.788444
66126,0.519472
28997,0.932716
108014,0.259675
54600,0.324136
33248,0.775325
77032,0.020628
27175,0.352067
45493,0.990729
119501,0.397139
26008,0.048365
74057,0.447885
94042,0.216233
121373,0.208222
97055,0.762331
81930,0.242031
66127,0.181253
76438,0.448263
39373,0.869286
23022,0.88649
62458,0.812961
28998,0.171233
86787,0.718353
81306,0.479304
90952,0.850892
28999,0.966244
6052,0.738685
90337,0.237321
52733,0.040894
47341,0.562243
32639,0.465799
27770,0.964054
35044,0.685948
572,0.269753
74058,0.057979
27771,0.034816
29623,0.988427
114648,0.602389
101280,0.182451
20651,0.509126
108015,0.160305
87976,0.689257
96449,0.166234
33834,0.571872
77033,0.619184
92807,0.948887
114055,0.438955
47932,0.939739
81307,0.000979
30243,0.85614
67338,0.703894
83728,0.346004
118288,0.776912
103123,0.982188
74659,0.459542
78276,0.279483
48515,0.748742
41790,0.03525
1200,0.836605
70404,0.688375
120136,0.793432
72834,0.443774
101896,0.350151
5452,0.356394
107395,0.764406
10225,0.961538
39374,0.547151
117076,0.17839
65505,0.617355
109222,0.134475
92182,0.599782
98869,0.066502
31471,0.581595
117077,0.828201
74059,0.449579
109223,0.601086
110463,0.503191
43629,0.554013
59438,0.806454
107396,0.400631
97056,0.262061
24780,0.241658
15081,0.633353
58813,0.825045
79481,0.541035
89748,0.667947
111661,0.266184
44253,0.68859
26009,0.176672
84349,0.126155
102505,0.005698
60665,0.035045
45494,0.453208
100067,0.721713
95864,0.377786
55808,0.464456
47342,0.597503
16930,0.021239
52734,0.222223
41791,0.013042
87977,0.757678
74660,0.019688
106159,0.842285
36276,0.648761
104310,0.658831
41163,0.807436
28385,0.527482
70405,0.997472
21806,0.868236
43049,0.221082
96450,0.006261
47933,0.540598
80677,0.947677
58814,0.887873
87392,0.320987
68552,0.162509
3612,0.196493
43050,0.437319
85583,0.879974
67339,0.471321
66708,0.928876
78277,0.517939
27176,0.036751
52735,0.592349
38752,0.87454
96451,0.813543
39375,0.888086
77034,0.890429
109224,0.434807
89171,0.073947
119502,0.232823
83120,0.957021
99486,0.339201
57564,0.751608
63070,0.926667
81308,0.160378
1201,0.087404
106160,0.511648
50306,0.696269
108016,0.08211
1813,0.575717
14487,0.841742
10856,0.555998
115876,0.471857
97644,0.165084
35647,0.092835
25411,0.748297
38753,0.313874
91561,0.65435
9626,0.334638
9627,0.484788
103723,0.160518
1814,0.216479
120137,0.163095
21807,0.423469
13840,0.375586
60042,0.067847
90338,0.703923
108638,0.0531
4835,0.37201
573,0.219094
39376,0.811778
69787,0.064127
53362,0.372433
89749,0.503355
23602,0.545052
120755,0.294215
41792,0.142064
84974,0.744914
24191,0.445971
29624,0.775456
12053,0.320866
51545,0.484526
90339,0.18609
86207,0.547381
100663,0.462581
39377,0.317625
41164,0.736887
120138,0.846504
25412,0.661299
114056,0.394094
28386,0.549254
58182,0.937415
90953,0.307345
78278,0.409681
24781,0.657023
76439,0.579175
103124,0.966699
16931,0.203968
38754,0.129709
32640,0.215289
121374,0.604919
78279,0.066499
20652,0.635741
102506,0.400214
60043,0.479305
75835,0.586279
115877,0.855847
62459,0.312127
9628,0.665558
77664,0.773536
56385,0.017312
86788,0.371442
115878,0.908989
33835,0.147287
3613,0.444334
54601,0.406608
28387,0.373292
92808,0.395378
57565,0.454933
10226,0.744223
86789,0.432729
109826,0.926489
49105,0.779645
69789,0.822219
3614,0.240813
94043,0.495429
69788,0.366787
117665,0.12422
52136,0.650689
50907,0.823872
55216,0.610485
63071,0.974598
120756,0.20924
15697,0.62143
118289,0.655206
17543,0.922667
69790,0.195353
75836,0.700249
53363,0.781278
55809,0.994312
55810,0.023493
29000,0.268816
90954,0.924443
120139,0.492674
64874,0.610104
77665,0.885777
41793,0.118955
75837,0.981133
55217,0.496539
1202,0.402638
69171,0.751216
7243,0.546692
101897,0.445532
42414,0.033105
66128,0.483578
69791,0.682123
75230,0.44669
50908,0.147529
9047,0.506477
40560,0.116057
40559,0.859192
38755,0.094177
49687,0.19358
47934,0.077138
58183,0.749499
45495,0.827897
59439,0.332277
5453,0.719167
36906,0.982158
70406,0.92807
8425,0.965731
98870,0.226542
89172,0.559611
91562,0.614697
115879,0.251172
49106,0.080827
20003,0.437504
67340,0.909987
26010,0.067314
108639,0.530451
64283,0.751733
100068,0.745735
10857,0.894744
51546,0.255984
105542,0.365863
53364,0.217204
28388,0.918755
80058,0.536702
75838,0.68064
98247,0.357234
79482,0.964237
78859,0.065085
81931,0.04834
54602,0.5282
84975,0.730735
42415,0.303438
11456,0.418854
41165,0.872118
7836,0.43124
2405,0.368268
107397,0.758426
90955,0.869802
2999,0.344141
109827,0.817661
39970,0.509284
106770,0.69537
39971,0.911333
72835,0.415759
24192,0.06224
119503,0.803709
12644,0.074097
63663,0.462628
89173,0.896104
77035,0.210481
98248,0.366818
63664,0.638059
102507,0.627757
30848,0.98198
114057,0.442714
113459,0.16104
50909,0.649299
7244,0.351132
64875,0.818287
59440,0.109513
112857,0.989047
32641,0.256211
66129,0.062012
10858,0.834798
45496,0.74891
27772,0.196925
116494,0.008929
7245,0.999304
106771,0.266172
58815,0.968271
41794,0.498065
64876,0.824854
108017,0.881839
34448,0.146548
95275,0.625147
81932,0.500903
44254,0.163001
46729,0.844458
110464,0.669892
46728,0.47378
92809,0.338569
87978,0.942638
53365,0.610314
3615,0.263148
63072,0.327654
87979,0.534639
95865,0.158846
49107,0.480164
103724,0.072161
56981,0.047225
88586,0.233795
65506,0.379193
72836,0.082434
105543,0.123008
35045,0.096222
106772,0.62453
38132,0.749598
100664,0.959467
74661,0.2765
9048,0.992042
115880,0.15199
103725,0.675655
69792,0.215679
16932,0.737202
85584,0.429158
96452,0.366687
107398,0.93654
42416,0.309676
78860,0.819223
77036,0.996208
39378,0.020165
17544,0.937996
87980,0.116512
97645,0.810543
102508,0.136198
26011,0.456536
29001,0.652696
85585,0.923158
106773,0.493146
16933,0.320319
98871,0.69057
100665,0.527964
23023,0.444631
89174,0.887336
70407,0.377238
105544,0.068133
65507,0.919435
32053,0.497027
118290,0.093774
37533,0.059376
8426,0.477978
89750,0.131041
69172,0.267892
117078,0.675727
29625,0.308066
100666,0.58944
97057,0.697383
25413,0.381713
31472,0.399985
99487,0.05577
3000,0.303386
50910,0.901734
112267,0.985883
94667,0.648326
13270,0.806466
37534,0.364129
24193,0.162764
94044,0.418643
72837,0.04708
59441,0.476128
68553,0.468162
109828,0.105937
78280,0.420894
38133,0.10205
72211,0.664553
39379,0.252973
114058,0.967412
92183,0.124486
2406,0.590964
11457,0.108379
12645,0.391447
109829,0.690851
97058,0.532526
113460,0.418327
32054,0.881634
14488,0.375867
12054,0.906596
89175,0.523346
43630,0.214383
102509,0.427459
60666,0.278115
56386,0.516827
43631,0.060113
118291,0.494004
61266,0.509877
101898,0.752905
100667,0.078394
51547,0.689722
98249,0.20338
80678,0.382193
116495,0.505304
94668,0.601541
23603,0.561182
42417,0.989332
46105,0.124078
10227,0.239236
68554,0.91639
111662,0.490753
22416,0.56696
61267,0.138059
76440,0.98317
9049,0.686302
64877,0.68407
89751,0.680882
88587,0.123826
33249,0.687466
84350,0.176383
80059,0.608884
90956,0.334182
21808,0.137081
115881,0.048203
108018,0.789362
87393,0.012198
21222,0.298226
40561,0.260129
116496,0.272587
103726,0.212925
71602,0.578296
79483,0.464518
86790,0.055597
26585,0.57191
105545,0.282055
88588,0.286479
95866,0.214253
18795,0.643928
38756,0.971876
47343,0.415022
12646,0.656008
42418,0.216109
74060,0.189232
21809,0.798809
84976,0.853933
53986,0.634581
92184,0.232878
73470,0.155498
24194,0.529882
91563,0.66849
120757,0.450475
75231,0.225155
96453,0.918341
3001,0.371456
65508,0.726486
3616,0.004811
91564,0.388375
80679,0.834998
94669,0.798179
111663,0.684565
67341,0.937401
88589,0.966063
86208,0.077407
35046,0.563712
18796,0.769574
50911,0.021931
63073,0.277009
18797,0.323495
98250,0.821332
39972,0.258889
104311,0.000381
38134,0.945687
18798,0.326272
71603,0.094655
31473,0.781306
48516,0.55533
7246,0.980209
56982,0.349895
20004,0.411414
121375,0.425298
46730,0.691164
74061,0.91184
84977,0.292203
58816,0.056608
108640,0.463764
35047,0.958914
103727,0.7337
20005,0.459724
103125,0.471032
71604,0.494046
98872,0.359542
10859,0.083534
77037,0.642297
12647,0.475991
4194,0.69391
58184,0.285494
40562,0.808235
31474,0.939106
56387,0.378331
17545,0.462166
95276,0.021894
97059,0.446625
41166,0.180825
44255,0.68952
13271,0.131018
33836,0.034655
98873,0.771238
24782,0.518188
55811,0.85265
119504,0.225565
90340,0.08816
24783,0.79525
46106,0.364791
61881,0.870501
63665,0.354433
113461,0.636764
91565,0.005957
85586,0.407326
12648,0.347163
63666,0.983098
75839,0.656344
110465,0.425113
574,0.741523
44886,0.683416
34449,0.826725
6624,0.31836
58817,0.575195
115882,0.334627
100668,0.398922
25414,0.546027
121376,0.293051
101899,0.016492
16314,0.948741
67342,0.45293
21810,0.452193
49108,0.045217
4195,0.25994
12649,0.514544
8427,0.443582
99488,0.549435
64284,0.253716
44256,0.566145
57566,0.324258
118292,0.566345
3002,0.04931
93431,0.207001
60667,0.424266
10228,0.655566
74062,0.336849
7247,0.665306
21223,0.347648
89752,0.89797
32055,0.9258
23024,0.182854
35648,0.995
44257,0.706156
83121,0.667189
26586,0.357589
6053,0.400983
10229,0.652756
83729,0.045462
111664,0.713315
49688,0.009751
88590,0.567141
75840,0.95372
52736,0.23696
92185,0.779792
12055,0.741538
102510,0.470244
29626,0.822797
63074,0.032074
3617,0.419026
54603,0.995692
101900,0.518208
8428,0.41972
111665,0.041157
7837,0.354746
120758,0.526456
86209,0.402539
119505,0.585281
32642,0.296051
121377,0.240603
13841,0.154944
109225,0.677592
23604,0.508726
119506,0.898629
17546,0.358767
57567,0.773515
84351,0.676738
61268,0.871224
11458,0.635366
12650,0.53605
32643,0.479453
56388,0.394317
3618,0.245109
47344,0.657572
70999,0.946108
109226,0.815368
118902,0.203946
87981,0.391487
72838,0.997658
2407,0.183793
575,0.436414
109227,0.754836
60044,0.957896
89176,0.015753
72839,0.352665
10230,0.603403
103126,0.134484
74063,0.822782
21224,0.10675
112858,0.540352
69793,0.399988
87394,0.622119
14489,0.410101
40563,0.452518
63075,0.869211
43051,0.199514
16315,0.424701
98874,0.817048
108019,0.465569
77666,0.742565
25415,0.464985
55218,0.999438
4196,0.28654
27773,0.596878
74064,0.665327
27775,0.379767
27774,0.309935
41167,0.826924
114649,0.956063
115275,0.627356
111059,0.948256
44258,0.011903
60668,0.988271
41795,0.146063
576,0.638867
95867,0.857186
85587,0.060124
12056,0.979127
15698,0.59159
10860,0.300734
1815,0.980485
50912,0.112685
67937,0.019978
14490,0.706619
12651,0.279829
5454,0.167321
40564,0.085132
80061,0.94298
15082,0.286226
95868,0.546964
80060,0.783711
3619,0.890923
14491,0.09848
88591,0.089494
30849,0.67702
40565,0.946831
104926,0.678713
81309,0.660927
118903,0.871927
41168,0.776195
72840,0.01473
7248,0.507687
106774,0.062403
56983,0.559756
120759,0.585527
87982,0.367483
11459,0.119438
77038,0.082505
115883,0.300025
3003,0.922833
41796,0.882942
52137,0.069801
16316,0.137536
119507,0.38061
61882,0.035083
65509,0.517875
68555,0.431765
35048,0.528154
46731,0.540406
106775,0.495277
24195,0.363175
83730,0.839074
77667,0.562824
76441,0.537049
104312,0.682097
120140,0.734018
6625,0.605214
36277,0.694299
48517,0.735999
9050,0.416186
106161,0.747775
27776,0.869237
13842,0.04015
71605,0.553642
8429,0.045279
81933,0.330899
72841,0.002399
106162,0.109428
117666,0.535857
66130,0.650292
9051,0.576405
66709,0.222478
100069,0.289967
81310,0.304939
70408,0.768385
58185,0.890969
53366,0.28413
80062,0.371356
26012,0.055506
101281,0.606235
1816,0.788685
15699,0.936609
66710,0.359497
97646,0.784585
32056,0.563428
37535,0.0446
77668,0.365215
83731,0.51957
114650,0.965239
4197,0.626068
101282,0.84151
14492,0.722539
65510,0.839148
58186,0.082194
41797,0.534249
107399,0.199724
37536,0.699563
111666,0.938105
51548,0.243391
108641,0.046347
53367,0.637519
104927,0.655882
72212,0.160079
46107,0.395429
33837,0.474749
98875,0.030308
84352,0.969717
61883,0.112187
77669,0.030797
80680,0.187096
47935,0.481606
78861,0.592981
98876,0.818739
577,0.195852
69794,0.8505
18183,0.715175
71606,0.442821
6626,0.716314
63667,0.728995
4836,0.976864
73471,0.896432
101283,0.726185
67938,0.376498
92186,0.381038
36907,0.715469
72213,0.786285
97647,0.220114
47345,0.920833
6054,0.140199
92810,0.417133
39380,0.649659
19377,0.298183
38135,0.499778
42419,0.423868
60045,0.50838
92811,0.474644
30850,0.788242
36278,0.612239
11460,0.880769
34450,0.890284
31475,0.804276
53987,0.230066
120141,0.788756
114651,0.54334
28389,0.927895
70409,0.261877
52737,0.699088
6627,0.286043
16317,0.761756
112859,0.19449
22417,0.424252
12057,0.477637
97648,0.133935
44259,0.994705
15700,0.528569
101284,0.095779
17547,0.055712
10861,0.744849
8430,0.342146
109228,0.024379
117079,0.656272
100669,0.676685
97649,0.548308
59442,0.402405
58818,0.679608
75841,0.20725
110466,0.799187
86791,0.091402
25416,0.286821
80681,0.483303
100670,0.120401
4837,0.706264
41169,0.827046
38136,0.890462
84978,0.0932
44260,0.652134
76442,0.42425
98877,0.215349
90341,0.916989
45497,0.785041
60669,0.423647
72214,0.588342
108642,0.563274
28390,0.685463
18799,0.847693
17548,0.677218
1817,0.760522
45499,0.163784
78862,0.43873
55219,0.923322
45498,0.732811
42420,0.463746
65511,0.636089
63668,0.281244
78281,0.016388
84353,0.030051
24196,0.191449
44887,0.361623
37537,0.9283
37538,0.891563
72215,0.08482
41170,0.078041
86792,0.264983
77039,0.668742
62460,0.231207
41171,0.794192
46108,0.248182
106776,0.220074
100671,0.111922
120760,0.705606
75232,0.053674
58187,0.049524
78282,0.065822
92187,0.254528
31476,0.71394
9629,0.777096
77670,0.136351
48518,0.844465
39381,0.831025
28391,0.383117
21811,0.237102
64285,0.486509
106777,0.251812
100672,0.322504
80682,0.188702
578,0.799859
63669,0.63853
77040,0.140152
33838,0.586603
26587,0.394286
61884,0.948264
85588,0.943661
32644,0.580493
3620,0.831696
82514,0.270955
45500,0.120397
78863,0.855241
100673,0.400023
94670,0.539698
12652,0.744514
81311,0.954827
71000,0.365256
12058,0.222782
58819,0.019226
45501,0.531541
48519,0.071472
38757,0.50608
13843,0.621236
114652,0.252427
55812,0.308615
67939,0.812347
60046,0.471702
80683,0.592688
75233,0.146331
75234,0.761542
16318,0.731183
114059,0.131097
71607,0.983368
100070,0.061709
43052,0.754114
64878,0.203948
98251,0.960378
53368,0.513268
43632,0.569941
35649,0.709862
105546,0.985529
21812,0.138612
9052,0.850559
30244,0.926968
89753,0.071307
83732,0.52291
115884,0.595209
16319,0.676953
52138,0.205142
99489,0.29753
102511,0.617215
42422,0.250166
86793,0.971249
98878,0.97519
46109,0.701258
76443,0.337028
70410,0.92522
27177,0.702518
42421,0.795474
24197,0.414139
27178,0.750524
21225,0.007357
80063,0.205719
13844,0.325149
56389,0.910754
101285,0.284603
120761,0.577072
23605,0.698163
7249,0.925085
1818,0.268128
41798,0.023738
64286,0.211913
2408,0.404987
64879,0.166422
114653,0.616095
7838,0.413318
73472,0.044756
65512,0.962709
101901,0.906799
12653,0.130642
6055,0.503624
47936,0.741842
6056,0.970258
58188,0.302903
84979,0.320259
30245,0.422856
109830,0.927209
20653,0.475863
53988,0.715789
32057,0.707811
35049,0.820728
18184,0.538771
18800,0.000306
41172,0.033234
114060,0.55504
38758,0.969356
57568,0.935859
1819,0.898472
116497,0.569535
49689,0.144117
63076,0.214241
95869,0.665157
64880,0.321972
104928,0.531149
30851,0.105932
50307,0.111964
77041,0.595564
80684,0.032162
12654,0.461115
47346,0.524552
101286,0.642952
18185,0.873923
88592,0.258876
97060,0.493822
98252,0.139375
16320,0.122045
61269,0.123584
23025,0.777209
72216,0.480024
55220,0.808881
46732,0.661579
111060,0.92379
52738,0.544835
104929,0.040882
79484,0.117446
26588,0.324504
28392,0.31657
32058,0.414965
77042,0.310609
95277,0.964184
31477,0.58154
93432,0.442655
101902,0.394512
52739,0.482033
35050,0.879497
49690,0.256974
9630,0.200058
86210,0.804276
86211,0.455942
100071,0.27053
59443,0.812531
105547,0.446839
120762,0.646983
112268,0.778047
85589,0.17001
47347,0.692029
90342,0.661493
87395,0.965266
95278,0.825639
38137,0.918826
102512,0.857154
48520,0.261613
66711,0.940859
30852,0.461351
104313,0.996624
78283,0.347854
69795,0.588526
13845,0.514375
28393,0.711327
13846,0.784404
42423,0.934863
83122,0.275628
106163,0.98654
63670,0.910545
49109,0.522432
40566,0.523142
13847,0.432416
109229,0.019936
52740,0.933516
54604,0.367528
66712,0.247672
52139,0.017284
1820,0.778118
99490,0.350496
63671,0.956858
16934,0.093696
21226,0.753685
57569,0.409631
103127,0.608053
7839,0.230609
98253,0.281206
81312,0.939917
77043,0.603443
49110,0.675571
23606,0.75548
64287,0.405051
115276,0.805123
115277,0.299661
82515,0.884741
75842,0.838655
57570,0.907278
108020,0.921836
22418,0.049944
106778,0.224293
18186,0.949022
19378,0.946033
46733,0.811274
60047,0.487602
6057,0.364063
13848,0.822708
72842,0.043346
12059,0.102237
121378,0.612778
48521,0.940101
74662,0.665781
24784,0.562394
38759,0.994792
89754,0.807257
107400,0.047691
21227,0.400814
98879,0.834127
20006,0.981579
74065,0.417268
92188,0.418725
119508,0.164005
119509,0.01146
21228,0.386886
50308,0.899821
27179,0.294896
20007,0.043292
105548,0.059175
39382,0.774974
50309,0.181872
17549,0.616845
6628,0.385909
81313,0.648709
103728,0.1568
47348,0.134037
22419,0.550177
7840,0.802229
10862,0.230926
1821,0.15444
118293,0.330421
52140,0.019439
5455,0.028726
80685,0.794752
115278,0.89831
72843,0.992772
100072,0.839106
13849,0.112648
20008,0.708739
92189,0.462505
3004,0.971726
60048,0.710586
21813,0.654093
71608,0.34869
30246,0.659275
45502,0.121469
63077,0.745508
13850,0.179106
54605,0.015181
19379,0.544755
83123,0.254791
50913,0.885402
67343,0.811177
71001,0.765422
95279,0.885017
65513,0.911205
16321,0.812362
46734,0.130942
81314,0.926029
72217,0.025258
99491,0.064104
24198,0.615969
84980,0.15425
21229,0.342328
23607,0.669795
81934,0.001461
33250,0.432365
9631,0.500017
7250,0.178804
38138,0.489946
32645,0.362007
28394,0.847408
67940,0.589926
105549,0.185409
31478,0.381947
110467,0.448219
24785,0.617005
63672,0.795836
102513,0.376017
30853,0.960325
77671,0.255093
81935,0.236524
109230,0.016027
43633,0.359617
42424,0.213921
94045,0.477251
108643,0.006371
88593,0.969699
105550,0.903235
9632,0.683286
36279,0.32542
115279,0.492849
10863,0.320162
14493,0.269286
50914,0.272549
84354,0.129985
64288,0.750904
71002,0.997506
66713,0.39753
97650,0.803955
15701,0.910042
21815,0.964412
21814,0.672192
13851,0.657181
44888,0.442385
56390,0.162044
109831,0.753696
83124,0.044211
16322,0.526568
37539,0.117605
19380,0.321918
39973,0.177786
14494,0.544918
2409,0.610327
26013,0.955954
59444,0.085494
36280,0.36638
23026,0.111245
58820,0.967242
84355,0.394547
21230,0.024824
35650,0.335132
103128,0.454916
117080,0.298253
112860,0.057548
10231,0.902725
9633,0.846909
99492,0.28706
89177,0.077959
83733,0.472311
78864,0.404411
89755,0.424132
84356,0.51141
47349,0.480623
64289,0.53314
51549,0.997119
31479,0.53091
88594,0.279242
80064,0.658457
66714,0.311466
83734,0.034022
4198,0.082928
21816,0.984694
53989,0.936237
73473,0.054378
67941,0.674879
1203,0.238602
118904,0.262911
39974,0.930764
83125,0.176346
53369,0.782783
97061,0.259941
47937,0.250951
21818,0.300597
117667,0.409424
23027,0.92133
21817,0.612815
92812,0.155759
48522,0.605724
66715,0.489725
73474,0.854542
65514,0.993136
15702,0.820663
104930,0.024788
84981,0.874187
115885,0.577983
113462,0.618695
81936,0.844684
29002,0.203998
95280,0.583858
47350,0.536232
100073,0.826534
7251,0.403368
86794,0.842449
26014,0.172491
88595,0.724566
96454,0.042879
84982,0.169309
13852,0.844459
49111,0.791055
102514,0.3615
3621,0.821735
86795,0.612626
57571,0.459614
121379,0.618411
29627,0.177337
66131,0.211816
7841,0.624937
53370,0.601944
79485,0.950608
27777,0.369326
101287,0.02706
114061,0.212831
64290,0.232377
74066,0.345235
120763,0.024585
80686,0.301637
84357,0.836799
32646,0.166029
56984,0.839601
21819,0.938559
9634,0.242549
82516,0.847262
30854,0.741781
23028,0.587019
75843,0.824505
77044,0.397011
5456,0.890831
35051,0.245149
21231,0.160341
115280,0.009066
44261,0.930946
56391,0.701385
52141,0.690536
70412,0.816196
8431,0.291949
43634,0.796209
70411,0.820659
31480,0.615527
95870,0.949947
13853,0.640507
34451,0.890053
18801,0.621694
94046,0.953389
42425,0.640294
35052,0.984563
71609,0.4715
115281,0.152174
121380,0.835442
15703,0.742472
114062,0.362844
24199,0.565813
78284,0.619282
13272,0.58639
2410,0.310713
55813,0.047562
114654,0.893373
21820,0.380594
23029,0.50568
104931,0.523518
10864,0.071928
102515,0.119934
36908,0.606248
37540,0.477331
106164,0.141656
46110,0.01059
80687,0.298733
86796,0.085739
44889,0.323632
11461,0.828536
54606,0.254456
102516,0.257115
101288,0.567339
46735,0.754013
62461,0.530205
104932,0.791256
92190,0.746203
52741,0.727926
57572,0.285263
111667,0.520904
13854,0.347019
55814,0.703437
67942,0.05899
112269,0.301803
112861,0.029399
21232,0.778348
1822,0.736762
50310,0.933488
114063,0.082583
114064,0.349936
102517,0.497238
82517,0.074717
72218,0.762993
40567,0.885047
75235,0.937292
9635,0.35283
8432,0.862949
65515,0.330549
14495,0.332432
103729,0.915517
1204,0.16255
12060,0.882311
15704,0.308251
36281,0.456288
21821,0.252428
1205,0.58049
72844,0.894846
45503,0.062912
41799,0.959194
6629,0.019393
12655,0.382374
113463,0.275799
2411,0.268061
98880,0.922145
12061,0.455631
101289,0.145335
69173,0.877461
17550,0.463153
55815,0.427555
24786,0.005401
86797,0.39665
4838,0.655454
121381,0.481325
7842,0.747446
63078,0.006336
31481,0.631924
15705,0.779522
7252,0.679019
75844,0.176713
77672,0.827911
95871,0.80179
35651,0.874122
72845,0.579317
108021,0.532131
3622,0.221036
104314,0.760287
12656,0.526911
81315,0.82544
47351,0.123566
72219,0.394048
25417,0.173621
44890,0.180408
20654,0.78372
111668,0.688185
112270,0.330158
82518,0.921419
111669,0.120461
64881,0.292
104933,0.598568
26015,0.974052
58821,0.650913
44262,0.465634
84983,0.155741
88596,0.877137
83126,0.048198
50311,0.135843
80688,0.921484
7253,0.454299
58189,0.555325
7843,0.049288
3623,0.359413
61885,0.758257
60049,0.383259
112271,0.68142
105551,0.272336
90957,0.936764
112862,0.210185
18187,0.674388
106779,0.382312
75845,0.044653
113464,0.415784
69796,0.320849
22420,0.992451
90343,0.263814
48523,0.487674
86212,0.458989
95872,0.497637
72220,0.153337
58190,0.629068
39975,0.913293
52142,0.682284
55221,0.733376
37541,0.314537
66132,0.002198
16323,0.702674
579,0.033887
102518,0.99378
120142,0.165577
45504,0.454383
9636,0.167795
26589,0.646796
100674,0.260916
59445,0.815247
44891,0.276555
104315,0.227791
68556,0.480154
44263,0.983419
104316,0.380468
21822,0.763905
117668,0.924167
85590,0.527552
105552,0.570596
4839,0.194534
84358,0.258098
94047,0.355551
43053,0.505307
12062,0.684705
30855,0.757501
3624,0.732671
92191,0.011603
53371,0.503709
46736,0.18857
20655,0.13944
109833,0.878797
109832,0.159209
21233,0.415386
66716,0.520703
114065,0.86466
67344,0.640876
35053,0.705303
35054,0.325475
2412,0.31709
103730,0.355997
65516,0.495355
111061,0.183652
26016,0.785843
8433,0.747465
7254,0.576416
3005,0.680992
20656,0.33406
115282,0.657135
66717,0.887205
7844,0.187535
95873,0.660969
5457,0.856905
38760,0.974062
66718,0.812616
111062,0.899126
64882,0.442964
18802,0.208213
36909,0.286263
60050,0.189981
1206,0.109214
97062,0.560938
63673,0.714948
12657,0.322631
32059,0.799368
36910,0.45921
64883,0.619508
120143,0.663347
111063,0.823194
97651,0.619907
119510,0.747619
18188,0.205705
1823,0.429037
77045,0.359363
32060,0.750241
118294,0.733284
77046,0.48984
74663,0.10977
90958,0.096753
115886,0.490716
53990,0.549401
108644,0.333018
89756,0.670397
109231,0.531478
12063,0.795709
91566,0.002641
36282,0.953202
36911,0.930519
111670,0.157325
118905,0.086184
15083,0.561607
13855,0.533121
34452,0.930463
71003,0.776887
120764,0.448602
22421,0.34476
3006,0.553815
61886,0.791464
115283,0.180708
29003,0.350962
121382,0.395819
64884,0.881223
61270,0.620959
112863,0.379011
92192,0.502324
101903,0.805464
83127,0.24589
116498,0.257662
53991,0.842844
41800,0.67496
100675,0.479683
21823,0.882706
97652,0.054627
85591,0.13223
46111,0.368055
115284,0.099477
100676,0.677982
99493,0.801012
17552,0.416269
115887,0.631062
17551,0.32027
48524,0.580875
63674,0.311441
3625,0.51041
50312,0.206828
1824,0.457146
83128,0.433885
77673,0.050721
88597,0.167604
14496,0.692058
84359,0.526618
27778,0.289136
58822,0.31188
60670,0.708391
114066,0.330895
10232,0.454486
106165,0.806888
42426,0.630232
112272,0.582918
52143,0.821598
43635,0.174937
66719,0.17193
64885,0.323126
72846,0.517404
108022,0.814727
20009,0.326046
98254,0.456989
69797,0.208379
117081,0.088891
84360,0.27106
8434,0.019812
28395,0.539183
50915,0.863573
52144,0.084115
108645,0.802222
4199,0.510082
95874,0.996364
4840,0.878156
106166,0.844027
25418,0.864182
32647,0.712479
121383,0.984627
120765,0.02593
37542,0.440481
50916,0.937025
52742,0.254845
86798,0.172453
78285,0.87817
4200,0.281169
103129,0.256337
77047,0.734881
96455,0.245541
86799,0.99289
118906,0.00571
92813,0.479299
62462,0.053993
42427,0.820034
29628,0.270163
117082,0.98051
66133,0.476441
22422,0.655611
84984,0.982625
38139,0.720496
66134,0.901683
50917,0.644066
89757,0.616975
63675,0.581769
3626,0.290307
32648,0.276577
47938,0.934717
121384,0.143237
49691,0.573957
75236,0.61659
67943,0.546007
96456,0.16561
15706,0.160378
68557,0.376637
8435,0.19768
30247,0.645413
33252,0.382209
51550,0.109941
33251,0.875863
100677,0.273292
61271,0.090495
29629,0.234428
9637,0.150941
4201,0.35096
15084,0.364659
96457,0.255768
113465,0.961273
98881,0.049037
35055,0.375283
75846,0.897328
104317,0.162722
47352,0.234252
73475,0.649486
88598,0.762446
60671,0.662199
87983,0.84258
86213,0.830819
12064,0.485786
90344,0.690125
103731,0.524567
61887,0.043946
35652,0.630944
64291,0.904835
83129,0.360245
25419,0.704827
75237,0.890841
38761,0.231271
96458,0.088893
50918,0.047974
2413,0.375862
7255,0.817837
90345,0.215945
91567,0.723819
4202,0.904924
58823,0.522102
112864,0.862856
580,0.996826
104934,0.569693
118907,0.630904
98882,0.091035
32649,0.814056
86214,0.838751
82519,0.562631
7256,0.213954
120144,0.287809
73476,0.446337
4841,0.664
97653,0.476617
12065,0.898179
24200,0.684424
40569,0.490395
40568,0.413255
7257,0.839749
93433,0.841562
12066,0.411705
58824,0.984238
36283,0.465071
109834,0.044434
58191,0.426825
106780,0.371186
71610,0.692934
7845,0.788924
78865,0.831241
38140,0.263099
108023,0.95609
9053,0.039142
86215,0.857357
77048,0.213302
39383,0.107959
29004,0.646088
91568,0.109777
16324,0.96469
15085,0.935607
80689,0.255653
89178,0.754759
95281,0.145419
55816,0.502278
52145,0.023212
20010,0.654673
7258,0.679275
58192,0.981903
118908,0.595866
121385,0.858498
15086,0.693039
43637,0.956977
32061,0.114908
58825,0.45
31482,0.117608
43636,0.068847
60672,0.921564
3627,0.683197
47939,0.91559
12067,0.546828
55222,0.546745
117083,0.770141
85592,0.34497
92814,0.607225
109232,0.195229
39976,0.046342
35056,0.34205
103732,0.020896
1825,0.345414
86800,0.475913
60051,0.991206
38141,0.824961
114067,0.4604
7846,0.825077
114068,0.837924
56392,0.910073
30856,0.458439
53372,0.427935
109835,0.096677
118295,0.797273
79486,0.918985
63676,0.204867
45505,0.860144
34453,0.387512
57573,0.597218
44264,0.845128
13273,0.405083
83735,0.276642
108646,0.368765
26590,0.91333
75238,0.587636
112273,0.863735
44265,0.853701
30248,0.850814
106781,0.639187
50313,0.648436
41801,0.462612
100678,0.422753
50314,0.473427
1207,0.999012
5458,0.642524
95875,0.783408
8436,0.599993
36912,0.371756
11462,0.495232
92193,0.044242
83130,0.926386
115888,0.841034
113466,0.888827
87984,0.393826
9054,0.292628
17553,0.207023
65517,0.181648
80065,0.687533
89179,0.428344
24787,0.471012
60052,0.226198
95876,0.532518
24788,0.758648
109836,0.103215
89180,0.801268
54607,0.574755
92194,0.84498
15707,0.45998
118296,0.519043
93434,0.599819
48525,0.727359
114655,0.898403
12658,0.90452
3007,0.794485
89181,0.078279
64886,0.0111
20011,0.701786
97063,0.145389
27779,0.793965
53373,0.904224
12659,0.558906
69174,0.943546
66720,0.525181
117084,0.102222
56985,0.8209
98883,0.783098
15087,0.385875
75239,0.76633
67345,0.196276
81316,0.1829
108025,0.57368
16325,0.393558
81937,0.675716
115285,0.557201
86216,0.752844
50315,0.583332
108024,0.649185
67944,0.273506
64887,0.477514
111064,0.872672
6630,0.212983
12660,0.381882
94671,0.849404
7847,0.276293
96460,0.646632
17554,0.238474
47940,0.53549
90959,0.05069
86217,0.576575
81938,0.390349
61888,0.640267
96459,0.774623
36284,0.086984
70413,0.130065
98884,0.753225
81317,0.663732
61889,0.970038
60673,0.60235
30250,0.069442
40570,0.761805
16935,0.768199
30249,0.87386
86801,0.851901
30251,0.09595
76444,0.531283
66721,0.571971
44892,0.981998
44266,0.30833
70414,0.550882
83736,0.009511
39384,0.741689
40571,0.281461
42428,0.816108
38762,0.058155
66722,0.301834
94672,0.594148
13856,0.415586
68558,0.856772
66723,0.088746
23030,0.534907
36285,0.024862
49112,0.136141
58194,0.044731
58193,0.690983
108026,0.785666
32062,0.495342
85593,0.182503
50316,0.953074
42429,0.811017
76445,0.07973
52743,0.526576
11463,0.63463
3008,0.835754
54608,0.840403
14497,0.955547
118909,0.10642
37543,0.799315
67346,0.363849
92815,0.983071
58826,0.375743
15088,0.280215
6631,0.080687
52744,0.128339
82520,0.669479
90346,0.718577
91569,0.828619
36913,0.743158
100679,0.36144
64292,0.733731
97064,0.15912
23031,0.705312
6058,0.738648
108027,0.449834
26591,0.508147
117085,0.780687
80066,0.755205
61272,0.321717
89182,0.03817
115889,0.346154
114656,0.422824
112865,0.450136
581,0.069727
49692,0.989513
107401,0.703749
4203,0.688488
78286,0.732896
72847,0.165607
98255,0.671757
103733,0.186848
64888,0.320336
108028,0.607816
44267,0.679161
115890,0.348945
115891,0.048858
42430,0.907642
7848,0.824417
83131,0.474287
41173,0.936622
100680,0.842762
120766,0.127707
80067,0.004093
64889,0.499394
120767,0.171912
53992,0.460923
49693,0.386025
117669,0.489677
96461,0.688727
75847,0.59886
74067,0.632448
60053,0.222484
57574,0.876881
20012,0.104562
99494,0.067811
93435,0.899619
92195,0.068154
27180,0.809288
75240,0.27823
47941,0.878391
67945,0.163595
56986,0.678342
77674,0.948528
85594,0.622379
20657,0.006894
83737,0.432902
58195,0.37587
113468,0.825335
91570,0.597632
87985,0.524448
113467,0.442632
10865,0.233842
13857,0.326606
13858,0.68036
74664,0.486856
71004,0.496296
23608,0.852092
4204,0.625918
101904,0.805955
105553,0.841527
98885,0.666699
42431,0.342335
55223,0.973304
66135,0.917573
109233,0.671958
70415,0.970313
66136,0.967038
112274,0.050016
118297,0.9006
91571,0.402122
103734,0.94344
109234,0.181076
120768,0.186088
80690,0.550821
109235,0.425768
12068,0.782146
38763,0.027041
72221,0.405234
108647,0.861948
52745,0.046883
115286,0.015937
75848,0.947947
98256,0.47962
12661,0.936313
54609,0.503994
4205,0.54739
35653,0.791651
74665,0.384776
97065,0.454722
90960,0.249509
36914,0.785072
69175,0.668462
10233,0.306527
93436,0.205728
115287,0.858523
53374,0.564267
48526,0.261867
112866,0.340734
35654,0.08746
11464,0.683319
44268,0.657806
121386,0.407289
106782,0.527586
100074,0.848364
101290,0.279202
69798,0.358758
33253,0.039729
67946,0.723518
48527,0.439196
87986,0.7005
53993,0.258626
98886,0.864489
87396,0.400512
101905,0.90541
52746,0.450784
39977,0.351054
42432,0.581539
59446,0.624113
63677,0.136921
100681,0.757299
89183,0.186173
4842,0.84495
6059,0.075772
61890,0.087917
103130,0.167047
77675,0.819987
60054,0.879367
32063,0.178723
24201,0.359621
104935,0.678998
14498,0.449594
100682,0.865641
59447,0.259559
32064,0.620701
84361,0.751675
37544,0.605918
81318,0.916141
23032,0.110366
78866,0.753166
104318,0.72797
97654,0.240515
72848,0.844261
74068,0.85788
96462,0.93817
18803,0.974879
29630,0.073724
81939,0.989046
80068,0.234822
12662,0.649124
26592,0.571651
90347,0.010802
33839,0.703926
51551,0.433911
72849,0.135344
35655,0.016801
103131,0.837557
1826,0.38394
38764,0.095348
40572,0.9569
29631,0.896225
87987,0.580055
33254,0.837046
49694,0.108969
94673,0.643437
41802,0.878273
66137,0.8909
95282,0.7962
92816,0.170908
30857,0.010974
108648,0.202594
102519,0.446157
39978,0.402303
121387,0.008654
27780,0.633231
30858,0.808335
114069,0.665717
94048,0.490276
92817,0.519795
112275,0.637511
75241,0.348065
8437,0.496245
115288,0.244046
4206,0.042838
59448,0.773605
78287,0.798106
15089,0.804441
79487,0.481721
56393,0.913977
104936,0.051251
67947,0.713184
39979,0.559905
78288,0.664602
23609,0.565332
91572,0.599016
109837,0.963586
38765,0.003846
10866,0.443854
582,0.650718
71611,0.598468
69799,0.67926
67347,0.806383
101906,0.676652
97655,0.874849
77676,0.300078
1208,0.263931
53375,0.407301
96463,0.551351
45506,0.676293
82521,0.676231
39385,0.233006
114657,0.520634
107402,0.987944
91573,0.926058
56394,0.285835
120145,0.936397
27781,0.574785
36286,0.257096
30252,0.635342
99495,0.812946
38766,0.744139
66724,0.766407
13274,0.654084
43638,0.818155
6060,0.095194
71612,0.658733
13859,0.083534
74069,0.341961
111065,0.942554
60674,0.277945
113469,0.410788
24789,0.891046
52747,0.949354
83738,0.278131
43054,0.691578
15090,0.129318
19381,0.761762
63678,0.656607
7259,0.726688
111671,0.369969
11465,0.497387
42433,0.122286
58827,0.295957
101907,0.207592
9055,0.836531
43055,0.186333
89758,0.26583
111672,0.907384
44893,0.862058
35057,0.983869
49113,0.459458
59449,0.76646
108649,0.555145
12069,0.410441
20013,0.29411
1209,0.688457
96464,0.593991
13275,0.618058
1827,0.664364
109838,0.196153
57575,0.197375
22423,0.92311
24790,0.638358
95283,0.206976
90348,0.579795
5459,0.848451
60675,0.82897
44269,0.153685
45507,0.289964
77049,0.558372
50317,0.680604
26593,0.023631
95877,0.145718
9638,0.428049
12070,0.806527
74666,0.678277
86802,0.460939
60055,0.786533
25420,0.518038
113470,0.117635
53376,0.47528
19382,0.00206
112867,0.950777
44270,0.203527
4843,0.351696
120146,0.516743
38142,0.029271
75242,0.779606
6061,0.811543
27181,0.52775
44894,0.230743
49114,0.002859
1210,0.767626
118298,0.775496
78867,0.523399
108650,0.023843
6632,0.517265
46737,0.200935
118299,0.133569
53377,0.443922
60056,0.201827
35656,0.401162
90961,0.393972
61891,0.262795
106783,0.993049
36915,0.585734
92818,0.897068
35657,0.991052
1828,0.744107
77050,0.128958
100075,0.236883
105554,0.760472
92819,0.741972
55224,0.092691
13860,0.024379
76446,0.733205
87988,0.30631
4207,0.207392
46112,0.956375
7260,0.247232
70416,0.294264
108651,0.592768
67948,0.198987
58196,0.26605
7261,0.959493
3009,0.394779
38767,0.699516
64293,0.362993
29005,0.264083
75849,0.512924
63679,0.505263
111673,0.678277
78289,0.761312
119511,0.847814
111066,0.837862
95284,0.472226
15708,0.516289
77051,0.511201
71613,0.542245
104319,0.450243
66725,0.434169
6633,0.968871
78868,0.399129
90349,0.666607
69800,0.888668
65518,0.854993
30253,0.770956
66726,0.214988
43639,0.935483
39980,0.308187
32650,0.952864
115289,0.330346
95878,0.529693
70417,0.376273
66138,0.644649
74070,0.936156
33840,0.651165
52748,0.217286
63079,0.183037
84985,0.930822
55817,0.289237
22424,0.541
5460,0.379623
49115,0.367598
86803,0.843701
106784,0.745546
94674,0.678436
75850,0.04519
107403,0.166297
78290,0.359699
76447,0.360491
52146,0.387854
65519,0.624079
105555,0.937704
22425,0.805735
83132,0.031165
14499,0.480905
19383,0.312256
46738,0.035622
21234,0.652039
98887,0.109365
102520,0.73855
33255,0.069221
67949,0.506838
62463,0.588273
32651,0.600758
84362,0.748949
59450,0.53255
61892,0.740219
104320,0.763474
91574,0.969624
44895,0.330879
32652,0.516092
64890,0.084617
26594,0.361676
50919,0.352989
68559,0.05856
81940,0.362134
117086,0.109701
10234,0.623497
97656,0.321528
44271,0.859353
16936,0.475227
97066,0.955251
55225,0.961746
64294,0.792953
19384,0.456632
113471,0.862285
14500,0.489642
44896,0.65837
81941,0.294708
15091,0.819032
44897,0.424723
81319,0.997648
118910,0.149924
55818,0.202259
26595,0.363273
56395,0.552481
30254,0.252992
104321,0.280796
108652,0.003481
101291,0.009917
34454,0.671432
53994,0.741968
63680,0.236614
20659,0.762439
20658,0.021331
60676,0.18336
69176,0.643768
50318,0.834466
69801,0.346466
55819,0.629082
90962,0.202733
43640,0.324161
25421,0.278355
113472,0.706289
45508,0.822371
49695,0.924959
95879,0.76942
47942,0.130887
49696,0.481927
36916,0.40698
99496,0.735384
89759,0.001444
58197,0.026676
85595,0.039432
117087,0.18492
32653,0.90864
81320,0.541437
51552,0.864423
64295,0.226119
19385,0.459405
44272,0.960472
60678,0.346631
121388,0.846296
60677,0.943692
64891,0.332909
44898,0.101128
114658,0.219687
38144,0.176619
65520,0.850198
53378,0.310889
19386,0.333983
38143,0.901108
45509,0.685707
46739,0.211643
85596,0.44881
81321,0.44505
82522,0.48513
11466,0.024551
112276,0.77819
75851,0.522222
1211,0.465009
106167,0.471553
21235,0.052847
103735,0.036107
106785,0.450449
6062,0.143469
111067,0.776308
13276,0.588746
95285,0.103304
117088,0.601905
27182,0.671915
4208,0.30663
12071,0.506166
18804,0.656708
44899,0.2467
52147,0.660115
87397,0.177393
41803,0.402259
96465,0.979948
111068,0.829353
96466,0.243824
100076,0.430176
61273,0.35706
43641,0.762809
49116,0.368576
15709,0.200645
103736,0.598284
32654,0.316842
29632,0.931318
39981,0.424862
114659,0.037677
97657,0.654645
92196,0.977403
7849,0.093634
92820,0.415835
44900,0.983526
103132,0.385244
25422,0.926346
25423,0.884266
18805,0.276908
11467,0.556054
57576,0.057746
47353,0.694466
120147,0.374487
23610,0.263596
39982,0.951588
1829,0.829182
113473,0.99773
23033,0.360405
6634,0.358267
44273,0.129701
82523,0.030558
31483,0.367333
111069,0.500483
86218,0.154902
84986,0.175636
120769,0.390624
4209,0.14318
61274,0.866585
109236,0.727168
18189,0.324978
51553,0.67629
115290,0.859874
50319,0.377152
99497,0.85271
87989,0.961939
101292,0.353933
44901,0.340228
104323,0.632334
107404,0.189271
104322,0.085603
92197,0.777806
92198,0.651127
75243,0.196956
117089,0.256912
83739,0.06372
36917,0.762313
44902,0.764578
35058,0.43618
32655,0.157299
91575,0.102439
69177,0.985591
114070,0.477154
583,0.68827
93437,0.848817
69178,0.192222
106786,0.481644
3010,0.427914
55226,0.2667
42434,0.076834
86219,0.666849
36287,0.006738
87990,0.381478
41174,0.909139
31484,0.440989
5461,0.993354
100077,0.986252
112868,0.6495
29633,0.350444
43642,0.055171
117090,0.902332
18190,0.132647
118300,0.756508
93438,0.926411
21236,0.934319
44903,0.307309
39983,0.08961
114660,0.217229
110468,0.893327
13861,0.801807
61275,0.624729
105556,0.724789
7262,0.081242
49117,0.613927
67950,0.718441
79488,0.000286
69802,0.229933
57577,0.814324
84363,0.45927
57578,0.440476
62464,0.588918
97658,0.439119
109839,0.95757
24202,0.154163
92199,0.474724
77052,0.915115
98257,0.984402
18191,0.783157
41175,0.206203
106787,0.237174
112277,0.006734
89760,0.462176
105557,0.538033
56396,0.281302
97659,0.681046
23034,0.076677
30255,0.269581
61893,0.193277
104324,0.549079
105558,0.115989
115892,0.058188
18806,0.666157
63080,0.254594
81322,0.003608
3011,0.839956
35059,0.441794
38768,0.218265
26596,0.675167
48528,0.226675
112869,0.075129
38769,0.158844
1212,0.170649
115291,0.013725
33841,0.078894
74667,0.727931
118911,0.937567
69179,0.671545
101293,0.982717
108653,0.49536
75244,0.306841
118301,0.269646
62465,0.42798
117091,0.940166
35658,0.785225
10867,0.010651
50920,0.577269
7850,0.333562
1213,0.997136
94049,0.323355
30859,0.679666
77677,0.906112
117092,0.119167
52148,0.782671
56987,0.848089
90350,0.50709
14501,0.010961
57579,0.508141
106168,0.330404
1214,0.554132
52749,0.996806
32065,0.062128
3628,0.937962
101294,0.032538
15092,0.611121
72850,0.108452
7263,0.966901
87398,0.268134
95286,0.595909
64892,0.564424
61276,0.085447
69803,0.588135
82524,0.551967
96467,0.72618
109237,0.669089
37545,0.544239
104325,0.175055
63081,0.556666
75245,0.934226
82525,0.853197
120148,0.260209
13277,0.047683
77678,0.604026
58198,0.640198
112278,0.728923
55227,0.606664
50320,0.803505
106788,0.437854
30860,0.067283
95880,0.046378
68560,0.631902
42435,0.769965
9056,0.624219
84364,0.972019
57580,0.340573
72851,0.74743
48529,0.586927
10235,0.007758
4210,0.034663
48530,0.355206
64893,0.991393
93439,0.347044
97067,0.799613
24203,0.035812
43056,0.063212
74071,0.221957
18192,0.35027
44904,0.056283
7851,0.720669
6635,0.792546
89761,0.06301
9057,0.041714
116500,0.643278
116499,0.622899
105559,0.855563
98258,0.664053
15093,0.798127
108654,0.449322
29634,0.59905
15710,0.46054
72852,0.341724
61894,0.884318
71614,0.170443
80691,0.710481
96468,0.565736
13278,0.985078
39984,0.73422
24791,0.271515
84365,0.385862
93440,0.658693
29635,0.751947
43643,0.171879
8438,0.522785
12072,0.564944
16326,0.911451
55820,0.642954
119512,0.182304
9058,0.434878
86804,0.952606
111674,0.016056
92821,0.974208
96469,0.845096
71005,0.675957
29006,0.228972
118302,0.827084
120149,0.432108
28396,0.855039
21824,0.427695
21237,0.197337
108029,0.441525
101908,0.991586
40573,0.300203
61277,0.861259
97660,0.748962
16937,0.397535
66139,0.562091
18807,0.699289
108030,0.362283
53995,0.168902
61278,0.245088
59451,0.492259
55821,0.924239
115292,0.58784
41804,0.341984
52750,0.995637
46740,0.874409
91576,0.081632
98888,0.387173
107405,0.054718
52751,0.019423
97068,0.001051
96470,0.846064
9059,0.619548
62466,0.483804
30861,0.339065
30256,0.587985
66727,0.924668
74072,0.128979
101295,0.84431
61895,0.483625
97069,0.034497
95287,0.056535
22426,0.944829
43057,0.851708
90351,0.937691
117670,0.150047
2414,0.973967
29007,0.116738
21238,0.358355
20660,0.392669
75246,0.807536
32066,0.126259
80069,0.0021
109840,0.636785
41176,0.934415
118912,0.684655
16938,0.193791
14502,0.83689
30257,0.87589
82526,0.489617
24204,0.595444
24205,0.57552
9060,0.681566
43058,0.480666
94050,0.184502
25424,0.986834
80070,0.405995
101296,0.349394
79489,0.290355
60057,0.626996
51554,0.998904
97661,0.082166
59452,0.621173
5462,0.461048
42436,0.821184
33842,0.120988
56988,0.177463
10868,0.437644
15711,0.997365
73477,0.287965
35060,0.957524
26597,0.412732
92822,0.345578
76448,0.227837
89184,0.347748
30258,0.234986
111070,0.729875
47354,0.229662
50921,0.923688
95288,0.328861
17555,0.038858
35659,0.602746
20014,0.146487
43059,0.173167
118913,0.965568
69804,0.003109
96471,0.324789
108031,0.319151
115293,0.772059
103737,0.618448
97070,0.597138
58199,0.284223
3012,0.931758
56397,0.233374
92823,0.076657
109238,0.288362
13279,0.443364
46741,0.099282
90352,0.50983
88599,0.691298
56398,0.410048
54610,0.377257
25425,0.510866
101297,0.26402
63681,0.4034
106169,0.247235
52752,0.487762
53996,0.136341
19387,0.799647
84366,0.986668
31485,0.54078
46742,0.245653
63682,0.208625
24792,0.313882
13862,0.215647
103738,0.975329
23035,0.349839
83740,0.180044
2415,0.396667
18808,0.896371
95289,0.738027
23036,0.360938
53997,0.610686
1215,0.690285
26017,0.150701
30259,0.09844
36918,0.386557
103739,0.476107
21239,0.524872
69805,0.419319
60679,0.800527
53998,0.462724
84987,0.161316
112870,0.557903
111071,0.083801
9639,0.78343
38770,0.800139
42437,0.550504
83133,0.76059
61896,0.666639
4211,0.715662
117671,0.60572
86220,0.605692
41805,0.697275
113474,0.603803
80692,0.275242
117093,0.958761
119513,0.023778
89185,0.577452
118914,0.566994
90353,0.000627
22427,0.844433
6636,0.807474
73478,0.948365
80693,0.518214
96472,0.500814
15094,0.005457
69806,0.559736
49118,0.545365
115893,0.361394
65521,0.207802
41177,0.652686
15712,0.363565
83741,0.525695
47943,0.371456
20015,0.153354
89186,0.039047
56989,0.024631
55228,0.961062
47355,0.638968
22428,0.698736
11468,0.660872
9061,0.84403
14503,0.335662
98889,0.73745
37546,0.596761
6637,0.709453
31486,0.748164
83134,0.850788
47356,0.307272
86221,0.810637
69180,0.095779
78291,0.08161
56990,0.160645
99498,0.820707
91577,0.30827
15095,0.16607
21240,0.824919
35660,0.640786
1830,0.258813
44905,0.691739
63683,0.843369
73479,0.204973
27782,0.308794
35661,0.922038
98890,0.840843
36919,0.464687
74668,0.957318
106789,0.348977
58828,0.544975
80071,0.610407
30260,0.073916
52149,0.772447
111675,0.415141
18809,0.458891
112279,0.014641
63082,0.244677
76449,0.880548
44906,0.111821
78292,0.610768
32067,0.604015
52150,0.940136
44274,0.52315
12073,0.292547
86222,0.730478
50922,0.491944
78293,0.697327
90354,0.849102
109841,0.531163
32656,0.891848
115294,0.520457
26598,0.711997
6638,0.45785
39386,0.329428
77679,0.023465
63684,0.432735
72222,0.190394
67348,0.434395
67951,0.959775
100683,0.734787
62467,0.470082
40574,0.148705
111676,0.63811
104326,0.0936
46113,0.981303
117094,0.138858
102521,0.560359
38145,0.826387
71615,0.082411
46743,0.654379
13280,0.490841
82527,0.571631
119514,0.475779
111677,0.72836
3013,0.038761
115894,0.326725
48531,0.61478
62468,0.043163
14504,0.131636
28397,0.803726
57581,0.488
79490,0.536452
103133,0.452131
49119,0.094815
32068,0.081207
4844,0.539006
10869,0.859359
53379,0.529678
97071,0.880287
118915,0.688171
76450,0.717408
8439,0.28938
67952,0.050841
97072,0.318713
20016,0.064016
32069,0.490589
36288,0.444281
105560,0.736705
120770,0.709546
74073,0.047661
58829,0.421701
62469,0.994806
73480,0.04129
12663,0.547557
109842,0.457506
16327,0.778819
106790,0.35972
47944,0.652359
41806,0.393218
108655,0.635397
80694,0.339072
67953,0.356459
58830,0.647482
22429,0.744619
12664,0.423738
114661,0.351786
39387,0.508081
62470,0.366223
15713,0.180717
113475,0.4576
97662,0.169796
98259,0.324628
8440,0.980582
93441,0.072924
64894,0.854887
4845,0.474185
56399,0.430545
58200,0.871854
22430,0.777369
101298,0.855479
1831,0.709235
114071,0.517598
63685,0.631512
104937,0.340257
28398,0.516009
30862,0.899383
102522,0.677738
22431,0.670042
94675,0.768815
39388,0.501217
58201,0.941198
112280,0.754339
75247,0.592471
29636,0.98178
33256,0.853874
88600,0.845162
101909,0.233249
17557,0.069156
7264,0.398819
96473,0.515023
17556,0.896805
33843,0.714132
84988,0.015174
99499,0.35246
50923,0.597671
4212,0.416724
22432,0.66282
58831,0.126398
2416,0.220613
37547,0.289436
96474,0.353054
96475,0.863547
62471,0.990111
56400,0.020058
22433,0.41346
63686,0.439974
26599,0.568541
29008,0.62432
104327,0.998737
94676,0.187767
60058,0.272936
39985,0.122576
97663,0.439115
92824,0.211635
38146,0.806115
20017,0.356969
68561,0.050511
72223,0.6735
43060,0.493138
4846,0.429892
10870,0.743298
16939,0.993991
47945,0.89889
32070,0.259839
116501,0.982379
64296,0.091307
46114,0.088845
117095,0.053592
55229,0.932271
105561,0.046039
91578,0.195145
83742,0.99071
81323,0.970664
584,0.637716
49697,0.495513
105562,0.135728
39986,0.653382
67954,0.168332
102523,0.466644
116502,0.072685
58832,0.145459
5463,0.181499
75248,0.010721
83743,0.488417
41178,0.384096
12074,0.589691
119515,0.907038
47946,0.249807
114072,0.635433
43061,0.3402
12075,0.661617
78294,0.314678
29637,0.404735
49120,0.785392
105563,0.498063
12665,0.109181
13281,0.274404
101299,0.953445
121389,0.003433
92200,0.081616
4213,0.034912
91579,0.602046
10871,0.389197
112871,0.432331
43644,0.726782
86223,0.180015
53999,0.511027
80072,0.353615
94677,0.856257
116503,0.198257
109843,0.873992
64297,0.97201
88601,0.733718
4214,0.362844
3014,0.888096
99500,0.111322
13863,0.645656
47947,0.059145
5464,0.998933
90355,0.001236
49121,0.72033
106791,0.698813
59453,0.00079
87399,0.525935
108032,0.606479
87991,0.016033
52151,0.006398
114073,0.172767
50321,0.51802
39389,0.444411
55230,0.960439
23611,0.648694
109239,0.496587
103740,0.962523
107406,0.03648
40575,0.145243
43645,0.485703
94051,0.19068
107407,0.563906
11469,0.69844
25426,0.236311
101300,0.170815
72853,0.743788
74669,0.328851
13282,0.269811
38771,0.004324
87400,0.122138
95881,0.788495
100078,0.437998
55822,0.833004
70418,0.556251
10236,0.774942
103741,0.84244
10237,0.59144
86224,0.0351
13283,0.626481
2417,0.412605
108033,0.775826
47948,0.505007
112281,0.696507
64298,0.123358
26018,0.645633
58833,0.517219
99501,0.228215
61897,0.121422
92201,0.757346
51555,0.296162
15096,0.269112
91581,0.83817
83744,0.413481
91580,0.395799
71616,0.474462
96476,0.59902
107408,0.283583
29009,0.049958
4215,0.830635
45510,0.8643
73481,0.065874
15097,0.282499
114662,0.279119
61279,0.225309
104328,0.743627
9640,0.620573
3015,0.908188
80695,0.764022
111072,0.453817
10872,0.861865
2418,0.307675
18810,0.204845
58202,0.237242
114074,0.78829
102524,0.00657
56991,0.378789
4216,0.679741
96477,0.781663
40576,0.457128
113476,0.155296
32657,0.992318
23612,0.424696
94052,0.664711
71006,0.875904
65522,0.081113
39390,0.749206
117096,0.886389
78295,0.174767
104938,0.609337
8441,0.851164
51556,0.616526
117097,0.23236
47949,0.993758
28399,0.034238
97664,0.300693
46115,0.94171
36289,0.062422
44907,0.324055
76451,0.24421
50322,0.222878
4217,0.8113
44275,0.423048
70419,0.658311
60680,0.369202
12076,0.558247
95290,0.958741
71007,0.92246
46744,0.363369
111678,0.39039
39391,0.58563
115895,0.934341
79491,0.27499
39392,0.499092
68562,0.472726
77680,0.081055
33844,0.183311
110469,0.010029
23037,0.917911
93442,0.221613
72854,0.104791
79492,0.34359
46116,0.197067
114075,0.360007
70420,0.336022
106792,0.260472
9062,0.087063
112282,0.069315
84367,0.314808
22434,0.177422
98891,0.278377
53380,0.686141
65523,0.056738
30863,0.54845
100684,0.966292
21825,0.610151
104939,0.179167
109240,0.608634
61280,0.685041
91582,0.678721
62472,0.178815
67955,0.714558
110470,0.809086
113477,0.150012
95291,0.482172
80073,0.616507
89762,0.293871
68563,0.116799
77681,0.251688
49698,0.68558
105564,0.405815
66728,0.228993
55823,0.527139
100685,0.854125
73482,0.643303
76452,0.410305
80696,0.231993
86805,0.023764
15098,0.887164
116504,0.195139
26019,0.528795
87401,0.946998
115295,0.493056
69807,0.692581
61281,0.04241
74670,0.665102
121390,0.326942
47950,0.844861
78869,0.20338
43062,0.124146
16328,0.404259
80074,0.430174
38147,0.592352
92202,0.759077
74074,0.78929
59454,0.709289
26600,0.346579
92825,0.473683
36920,0.129319
120150,0.800727
9063,0.108696
43646,0.483478
33845,0.855412
86225,0.700086
47951,0.888908
52152,0.366246
115896,0.549507
116505,0.093321
104940,0.552089
105565,0.480749
16940,0.638718
76453,0.846548
94053,0.623167
115296,0.118404
52753,0.142588
89763,0.474732
58203,0.802904
46745,0.531634
26601,0.932542
82528,0.191751
80075,0.290837
27183,0.259883
46117,0.927373
120151,0.790392
28400,0.847819
88602,0.319385
63083,0.089565
79493,0.827388
83135,0.159877
55824,0.431824
51557,0.724485
98260,0.442976
20661,0.035637
68564,0.750196
59455,0.206337
110471,0.639725
3629,0.221153
55825,0.482509
64299,0.49963
15099,0.161449
73483,0.233429
77053,0.891235
38148,0.132662
23614,0.15929
23613,0.481792
31487,0.282531
1216,0.509184
68565,0.923825
17558,0.784455
106170,0.092897
114076,0.870036
58834,0.222169
62473,0.390749
94678,0.638478
48532,0.737973
41807,0.655506
56992,0.409087
30864,0.811619
72224,0.699977
47952,0.241954
112283,0.933037
90963,0.621615
11470,0.864816
10873,0.65013
54611,0.487579
76454,0.470964
17559,0.686687
58204,0.050785
88603,0.69743
111679,0.690982
70421,0.55837
76455,0.622132
585,0.479205
44908,0.884366
28401,0.591685
79494,0.007285
86806,0.966944
72855,0.682247
81324,0.082196
46118,0.496245
83136,0.809949
53381,0.469882
64895,0.327364
92203,0.982681
69181,0.288105
38772,0.564156
114663,0.119343
90964,0.330927
51558,0.454584
63084,0.851495
109241,0.384621
111680,0.740275
53382,0.765014
82529,0.642048
58835,0.924661
44276,0.712647
44909,0.476861
43063,0.573313
93443,0.704734
109242,0.678528
60059,0.952298
67349,0.912498
65524,0.267761
71008,0.852615
39987,0.565393
43064,0.182163
41179,0.868171
63085,0.962897
114664,0.640332
13284,0.528988
20018,0.026283
92826,0.455204
38149,0.237076
71009,0.893586
60060,0.645481
105566,0.133212
101910,0.515549
65526,0.903025
41808,0.457123
30865,0.091554
6063,0.398081
65525,0.2684
28402,0.091005
84368,0.660047
31488,0.882029
22435,0.99332
24793,0.085533
2419,0.711385
67350,0.645051
85597,0.447315
98892,0.551812
73484,0.422429
120771,0.914857
48533,0.653088
84369,0.622103
79495,0.610824
18193,0.412598
87992,0.485106
53383,0.552617
46119,0.683731
89187,0.441587
56993,0.390889
20662,0.898173
74671,0.60536
69808,0.636148
32658,0.856009
78870,0.51713
85598,0.755677
30261,0.869827
93444,0.683324
101301,0.675714
117672,0.576487
33257,0.8866
14505,0.809591
9641,0.188695
25427,0.956236
40577,0.3343
15100,0.08083
87402,0.74241
87403,0.477641
99502,0.224875
36290,0.613892
64300,0.806071
115297,0.49525
64301,0.591699
39988,0.445906
55826,0.997241
75852,0.152111
95292,0.254998
97665,0.564537
23615,0.462283
109844,0.764343
57582,0.433881
92204,0.77239
114665,0.490012
78871,0.105567
10874,0.813575
92827,0.153984
21826,0.053444
35061,0.797773
69809,0.448896
52754,0.512689
61282,0.069843
46120,0.311333
21827,0.653735
18811,0.728505
94679,0.201169
1217,0.581301
20663,0.704388
51559,0.268112
3630,0.336173
42438,0.423992
72856,0.803989
45511,0.114447
120153,0.033572
47953,0.885843
95293,0.075832
120152,0.764706
12666,0.186692
8442,0.638928
83137,0.836
57583,0.019063
76456,0.712885
83745,0.246568
50323,0.700533
12667,0.069118
106171,0.557453
26602,0.345417
46121,0.824765
120154,0.709612
95294,0.235069
98893,0.192823
95882,0.230261
100079,0.880389
115298,0.931053
7852,0.059877
113478,0.957758
43065,0.448683
109243,0.791828
96478,0.490987
26020,0.47587
100080,0.988491
27184,0.141996
9643,0.840741
9642,0.99437
105567,0.647899
80697,0.707183
22436,0.294685
120155,0.969727
2420,0.189793
64302,0.074044
10238,0.248107
60681,0.866471
45512,0.451238
27185,0.22299
46746,0.642802
20664,0.247514
114666,0.484791
67956,0.201023
103134,0.300187
54000,0.196939
20665,0.617633
60682,0.222916
52153,0.996459
30866,0.893552
2421,0.471857
103135,0.810697
39393,0.527475
94054,0.765874
101911,0.946462
36921,0.638472
38150,0.932331
27783,0.171692
93445,0.778651
21241,0.372368
59456,0.680422
4218,0.376413
75249,0.168491
33258,0.92058
87993,0.113471
3631,0.83284
103136,0.071808
33259,0.995619
97666,0.450537
4847,0.537308
44910,0.851487
90356,0.485808
103742,0.121873
98261,0.546186
16941,0.926535
110472,0.501755
78872,0.064091
39989,0.520821
80698,0.603441
49699,0.81382
7853,0.608956
72857,0.933937
30867,0.191844
24206,0.750018
586,0.881769
3632,0.224691
32659,0.834643
26021,0.649769
56994,0.915199
18194,0.332762
59457,0.124344
46747,0.79973
70422,0.69337
97073,0.330137
87994,0.793397
92828,0.043253
4219,0.917896
52154,0.610677
52155,0.653768
90357,0.926314
29010,0.897018
10875,0.83879
83746,0.866569
60683,0.760763
95883,0.355467
114667,0.438046
48534,0.615305
10239,0.929997
119516,0.759392
69810,0.092206
61283,0.605268
121391,0.620774
70423,0.04749
77682,0.033086
50924,0.509227
78296,0.252161
3016,0.684465
72225,0.862599
107409,0.693908
10240,0.440499
49122,0.089427
71617,0.974504
95884,0.144032
49700,0.610838
69182,0.761148
8443,0.451672
50324,0.572161
38151,0.015877
96479,0.236496
68566,0.493198
6639,0.675418
63086,0.353267
114077,0.919672
95295,0.769572
101912,0.40577
35662,0.314666
60061,0.03164
52156,0.653422
63687,0.24873
8444,0.922893
66729,0.484405
7265,0.359459
102525,0.128198
111073,0.927742
6640,0.472809
121392,0.658872
120772,0.410098
13285,0.453112
54001,0.049708
84989,0.979344
46748,0.238917
43066,0.943859
112284,0.677935
87995,0.824452
35062,0.724437
114078,0.565926
94055,0.030947
104329,0.511469
51560,0.469503
68567,0.110125
67351,0.515569
68568,0.460937
83747,0.798421
109845,0.192084
108656,0.359056
77054,0.525532
106793,0.66478
73485,0.725143
119517,0.396752
60062,0.662862
67957,0.783394
82530,0.921811
83138,0.13065
84990,0.767238
46749,0.613482
75853,0.100571
55231,0.723877
20666,0.105834
99503,0.163518
59458,0.822751
69183,0.493732
74075,0.606244
11471,0.709732
111074,0.726898
101913,0.579812
16329,0.923886
52755,0.968766
66140,0.845529
72226,0.416414
38152,0.767431
92205,0.819175
116506,0.933911
101914,0.285349
112285,0.915578
43647,0.466373
42439,0.622494
104941,0.170145
96480,0.719382
38773,0.496107
112872,0.579898
92206,0.392441
13864,0.493839
78297,0.709922
115299,0.426475
87996,0.841764
88604,0.820153
63087,0.431174
43648,0.950489
75250,0.542109
100081,0.009942
24794,0.099107
108034,0.72332
53384,0.83737
35663,0.046337
89188,0.342662
82531,0.023301
10241,0.931236
38774,0.877404
113479,0.594167
48535,0.179287
82532,0.528527
118916,0.980177
120773,0.627469
111075,0.201268
98262,0.499075
57584,0.49746
3633,0.149554
7854,0.350318
77055,0.634764
118303,0.059198
20019,0.684005
103743,0.393688
70424,0.138022
71010,0.665774
54002,0.777108
43649,0.442717
33260,0.552859
92829,0.291888
112286,0.378701
120156,0.64388
117673,0.153082
107410,0.863148
4220,0.796953
32660,0.072709
114079,0.055502
41180,0.053303
107411,0.020115
87997,0.070948
103744,0.636095
109846,0.890423
110473,0.364015
83139,0.739589
50925,0.316244
18195,0.142593
21242,0.340733
98894,0.83569
36922,0.164179
60684,0.687098
50926,0.336305
51561,0.306661
39990,0.379234
83748,0.523962
112873,0.40931
95885,0.708746
3017,0.495511
83749,0.733529
52756,0.323674
73486,0.526968
100082,0.764766
45513,0.52712
30868,0.436401
12077,0.868704
43650,0.614917
27784,0.677066
118304,0.64139
67352,0.603272
60063,0.669644
101302,0.176234
66730,0.842246
6641,0.991704
111076,0.545329
60685,0.719117
72227,0.466162
10876,0.367782
51562,0.609778
71011,0.247989
121393,0.675013
115897,0.89406
30869,0.801229
58205,0.520498
103745,0.510131
55232,0.872729
55827,0.746855
18812,0.996665
103137,0.47077
64896,0.135631
64303,0.846037
82533,0.370159
120157,0.974268
6064,0.126464
57585,0.356086
52757,0.61515
67958,0.736343
6642,0.450735
9644,0.987023
66731,0.914345
91583,0.378308
9064,0.555391
38153,0.149942
120774,0.015651
5465,0.774698
114668,0.667804
95296,0.656368
32071,0.447597
54612,0.719027
41809,0.967371
32661,0.296474
71618,0.656662
94056,0.740722
101915,0.46402
35063,0.643514
100083,0.154366
14506,0.469549
32072,0.701655
108035,0.357398
90358,0.727253
94057,0.79604
105568,0.433948
32662,0.79003
50927,0.843465
47357,0.878569
34455,0.074617
40578,0.45854
119518,0.092267
69811,0.386066
32073,0.920101
10877,0.680099
86807,0.214999
36923,0.457463
27186,0.310521
20020,0.774549
115898,0.573016
66141,0.046745
83750,0.104136
4848,0.981409
101916,0.375978
41181,0.763642
101303,0.472194
16330,0.125827
98895,0.526728
79496,0.453705
57586,0.55217
14507,0.550099
32663,0.058075
9065,0.773336
105569,0.289882
104942,0.10115
101917,0.223787
24795,0.921268
44277,0.785394
115300,0.585963
92830,0.922672
42440,0.851854
1218,0.230326
84991,0.951114
6065,0.319548
22437,0.382423
30870,0.28335
36291,0.925775
120775,0.751759
52157,0.876229
26603,0.204011
24796,0.160261
45514,0.818124
43067,0.334507
69184,0.681887
4849,0.131984
587,0.063196
73487,0.647107
10242,0.98217
97667,0.919248
52758,0.709166
83751,0.035895
64897,0.254271
119519,0.826624
22438,0.895263
17560,0.847604
38775,0.354823
47954,0.467799
115301,0.902291
31489,0.537376
27187,0.430766
101304,0.329402
24797,0.661568
26022,0.548721
107412,0.134583
114669,0.333197
36924,0.48291
26604,0.404236
20021,0.895037
13865,0.101886
44911,0.778782
44278,0.613631
30871,0.406492
41810,0.651215
56401,0.270894
58836,0.848105
115899,0.739427
53385,0.954577
94680,0.82109
65527,0.055497
32074,0.251961
63688,0.658792
49123,0.297188
82534,0.469401
56402,0.035909
31490,0.216499
63689,0.703947
6643,0.399601
98896,0.784214
121394,0.540037
71012,0.827098
94058,0.05991
23038,0.95919
74076,0.089384
23616,0.556291
52759,0.05444
1832,0.918873
94059,0.062638
16942,0.124422
63088,0.599741
30872,0.795625
69812,0.311467
78873,0.068705
92831,0.435592
40579,0.631101
83140,0.711649
9645,0.749893
58206,0.377871
10243,0.275271
588,0.893058
99504,0.060662
24798,0.508411
71013,0.936649
6066,0.904375
103746,0.346481
43068,0.146202
54613,0.206657
109847,0.662724
89764,0.359781
7266,0.957893
109244,0.090564
108657,0.77401
68569,0.700895
93446,0.174072
48536,0.256522
90359,0.183
1833,0.899426
103138,0.330674
77683,0.876224
46750,0.676314
47358,0.504547
22439,0.026849
22440,0.729454
78874,0.353009
81942,0.170527
100084,0.654771
37548,0.199234
5466,0.871613
36925,0.16215
52760,0.943693
98263,0.555668
120776,0.238568
54614,0.30536
79497,0.500747
42441,0.625259
56995,0.579354
20022,0.993804
33846,0.400221
37549,0.548124
60686,0.532943
55233,0.057038
31491,0.773073
108658,0.496307
27785,0.858267
75854,0.55233
15714,0.976252
20023,0.600007
115900,0.004415
90965,0.067729
60687,0.944212
81325,0.434092
80699,0.956934
35664,0.362068
20667,0.557322
24207,0.53338
19388,0.911608
58207,0.071764
78298,0.536611
117674,0.964098
62474,0.749049
74077,0.144094
10878,0.05383
50928,0.023117
50325,0.499124
24799,0.477703
28403,0.704293
70425,0.986581
78875,0.093376
100686,0.410707
49701,0.353484
57587,0.653501
35064,0.911468
107413,0.420966
32664,0.846966
52761,0.878966
38154,0.500371
32075,0.562327
54615,0.474031
2422,0.004933
89765,0.501376
97074,0.822091
107414,0.916576
21828,0.593809
66732,0.95878
58208,0.231858
55234,0.832484
90360,0.821018
84992,0.884948
66733,0.123956
75855,0.320591
1219,0.070582
92832,0.723711
4221,0.590046
119520,0.447007
21243,0.891086
22441,0.187954
9646,0.356417
60688,0.793602
99505,0.334713
111681,0.717492
120777,0.067273
34456,0.34461
115302,0.18273
12078,0.05515
58837,0.96886
35065,0.080882
56403,0.253882
112874,0.300856
20024,0.412207
115303,0.38038
47955,0.930653
71014,0.712321
113480,0.694117
44279,0.7928
13866,0.136027
113481,0.385385
78876,0.165389
100687,0.461103
68570,0.385361
6067,0.050271
98264,0.621946
118917,0.437395
100688,0.941412
35665,0.184024
21244,0.232921
7267,0.360606
1834,0.715562
121395,0.731399
1835,0.385586
29638,0.569523
97075,0.611454
99506,0.929138
87404,0.458993
33847,0.457588
120158,0.752442
49124,0.115797
79498,0.740092
64898,0.17972
36292,0.35063
113482,0.101068
1836,0.16783
23617,0.484973
88605,0.906162
63089,0.077271
16331,0.304664
64304,0.32482
31492,0.920624
26023,0.658153
45515,0.230153
102526,0.46272
54003,0.411859
51563,0.959818
98265,0.628665
78877,0.293656
71619,0.069599
36926,0.962234
41811,0.039109
68571,0.020111
59459,0.994109
29011,0.916521
87998,0.027519
51564,0.790131
20025,0.886442
39991,0.426025
48537,0.054843
29012,0.862178
29013,0.836894
88606,0.772987
96481,0.479418
67353,0.192774
44280,0.786893
81326,0.51411
32076,0.805234
19389,0.297854
94681,0.738886
31493,0.171032
121396,0.940625
51565,0.579112
73488,0.250546
13867,0.214746
37550,0.11418
6644,0.415411
29639,0.475906
28404,0.693067
89766,0.867456
59460,0.493805
50326,0.324126
92207,0.810053
120159,0.710617
106172,0.628614
37551,0.68187
94682,0.503254
1837,0.419469
95297,0.18733
61284,0.995937
13286,0.024144
79499,0.058029
109245,0.776247
27188,0.356887
33848,0.21615
43069,0.711714
53386,0.976358
72858,0.419516
13287,0.987321
108659,0.84239
41182,0.972162
35066,0.410903
53387,0.304215
119521,0.986638
97668,0.113365
21245,0.484456
38776,0.5734
52158,0.898412
67354,0.679046
106794,0.485186
116507,0.334032
38777,0.35023
114080,0.142189
60064,0.692604
38778,0.548269
97076,0.555134
1838,0.639973
55828,0.878104
119522,0.57651
98266,0.837954
61898,0.972496
12668,0.496379
3634,0.270915
68572,0.91159
116508,0.385357
59461,0.357276
116509,0.990291
49702,0.453933
83141,0.432983
7855,0.713021
19390,0.450893
3635,0.137041
30873,0.707481
72859,0.572272
85599,0.395537
118918,0.997571
89189,0.110303
93447,0.179782
18196,0.63261
110474,0.075463
11472,0.48919
113483,0.172736
100085,0.98989
16943,0.169781
25428,0.622114
93448,0.41464
3018,0.216668
79500,0.075559
55235,0.393337
44912,0.609765
16332,0.204435
35666,0.677107
10244,0.99574
78299,0.822922
101918,0.955546
105570,0.241477
34457,0.372276
103747,0.36639
113484,0.354886
100086,0.601731
59462,0.362946
13868,0.281675
84993,0.787802
104330,0.349327
95886,0.837291
13288,0.124534
44913,0.870876
103748,0.057851
86226,0.455284
50327,0.730391
95298,0.941584
24800,0.564319
13289,0.113091
26605,0.424715
90966,0.084705
89767,0.624644
21829,0.405801
64899,0.650125
54616,0.090948
39394,0.829244
109848,0.305144
121397,0.903029
95887,0.902054
6645,0.564496
19391,0.930896
4222,0.957645
115901,0.023964
27786,0.948475
65528,0.649913
73489,0.581846
118305,0.755394
63090,0.842824
91584,0.323501
32665,0.664804
29640,0.333705
39395,0.536064
100689,0.128367
100690,0.377798
104331,0.433914
28405,0.494773
50328,0.088558
97077,0.841333
109246,0.906198
52762,0.369819
58209,0.068072
41812,0.557205
15715,0.560851
99507,0.395174
112875,0.00055
80700,0.541336
83752,0.105314
20668,0.49902
106795,0.309401
114670,0.290452
46751,0.953684
20026,0.418205
54617,0.136563
30874,0.869979
52763,0.182337
37552,0.777958
16333,0.261384
33261,0.177918
22442,0.144679
29641,0.729667
12669,0.887034
10879,0.490218
23618,0.929003
75251,0.207442
7856,0.70026
105571,0.399939
71015,0.840675
81943,0.7676
92208,0.598597
72860,0.484305
40580,0.844112
18197,0.04652
121398,0.013977
25429,0.581081
114081,0.209235
108660,0.795369
84370,0.388005
71016,0.251309
100087,0.255948
67355,0.05591
29642,0.935079
44914,0.49518
29014,0.320237
10245,0.280521
10880,0.083048
95299,0.776727
17561,0.890975
120778,0.760038
43070,0.611867
50329,0.08098
98267,0.513917
13290,0.115495
55829,0.243003
50330,0.719436
97078,0.723647
82535,0.504422
13869,0.946025
27189,0.803756
73490,0.352311
103139,0.61856
9066,0.458833
49703,0.342689
60689,0.349796
86227,0.937079
54004,0.235222
94060,0.988086
7857,0.108906
91585,0.899565
16334,0.79056
74078,0.590206
35667,0.765487
3636,0.833557
80076,0.75186
25430,0.40338
84994,0.404007
11473,0.42269
115304,0.321972
62475,0.019825
42442,0.706376
98268,0.44092
60690,0.915373
74672,0.384182
91586,0.87684
67356,0.624853
9067,0.46204
78300,0.235037
2423,0.370329
54618,0.897811
27787,0.652789
96482,0.660263
5467,0.801983
97669,0.624367
117675,0.524798
16335,0.308854
96483,0.546781
589,0.728688
4223,0.921362
1839,0.538175
67959,0.682393
88607,0.355948
16944,0.17912
81944,0.707438
109247,0.005859
67357,0.603772
2424,0.989652
101305,0.28519
100691,0.259781
90967,0.212388
30875,0.993218
74079,0.850898
74673,0.756215
39396,0.910021
39397,0.326444
98269,0.73003
4224,0.054194
84995,0.817894
65529,0.631827
3019,0.066823
75856,0.057715
1840,0.407432
12670,0.658707
39992,0.984627
52159,0.251394
88608,0.049791
81945,0.662244
12079,0.952639
95888,0.98918
71620,0.572876
35668,0.2337
27788,0.72138
114082,0.498566
67960,0.186773
117098,0.328816
590,0.040958
107415,0.069804
43651,0.30877
102527,0.156561
46122,0.170563
66734,0.097467
64305,0.746426
22443,0.48355
4225,0.354149
30876,0.301097
112287,0.746604
88609,0.696543
58838,0.810445
16945,0.417791
37553,0.220413
62476,0.335325
76457,0.320085
92833,0.520346
29643,0.642622
103749,0.499865
12671,0.245843
106796,0.110643
30877,0.22067
58210,0.355718
87999,0.223447
72861,0.720277
35669,0.54933
81327,0.560528
61899,0.634847
120779,0.749982
110475,0.064402
100692,0.058902
34458,0.896372
8445,0.488001
30262,0.345308
35670,0.270726
22444,0.332705
52160,0.047345
119523,0.024855
120780,0.318945
29644,0.777489
118306,0.306932
52161,0.629172
108036,0.756529
19392,0.531072
95300,0.428027
59463,0.316695
64900,0.568259
30263,0.484356
73491,0.470757
54005,0.684211
81328,0.757615
120160,0.603458
43652,0.380204
121399,0.263214
70426,0.982465
3637,0.985236
107416,0.873719
591,0.447994
71017,0.321383
71621,0.477823
2425,0.690425
102528,0.83594
35067,0.636991
21830,0.938575
49704,0.603013
54006,0.490898
24801,0.281522
72862,0.861638
18813,0.715575
112288,0.485459
91587,0.167625
74674,0.157262
69813,0.098087
6646,0.445161
106797,0.015042
75252,0.997105
48538,0.550971
39398,0.630943
23619,0.767848
29015,0.345901
102529,0.054163
17562,0.528599
77684,0.6753
43653,0.76212
69185,0.611026
94061,0.469383
13291,0.73553
75857,0.151255
6068,0.3703
26024,0.881818
22445,0.809326
101919,0.312238
30878,0.324644
81946,0.90053
109248,0.087471
52764,0.492076
106798,0.347283
28406,0.427605
73492,0.630785
89768,0.201918
15716,0.081454
11474,0.602674
6069,0.930113
114671,0.460887
11475,0.603461
74080,0.011757
4226,0.408031
69186,0.754808
97079,0.803582
50331,0.728646
43654,0.831405
67961,0.370102
71018,0.77536
85600,0.71622
31494,0.469322
7268,0.443868
1220,0.874364
47957,0.453044
90968,0.499893
47956,0.841045
43071,0.316982
92209,0.795906
67962,0.259262
90361,0.221807
117676,0.767263
38155,0.1995
27789,0.128129
44281,0.537182
63091,0.827415
13870,0.739506
66142,0.159446
81329,0.435101
109249,0.048235
60691,0.417265
103750,0.275547
53388,0.904809
117099,0.583258
46752,0.769577
7858,0.587505
98270,0.095056
87405,0.468229
27790,0.974945
74081,0.230995
38779,0.667904
7269,0.17816
89190,0.041949
54007,0.79425
23039,0.853768
108037,0.013047
20027,0.41787
45516,0.187215
72863,0.631854
22446,0.162942
95301,0.889126
86808,0.590503
23620,0.658751
24802,0.975774
8446,0.279808
84371,0.196464
74675,0.605686
36927,0.397907
117677,0.574809
106173,0.09965
28407,0.024799
43072,0.895796
84372,0.299382
41813,0.517667
35068,0.168998
114083,0.808601
86228,0.332809
111077,0.191273
3638,0.360041
69814,0.616892
60065,0.570535
108038,0.039892
4227,0.963155
86809,0.398761
55830,0.15217
41814,0.426459
29016,0.71729
105572,0.498688
118307,0.736619
108039,0.42471
97670,0.58025
9647,0.71022
79501,0.566535
95889,0.069518
1221,0.814188
3020,0.710813
96484,0.960125
83142,0.430051
109849,0.462735
29017,0.039833
15717,0.873126
3021,0.69354
91588,0.130897
84373,0.295547
7859,0.949751
80701,0.24344
110476,0.45717
13292,0.283829
61900,0.67911
114084,0.273703
103140,0.097813
56996,0.194349
111682,0.250749
83753,0.839458
19393,0.669139
9068,0.172486
93449,0.713042
42443,0.779012
58211,0.470096
27190,0.223127
98271,0.378022
83143,0.941156
52765,0.243395
38780,0.78318
110477,0.553157
87406,0.933221
12672,0.94342
110478,0.988227
60692,0.719117
10246,0.462209
109250,0.673721
45517,0.247784
94062,0.331676
7860,0.863282
121400,0.174148
75253,0.852701
15101,0.520409
22447,0.997439
72228,0.485717
107417,0.101402
81330,0.446752
39399,0.355799
79502,0.674437
112876,0.349146
71019,0.560387
35671,0.528649
78301,0.612144
63690,0.852718
20028,0.778369
23621,0.524407
3639,0.233368
16946,0.616354
37554,0.777749
4850,0.947738
117678,0.479479
12673,0.61869
71622,0.642693
47958,0.242766
6070,0.906843
83754,0.545772
9069,0.071088
74082,0.354628
24803,0.678876
101306,0.105833
52766,0.953315
66735,0.937395
27791,0.949129
98272,0.729601
95890,0.800603
52162,0.184755
92210,0.225346
60066,0.566902
101307,0.32021
95891,0.064572
59464,0.823454
118919,0.979212
7861,0.53552
68573,0.64288
115305,0.429094
107418,0.047262
60067,0.473495
77685,0.487972
80702,0.99235
43655,0.415434
77056,0.195744
115902,0.227567
59465,0.962204
118308,0.522478
111683,0.234941
74083,0.99764
108040,0.024817
54008,0.264488
86229,0.83579
106174,0.340327
101308,0.565632
31495,0.100206
72864,0.197583
15718,0.64476
1222,0.290617
83144,0.2791
592,0.419025
60693,0.263742
42444,0.173312
72865,0.655111
22448,0.421549
120781,0.327277
43656,0.402722
95892,0.818462
120782,0.260391
109251,0.826662
91589,0.289844
84374,0.40661
99508,0.977586
17563,0.347686
66736,0.870405
94683,0.911003
47359,0.285451
18198,0.101614
4228,0.758277
120783,0.781975
112877,0.054107
25431,0.579852
52767,0.342091
56997,0.780263
80077,0.64379
120784,0.237236
37555,0.118892
12674,0.016076
24804,0.812398
21831,0.85385
90969,0.473828
73493,0.815556
97080,0.451226
108661,0.789303
9070,0.566073
54619,0.401789
56998,0.045098
70427,0.304747
101920,0.859455
1841,0.574849
65530,0.640384
3640,0.422704
51566,0.343331
106799,0.895788
50929,0.798801
94063,0.438585
104943,0.451039
98897,0.798714
98898,0.308419
64306,0.271313
35069,0.984436
96485,0.395113
104944,0.113911
32666,0.873061
72866,0.724537
56999,0.446592
41183,0.040658
26025,0.358808
35070,0.920471
32077,0.993583
85601,0.658294
103141,0.404167
36293,0.569085
54009,0.478227
121401,0.999533
38781,0.25252
84996,0.456342
50930,0.345989
59466,0.20831
93450,0.406449
46123,0.513548
10247,0.234729
111684,0.057316
105573,0.722482
23040,0.562761
27191,0.048386
4851,0.281982
9071,0.387456
46124,0.286039
80078,0.262516
63691,0.861976
85602,0.394333
90970,0.246714
92211,0.583933
81331,0.241495
37556,0.207029
99509,0.022886
51567,0.891573
14508,0.638921
97671,0.512881
24208,0.342041
107419,0.638595
75858,0.864529
103751,0.744939
7862,0.012263
39400,0.152609
101309,0.62847
116510,0.610526
94064,0.339459
30264,0.757143
65531,0.099171
47360,0.339593
64307,0.72525
90971,0.284334
38782,0.436883
114085,0.405489
64901,0.176076
79503,0.317676
18199,0.907593
40581,0.598534
78302,0.01003
1223,0.332515
26606,0.816038
47361,0.447064
55236,0.165722
102530,0.260811
88610,0.189676
94065,0.838942
23622,0.334538
7863,0.014644
110479,0.457613
39993,0.003819
1224,0.0964
15102,0.838276
91590,0.289168
118920,0.672311
71020,0.543671
9648,0.849674
68574,0.673284
63092,0.668863
91591,0.82731
64308,0.868392
110480,0.111534
108041,0.671375
92834,0.738104
58212,0.212711
87407,0.819773
46125,0.467265
57588,0.138441
26026,0.569716
71623,0.779366
97672,0.68767
97081,0.926466
94066,0.994038
41815,0.740346
117100,0.145596
88611,0.933382
66143,0.995262
118921,0.743727
80079,0.012755
69187,0.921171
100693,0.930792
2426,0.120942
86230,0.86176
21246,0.980503
98899,0.232797
15103,0.335909
35071,0.974414
3641,0.121068
17564,0.501188
69815,0.218757
35072,0.68447
93451,0.269176
64309,0.879385
90972,0.625319
7864,0.819634
64902,0.578485
84375,0.526911
54620,0.252459
3642,0.559124
60068,0.311757
114672,0.783823
52163,0.45467
3022,0.574545
99510,0.018296
18814,0.633108
17565,0.602209
81332,0.165083
114673,0.415235
27792,0.846899
110481,0.705427
76458,0.055442
102531,0.03528
53389,0.000377
66737,0.619589
72229,0.113304
99511,0.855737
100088,0.895087
94684,0.420458
64310,0.629665
117101,0.145569
63692,0.383166
114086,0.886154
47959,0.512129
73494,0.247717
4229,0.604467
95302,0.292103
72867,0.514464
91592,0.995785
16336,0.971551
88000,0.27009
69188,0.903117
2427,0.033612
99512,0.549106
23623,0.178079
6647,0.612236
19394,0.207979
1842,0.759049
90362,0.40112
86810,0.762875
16337,0.964067
55237,0.34781
43657,0.745691
62477,0.867547
51568,0.671012
2428,0.393103
92212,0.489178
12080,0.12411
50931,0.501993
69189,0.214188
32078,0.774025
89769,0.639026
98273,0.15555
7270,0.520983
50332,0.650907
89191,0.99001
118922,0.270499
82536,0.448674
6071,0.12551
88001,0.255598
46753,0.744817
114087,0.032438
32079,0.437434
92835,0.618283
34459,0.057008
114088,0.004782
15104,0.515756
2429,0.099126
116511,0.376503
61285,0.07043
46754,0.532247
86231,0.054889
83145,0.059449
14509,0.206639
103142,0.092435
112289,0.908738
63093,0.604097
23624,0.104834
41816,0.651513
33849,0.99849
35672,0.915743
67963,0.692933
95893,0.583292
77686,0.761434
106800,0.950446
101310,0.387474
55831,0.626319
46755,0.29201
49705,0.571837
103143,0.916645
28408,0.797946
109850,0.479971
72230,0.561191
118923,0.251723
21247,0.059072
16338,0.311021
72868,0.281816
89770,0.607606
38783,0.21413
90973,0.562932
6072,0.522796
43658,0.692806
38156,0.58212
29645,0.444332
88002,0.996245
36294,0.412306
110482,0.215745
59467,0.286958
101921,0.994832
22449,0.013076
5468,0.954585
44282,0.177231
26607,0.713182
84376,0.421859
84997,0.926926
67358,0.026745
33262,0.723287
4852,0.870672
22450,0.76386
84998,0.631139
121402,0.568792
75859,0.921857
90974,0.096567
72869,0.167439
21248,0.657375
117102,0.368862
61286,0.058351
101922,0.591597
40582,0.657976
25432,0.159429
99513,0.779958
65532,0.707402
58213,0.065598
117679,0.244675
84999,0.935349
100089,0.426381
89771,0.550205
114089,0.098678
78303,0.391786
53390,0.279592
112878,0.977494
43073,0.751823
30879,0.769782
24209,0.716468
26027,0.141823
23041,0.604654
30880,0.373921
94067,0.899183
67964,0.756307
94685,0.750206
10248,0.456522
92213,0.536905
117680,0.160908
37557,0.94514
76459,0.679813
21249,0.611844
100090,0.17126
120785,0.825581
94068,0.682093
41817,0.073039
109252,0.736128
64903,0.371742
33850,0.268397
61287,0.524738
112879,0.022541
36295,0.801975
97082,0.640135
112290,0.398926
50333,0.823383
72231,0.064435
62478,0.709321
36296,0.823624
63693,0.391383
12675,0.395529
83146,0.482312
7271,0.27011
60069,0.76335
59468,0.494551
89772,0.703441
107420,0.881774
90975,0.366634
95303,0.765945
95894,0.395025
120161,0.536774
120162,0.891156
44283,0.629316
61288,0.607807
13293,0.153969
76460,0.887488
104945,0.890343
10249,0.669446
115306,0.988918
33851,0.73284
21250,0.458759
13294,0.672392
68575,0.092486
104946,0.487473
109253,0.897879
12081,0.1367
36297,0.501564
118309,0.422112
37558,0.203401
113485,0.906999
90976,0.809794
52768,0.025033
77687,0.483267
1225,0.144853
112880,0.486443
26608,0.457437
117681,0.917177
94686,0.800379
41184,0.602254
18200,0.512219
50334,0.04995
13871,0.381423
34460,0.201602
41818,0.450918
19395,0.040247
108662,0.584868
77057,0.537855
61289,0.613353
115307,0.329223
46756,0.685925
95895,0.890071
1843,0.898561
13295,0.311033
43659,0.893326
33852,0.02189
71021,0.479344
83755,0.622016
65533,0.453377
29018,0.738469
90977,0.776272
58839,0.611451
7272,0.783706
104332,0.6812
106801,0.769495
82537,0.409861
56404,0.519896
83147,0.627927
86811,0.066576
93452,0.782509
19396,0.086278
111685,0.722245
19397,0.652321
66144,0.987465
10881,0.398163
120786,0.63333
82538,0.706002
99514,0.83473
72232,0.991554
118924,0.959186
44284,0.769117
116512,0.118366
62479,0.861694
109851,0.872895
41819,0.958488
5469,0.783297
35673,0.889154
90363,0.465224
108042,0.823221
39401,0.583316
106802,0.34887
92836,0.372242
81947,0.888458
108663,0.364623
99515,0.479516
65534,0.691884
55238,0.934112
115308,0.235596
33263,0.506502
19398,0.241767
54622,0.887824
107421,0.163852
54621,0.096253
101311,0.126956
94687,0.843604
49706,0.072867
39402,0.088695
54623,0.706992
4853,0.220403
78304,0.291681
9649,0.472955
109254,0.880029
93453,0.344017
3023,0.093601
76461,0.449273
67359,0.368157
118310,0.855541
35073,0.527372
23625,0.170839
593,0.265109
12082,0.382656
80703,0.080389
25433,0.058478
58840,0.344443
63094,0.408135
35674,0.671378
101312,0.507444
112881,0.041999
88612,0.593927
32080,0.550822
33853,0.508625
87408,0.580381
31496,0.698683
24805,0.062708
49125,0.452882
64904,0.804475
29646,0.772739
43660,0.680387
39994,0.027085
58841,0.205672
32081,0.874832
39403,0.703191
16947,0.01767
44915,0.629651
82539,0.534602
12676,0.442357
77688,0.951311
41820,0.772062
25434,0.034261
86812,0.466798
101923,0.29259
86813,0.456289
85603,0.48993
12083,0.19028
49707,0.060031
28409,0.591077
86814,0.541001
93454,0.661588
27192,0.346174
116513,0.178941
44285,0.342656
86815,0.952422
114090,0.265586
120787,0.294781
3643,0.087385
15719,0.809165
94688,0.112051
89192,0.521559
98900,0.829181
39404,0.253752
27793,0.678046
18201,0.133419
94069,0.844867
81333,0.227069
113486,0.592118
64905,0.302603
60694,0.820733
20029,0.027462
85000,0.509912
86816,0.656777
118925,0.778173
72233,0.173421
81948,0.185944
14510,0.455594
23042,0.76494
53391,0.38955
4854,0.105024
75860,0.335898
72870,0.295164
5470,0.26874
101924,0.69202
11476,0.551688
35675,0.784189
4855,0.321819
85604,0.506036
71624,0.701886
60695,0.050872
31497,0.658071
42445,0.743471
71022,0.301143
95304,0.046048
76462,0.044552
28410,0.968905
33264,0.325474
40583,0.492361
26028,0.026196
118926,0.1083
13296,0.44475
5471,0.502222
117103,0.271523
77689,0.398744
12084,0.036077
100694,0.713412
98274,0.430951
23043,0.386356
44286,0.224656
41821,0.851492
1226,0.063085
9650,0.314802
39995,0.926937
21251,0.638997
96486,0.108005
73495,0.193597
4230,0.876311
29019,0.215714
62480,0.803543
111078,0.126758
102532,0.237958
43074,0.708584
117682,0.612471
84377,0.521465
114091,0.782887
27193,0.105655
52164,0.148616
111686,0.615611
69816,0.804702
10882,0.109735
63694,0.182191
115903,0.579653
61290,0.948972
95896,0.726325
115904,0.970569
98901,0.7936
98902,0.60976
118311,0.191973
47362,0.65053
60070,0.635053
56405,0.061206
81949,0.315897
45518,0.002528
87409,0.068603
18202,0.833375
17566,0.279619
92214,0.76568
20030,0.482673
81950,0.610731
59469,0.514088
15105,0.970134
67965,0.279386
72234,0.492386
86232,0.375628
42446,0.847335
18203,0.667671
26029,0.376686
15106,0.138677
106175,0.195557
92837,0.945809
117683,0.347974
96487,0.162407
6648,0.934754
65535,0.157374
65536,0.489642
38784,0.040102
98275,0.041065
87410,0.431782
35676,0.875727
83756,0.785374
34461,0.84624
23044,0.433015
108664,0.187004
77690,0.88175
81334,0.718079
84378,0.511784
20669,0.115561
62481,0.630148
5472,0.030826
9651,0.079232
119524,0.651835
10250,0.740347
103752,0.620092
4231,0.56064
14511,0.996941
39405,0.603644
2430,0.871541
19399,0.731066
18204,0.942981
76463,0.685214
86817,0.493071
43661,0.289229
81951,0.924343
7273,0.054678
31498,0.846438
75861,0.882791
88003,0.344906
31499,0.143947
9652,0.914081
46126,0.938443
100091,0.302306
97083,0.111758
115905,0.468393
15107,0.032182
5473,0.71539
68576,0.1035
24806,0.627962
14512,0.482523
63095,0.894999
92838,0.765971
86233,0.750507
83148,0.545048
48539,0.534372
84379,0.805079
74084,0.738389
111687,0.357126
103144,0.34146
74085,0.299945
105574,0.529991
50335,0.237133
76464,0.679723
9072,0.358077
118312,0.844321
43075,0.355547
68577,0.028395
100695,0.054031
57589,0.27754
11477,0.464067
100092,0.554192
119525,0.160294
58214,0.450956
29647,0.31126
13872,0.451333
77691,0.544007
27194,0.926396
92215,0.891058
84380,0.324957
47363,0.282875
67966,0.145269
112882,0.775642
101313,0.930217
120163,0.718422
43076,0.09188
92839,0.532432
106176,0.842121
1227,0.824383
42447,0.229833
19400,0.841807
14513,0.284803
40584,0.889186
118313,0.917756
13297,0.730582
29648,0.748898
66145,0.628817
60696,0.395587
100697,0.561638
100696,0.472377
47364,0.774215
88004,0.684366
101925,0.69855
60697,0.152658
85605,0.576003
22451,0.937536
30265,0.642647
121403,0.381783
105575,0.433327
3644,0.758128
94689,0.275759
115906,0.050503
111079,0.108418
33265,0.645093
49709,0.987594
38157,0.586997
98276,0.148046
111688,0.026033
49708,0.007188
120788,0.65819
24807,0.343182
58215,0.047408
11478,0.224284
40585,0.603838
77058,0.012604
28411,0.034491
67967,0.057801
30266,0.357317
1844,0.494497
3024,0.46609
19401,0.226423
33266,0.832676
63695,0.669823
40586,0.508637
85001,0.260705
67360,0.740347
85002,0.224729
12677,0.611246
2431,0.260286
26030,0.832803
60698,0.570863
109852,0.35842
90978,0.776617
108043,0.661856
4232,0.638183
25435,0.362409
59470,0.937261
594,0.728209
120789,0.45216
92216,0.909671
5474,0.349767
12085,0.370811
67968,0.31726
4856,0.899121
83757,0.284724
78878,0.431341
76465,0.364113
32667,0.800474
4233,0.783213
104333,0.322486
18815,0.071516
108044,0.565666
83758,0.070946
13873,0.480256
38785,0.206563
50932,0.510519
99516,0.662275
114674,0.181579
72235,0.354848
73496,0.979817
39996,0.310848
106803,0.956162
95897,0.989522
103753,0.639823
83149,0.255093
94690,0.884417
61901,0.316962
15720,0.94833
100698,0.232127
94070,0.739451
37559,0.450193
85003,0.241121
30881,0.807836
66738,0.442706
118314,0.717489
41822,0.278055
90979,0.863167
79504,0.759921
17567,0.762768
66739,0.554537
12086,0.41007
10883,0.315434
32668,0.050939
20670,0.760698
54010,0.96568
21832,0.28524
12087,0.274614
49710,0.349063
1845,0.289141
35074,0.766602
76466,0.20399
45519,0.982036
76467,0.812492
43077,0.487729
90980,0.428654
8447,0.324655
89773,0.836022
97673,0.022234
2432,0.114251
65537,0.152758
64906,0.336685
111080,0.627834
22452,0.891759
67969,0.727868
92217,0.930267
76468,0.463697
39406,0.315077
8448,0.7247
52769,0.722456
98903,0.546402
25436,0.862858
16339,0.266595
13298,0.866218
75254,0.928666
71625,0.075548
50933,0.670958
108665,0.765888
37560,0.404193
4234,0.140473
67361,0.87873
54011,0.503387
66741,0.349332
66740,0.298251
85004,0.073902
46127,0.894943
88613,0.732864
52770,0.975342
92840,0.669441
9073,0.793907
12088,0.001357
30267,0.079227
77059,0.955721
8449,0.138227
10251,0.420772
57590,0.941214
25437,0.293645
109853,0.340741
77692,0.030118
72871,0.489506
14514,0.172872
37561,0.314135
75862,0.793632
52165,0.765445
35677,0.588154
72872,0.276169
3645,0.965592
58216,0.138474
119526,0.308895
27195,0.791646
45520,0.628228
99517,0.781973
47960,0.075316
80704,0.535107
21833,0.276359
10252,0.28188
108666,0.970025
55239,0.657049
21834,0.960329
22453,0.665035
49126,0.453214
41185,0.109857
22454,0.208256
111081,0.22186
44287,0.175517
108667,0.945849
92841,0.587428
50934,0.449849
83150,0.966784
44916,0.573742
21835,0.174636
88005,0.725965
85005,0.586898
46757,0.968536
13874,0.342894
109854,0.629545
117684,0.739595
24211,0.727326
104947,0.734985
89193,0.273132
24210,0.398504
23626,0.957126
77060,0.345358
80080,0.068075
15721,0.218663
64907,0.630112
117685,0.728007
109255,0.418685
91593,0.008931
25438,0.525913
21836,0.018775
106177,0.015281
9653,0.76322
35678,0.600818
26031,0.053531
49127,0.606476
110483,0.298981
26032,0.065875
101926,0.447312
22455,0.799744
30882,0.859861
36928,0.750644
66742,0.135905
38158,0.094772
94071,0.151835
97674,0.024055
100093,0.889296
116514,0.124483
82540,0.564368
112883,0.699395
95898,0.587973
97084,0.13108
37562,0.025691
108668,0.794299
67362,0.509073
72873,0.432677
52771,0.578044
117104,0.652636
29649,0.679511
100095,0.787843
100094,0.557854
61291,0.002416
88006,7.9e-05
109855,0.785288
50935,0.319801
88007,0.196395
92842,0.570021
33854,0.96341
40587,0.45041
48540,0.916688
80705,0.872749
82541,0.397612
43078,0.138363
13875,0.749533
60699,0.950433
57591,0.051917
25439,0.538982
35679,0.288616
61902,0.56099
100699,0.554956
85606,0.807053
41186,0.683967
28412,0.803004
3646,0.109357
80081,0.928612
46128,0.599014
65538,0.155289
49128,0.990781
111689,0.254402
3025,0.451307
44917,0.850729
120790,0.285322
67363,0.07373
81335,0.076488
118927,0.680318
46758,0.25611
58217,0.182842
34462,0.744881
73497,0.848437
20671,0.582229
72236,0.369935
26033,0.883013
100700,0.91848
31500,0.488659
21837,0.851273
72874,0.909613
113487,0.94884
110484,0.080912
75255,0.689199
114092,0.58306
7865,0.256044
39407,0.118603
115907,0.038663
103145,0.258214
109856,0.790477
71023,0.307671
69817,0.517664
50936,0.643835
26609,0.095424
21252,0.649744
104948,0.291087
40588,0.986037
104334,0.327592
60071,0.293727
5475,0.553468
45521,0.987172
62482,0.831647
103754,0.71599
35680,0.140458
109256,0.726038
75256,0.864751
1846,0.746008
62483,0.584812
89774,0.173604
85607,0.89094
94691,0.361111
80706,0.340984
37563,0.105115
120791,0.197348
107422,0.712203
14515,0.56433
68578,0.617817
95305,0.40494
56406,0.489397
102533,0.939933
66743,0.840305
15722,0.323977
108669,0.506639
25440,0.239916
107423,0.884429
58218,0.109917
54012,0.319147
36298,0.152482
100096,0.422157
76469,0.748564
86234,0.915854
71626,0.395078
78879,0.607974
47961,0.594068
54624,0.098777
36299,0.869239
59471,0.703931
85006,0.452335
41187,0.225723
44288,0.030798
71024,0.991292
74086,0.149188
45522,0.348062
26610,0.833563
32669,0.556713
64908,0.598745
47365,0.594217
71627,0.603183
13876,0.531363
3647,0.134804
41188,0.518143
46759,0.615687
117106,0.709166
86818,0.555327
117105,0.973021
83151,0.298702
49129,0.595552
95899,0.499544
59472,0.844426
36929,0.059576
116515,0.446573
65539,0.756028
7866,0.139938
121404,0.146
68579,0.661989
35681,0.542693
50336,0.878021
15723,0.639561
84381,0.436865
1847,0.564897
43662,0.773183
31501,0.463238
89194,0.701195
53392,0.058499
39997,0.459993
24212,0.463124
62484,0.385554
68580,0.401732
107424,0.282082
18205,0.450677
64909,0.239988
44289,0.561197
59473,0.504078
81952,0.279488
7867,0.11032
61292,0.496824
105576,0.748833
73498,0.580982
16948,0.615359
117107,0.98518
35682,0.267953
97085,0.109286
44290,0.379028
12089,0.144963
53393,0.296024
27196,0.261013
104949,0.045149
50937,0.204202
93455,0.245432
88614,0.401552
32082,0.292831
63096,0.616584
103756,0.456071
103755,0.664894
32670,0.371431
51569,0.991483
114093,0.370074
47366,0.458264
32671,0.317166
104950,0.320012
18816,0.110406
31502,0.188661
18206,0.70186
71025,0.551253
70428,0.133215
104335,0.226368
74676,0.484902
71026,0.021843
80082,0.444746
3648,0.126194
57000,0.244685
109857,0.200259
81953,0.69005
68581,0.669134
79505,0.811117
98904,0.433149
119527,0.215686
32672,0.78269
28413,0.879547
111690,0.89146
89195,0.91907
30884,0.629686
30883,0.259556
78880,0.951529
88615,0.127404
11479,0.191364
3026,0.602296
2433,0.770394
44918,0.008549
112291,0.587746
58842,0.068943
98905,0.751619
10253,0.594374
78881,0.391168
91594,0.50822
80083,0.401973
27197,0.802635
112292,0.379794
79506,0.81895
61293,0.495957
113488,0.389408
18817,0.900702
29020,0.55245
43079,0.657808
43663,0.510588
28414,0.806598
44919,0.724216
84382,0.015648
95900,0.241677
41823,0.390915
31503,0.659277
121405,0.782686
48541,0.962682
50938,0.79231
30268,0.877007
97086,0.578222
28415,0.825797
82542,0.62308
92218,0.736783
19402,0.311768
118928,0.558988
100701,0.796188
74087,0.433963
47962,0.893627
93456,0.640602
16340,0.632822
85007,0.20116
69818,0.400849
100702,0.651741
32083,0.727634
43080,0.188384
80707,0.233023
16949,0.722054
109858,0.744722
109859,0.510342
22456,0.743643
60700,0.019354
37564,0.767287
13299,0.324682
67364,0.669858
2434,0.004918
80084,0.301324
89775,0.500275
58219,0.650299
77693,0.891103
3027,0.214571
96488,0.56814
61903,0.28169
52772,0.518112
94072,0.511211
58220,0.209349
16341,0.778968
7274,0.227395
15724,0.98701
29021,0.060798
38786,0.408379
40589,0.133048
14516,0.388961
85608,0.353465
83152,0.696298
48542,0.433168
83759,0.84616
39998,0.931076
12678,0.494407
64910,0.851919
67365,0.054389
9654,0.267728
108670,0.548447
82543,0.212109
94692,0.825832
43664,0.951129
64311,0.082457
115908,0.849096
16342,0.543094
5476,0.692699
37565,0.063215
1228,0.985903
108671,0.407729
53394,0.040242
33267,0.890432
92843,0.693787
100703,0.256452
72237,0.191311
73499,0.634023
67366,0.384553
27198,0.258684
16343,0.504715
26034,0.320316
38159,0.829364
7868,0.707305
85609,0.232951
117686,0.385381
102534,0.239146
88616,0.397372
56407,0.946604
35075,0.053424
11480,0.442444
96489,0.396876
20672,0.225736
90364,0.423468
80085,0.992852
44920,0.866923
39999,0.489133
9655,0.086428
32673,0.75419
62485,0.946769
30269,0.567103
96490,0.831995
73500,0.126799
110485,0.660989
32084,0.541865
120164,0.695393
38160,0.92006
21838,0.765097
41189,0.506843
94693,0.04123
88617,0.381686
59474,0.217534
108672,0.861872
42448,0.007944
89776,0.273249
21253,0.093673
103146,0.637633
113489,0.924307
77061,0.848409
38161,0.166503
12679,0.391629
57592,0.257374
115309,0.209708
15725,0.423466
72238,0.130446
103757,0.421715
54013,0.314981
27794,0.624373
2435,0.82247
83760,0.643392
6649,0.541455
96491,0.049135
72875,0.628424
95901,0.318099
14517,0.931329
110486,0.275389
120792,0.118207
95902,0.381169
1229,0.41894
55832,0.891724
69190,0.642714
78882,0.397978
36930,0.17538
108045,0.072389
43081,0.396475
96492,0.415561
87411,0.81486
21839,0.726789
85610,0.922544
84383,0.753915
62486,0.924243
71628,0.806875
26035,0.920351
6073,0.261588
22457,0.183254
57593,0.041465
108673,0.749053
30270,0.667166
120793,0.531767
63696,0.587824
59475,0.280015
44291,0.673966
8450,0.197601
81954,0.45217
41190,0.519342
68582,0.134693
60701,0.990292
67970,0.363536
28416,0.843328
100097,0.261184
37566,0.053795
47367,0.39983
81955,0.333758
84384,0.769885
29022,0.521629
62487,0.706879
67971,0.906012
59476,0.232868
44292,0.460559
104336,0.396025
74088,0.515824
23627,0.297585
97087,0.710038
21254,0.96618
5477,0.947587
112293,0.970587
36931,0.171816
58221,0.28063
4857,0.307923
6074,0.95611
100704,0.935346
86235,0.544491
104951,0.761226
118929,0.550677
24808,0.655532
16950,0.009406
69819,0.841617
26611,0.861873
64911,0.815794
103147,0.801194
64312,0.719521
121406,0.624232
84385,0.772383
93457,0.159423
39408,0.945358
80086,0.746804
78883,0.411282
106178,0.140984
10254,0.965219
8451,0.52975
95903,0.809072
25441,0.184402
93458,0.427922
107425,0.854018
115310,0.532308
47964,0.827224
26036,0.881238
47963,0.922351
13300,0.481109
13877,0.882254
58843,0.084766
99518,0.270511
29023,0.423845
57594,0.915992
77062,0.874145
78305,0.843644
95904,0.060531
98277,0.852105
80708,0.806814
32674,0.190918
85008,0.764571
52773,0.134102
59477,0.025721
49130,0.638487
46760,0.000686
42449,0.949665
37567,0.347486
71027,0.157139
77694,0.833389
24809,0.384923
27199,0.833348
38787,0.302679
75863,0.674288
106804,0.816734
83761,0.643872
94694,0.712039
61294,0.722677
16344,0.157632
69191,0.359772
81956,0.164584
4235,0.858074
97675,0.675571
19403,0.776157
11481,0.780706
20031,0.992549
52774,0.75265
63097,0.75374
58222,0.91057
10884,0.41802
56408,0.248825
44293,0.792157
53395,0.734483
7869,0.300104
33855,0.691048
104337,0.808944
91595,0.509974
85009,0.916231
92844,0.060903
93459,0.597412
78884,0.061494
67972,0.670138
23045,0.796303
72239,0.705793
3649,0.714795
111082,0.909907
117687,0.086103
120165,0.654922
120794,0.673239
91596,0.712496
40000,0.625134
30271,0.967306
6650,0.122405
115909,0.672327
3028,0.273394
15108,0.124279
94695,0.838642
76470,0.625363
109257,0.570655
89196,0.779332
24810,0.207451
18818,0.945804
36300,0.652685
31504,0.964059
21840,0.506365
108674,0.828155
55240,0.247986
2436,0.808229
111691,0.824347
22458,0.760661
1230,0.622492
7275,0.360414
110487,0.373918
98906,0.750917
65540,0.298804
119528,0.402919
111083,0.136313
13301,0.38466
102535,0.560311
85010,0.438111
30272,0.734005
36932,0.125473
37568,0.869633
120795,0.060715
120166,0.040721
63697,0.911969
41824,0.589797
50337,0.567567
119529,0.405392
38162,0.718749
111084,0.516107
12090,0.132575
97088,0.320033
117108,0.400198
112294,0.446934
67973,0.181659
87412,0.811697
71629,0.110945
595,0.764926
60702,0.782341
91597,0.516846
67974,0.261188
90365,0.965191
93460,0.436629
91598,0.751212
13878,0.003221
120167,0.153311
24811,0.438032
61904,0.703986
36933,0.979434
95306,0.665351
79507,0.590714
52775,0.829615
114094,0.307302
78306,0.692517
87413,0.458036
63698,0.302701
2437,0.334283
75257,0.017563
99519,0.270253
77695,0.644043
94073,0.971693
61295,0.870462
13879,0.477598
110488,0.385102
16345,0.592303
72876,0.480513
8452,0.38393
112295,0.600981
104338,0.520808
20032,0.167766
99520,0.489487
42450,0.932492
67367,0.531028
40001,0.800905
104952,0.929186
89777,0.013032
104339,0.805037
55241,0.656607
58223,0.172788
81336,0.890719
26037,0.844004
97089,0.257963
44921,0.142157
119530,0.199405
89778,0.988051
57001,0.467636
51570,0.047756
95307,0.621268
16951,0.01359
40002,0.543089
113490,0.415689
74089,0.11472
48543,0.131717
7870,0.355577
43082,0.701461
88008,0.096142
1848,0.423602
66146,0.841744
90366,0.097296
100098,0.095967
89779,0.196984
93461,0.677447
18819,0.462709
66147,0.297918
16346,0.669205
120796,0.394209
42451,0.657683
13880,0.010397
63098,0.317784
54625,0.851463
80709,0.419134
72877,0.329176
27200,0.154629
41191,0.706427
44294,0.347436
38788,0.012506
81957,0.243843
45523,0.480933
95905,0.670232
44922,0.435534
86819,0.959924
27201,0.732668
79508,0.957317
91599,0.336141
81958,0.494657
110489,0.922789
33856,0.264944
66148,0.219418
92219,0.402137
30273,0.892394
53396,0.660894
43083,0.172272
101314,0.506413
55242,0.101179
81959,0.307609
118315,0.670669
27202,0.713
85611,0.497864
84386,0.506837
54014,0.634572
32675,0.941877
103758,0.509603
89197,0.917668
69192,0.512013
15726,0.983086
89198,0.465289
80710,0.370956
36934,0.470299
92845,0.09498
57595,0.746671
97676,0.461432
21841,0.600286
20033,0.055087
7871,0.046056
21255,0.273539
1849,0.276162
77063,0.602491
115911,0.395041
115910,0.45342
13302,0.640354
33268,0.288435
4236,0.886225
86236,0.036891
46761,0.55742
90367,0.572328
90368,0.816669
7276,0.267127
47368,0.167239
4237,0.949974
18820,0.029514
4238,0.89822
5478,0.386512
9656,0.648275
4239,0.617173
116516,0.932705
54626,0.524626
74090,0.017288
100099,0.604316
58224,0.636154
3650,0.843153
44295,0.093663
20034,0.209376
73501,0.338163
81960,0.514474
44296,0.488356
16347,0.743975
88009,0.527205
85612,0.452774
24213,0.649836
40590,0.844559
99521,0.214796
3651,0.8506
46762,0.131978
114095,0.045228
35076,0.136661
10255,0.992236
63699,0.190961
55243,0.408296
104340,0.866531
89199,0.328387
596,0.870321
35683,0.189058
60072,0.479117
52166,0.716569
23628,0.781166
72240,0.929267
14518,0.23744
78307,0.731247
44923,0.058218
78885,0.583467
34463,0.269664
54627,0.87778
35077,0.866035
42452,0.287411
102536,0.442432
117688,0.446427
85613,0.34701
108675,0.186528
52776,0.251445
71630,0.194583
40591,0.9543
60703,0.207225
83153,0.1631
96493,0.239852
8453,0.231324
80711,0.176227
53397,0.599022
117689,0.028266
5479,0.727052
61905,0.922688
95906,0.481007
104953,0.136364
46129,0.069333
18207,0.578991
93462,0.440598
98907,0.744691
32085,0.892651
11482,0.494208
105577,0.816996
56409,0.686791
29650,0.63127
66149,0.685919
38163,0.541514
36301,0.268125
40003,0.72968
90981,0.576406
81337,0.884246
1231,0.358275
40004,0.365488
52777,0.900349
60073,0.123268
4858,0.759395
20035,0.234715
77696,0.340019
86237,0.139573
4859,0.978791
63099,0.713267
9074,0.378035
64912,0.773993
37569,0.680291
75864,0.820003
83154,0.108472
85011,0.851669
35684,0.752947
36302,0.8585
48544,0.248508
14519,0.691675
95308,0.659468
76471,0.720256
70429,0.751689
64913,0.897744
94696,0.278819
4240,0.335785
16952,0.35954
38164,0.414505
76472,0.083471
16348,0.414184
35685,0.389621
63700,0.39655
107426,0.89924
108676,0.684328
86820,0.640499
92846,0.124019
16349,0.436847
46763,0.936064
82544,0.247357
33269,0.614753
114675,0.794444
19404,0.152967
35078,0.767199
90369,0.48158
62488,0.78945
51571,0.81424
81338,0.847502
71631,0.572541
110490,0.666612
98278,0.971826
33857,0.985587
87414,0.002584
17568,0.995451
88010,0.754125
88618,0.400312
33858,0.530787
108677,0.21864
73502,0.319712
82545,0.452759
597,0.630752
113491,0.781613
58225,0.166899
26612,0.718717
4241,0.237834
67975,0.875383
115912,0.811322
100705,0.263854
71632,0.377438
103148,0.174449
9075,0.585896
39409,0.821837
89780,0.337006
90982,0.908471
40592,0.528208
36303,0.815283
36935,0.073139
25442,0.356916
91600,0.361676
104341,0.963804
75865,0.898073
78308,0.8732
38165,0.661292
118930,0.748257
57003,0.157946
8454,0.567255
57002,0.301332
1850,0.866554
37570,0.119928
121407,0.071905
111692,0.619144
5480,0.973649
87415,0.611331
28417,0.100289
89200,0.599052
29024,0.858325
71028,0.519012
36936,0.606648
32676,0.288001
103149,0.011285
115311,0.112141
49131,0.452576
16350,0.028134
57596,0.116844
77697,0.821887
43084,0.390972
36304,0.066473
100706,0.29911
106805,0.527539
99522,0.473191
3029,0.012397
93463,0.211448
83762,0.456902
3652,0.116157
105578,0.514054
19405,0.349554
114676,0.603069
120797,0.7805
15109,0.395409
118931,0.917489
44924,0.241357
117690,0.441931
94697,0.853078
1232,0.223488
49711,0.011993
120798,0.290845
23629,0.432149
104342,0.545929
60074,0.342074
39410,0.258114
49132,0.472992
108046,0.283294
77064,0.739584
14520,0.895068
16953,0.310475
66744,0.073392
29025,0.414091
9076,0.216286
103759,0.621242
26613,0.172002
41825,0.623944
1851,0.304086
114677,0.44281
33859,0.84539
4860,0.624357
100100,0.419895
99523,0.09369
98279,0.593691
3030,0.654362
103150,0.04814
118932,0.437905
4861,0.159466
109258,0.656693
89781,0.195742
67976,0.123795
3031,0.674427
97090,0.450618
29026,0.438098
23046,0.565868
8455,0.535864
55244,0.620197
49133,0.186921
54628,0.092655
66150,0.514306
114096,0.840137
598,0.167013
67977,0.229058
92220,0.224365
82546,0.506645
107427,0.162582
101927,0.087103
75258,0.238764
77698,0.127766
66745,0.793251
112884,0.097797
10885,0.726463
70430,0.676265
46764,0.036661
16351,0.389355
29027,0.59042
16352,0.603183
74091,0.161986
100707,0.900251
599,0.924626
98908,0.784383
60704,0.533965
111085,0.567746
100708,0.917283
119531,0.500136
69820,0.630516
30274,0.624778
55833,0.831838
36937,0.08855
30885,0.637999
99524,0.02108
20673,0.006724
49712,0.708136
118933,0.759032
108047,0.558988
85614,0.481434
86238,0.024612
24214,0.606557
14521,0.172605
67368,0.4695
10256,0.402472
83763,0.21054
77699,0.14478
91601,0.432334
100101,0.027863
76473,0.858874
36938,0.854745
118316,0.903581
57004,0.922053
74092,0.626026
2438,0.212525
7277,0.012739
61296,0.503062
55246,0.083797
98909,0.361074
11483,0.027904
46131,0.425976
46130,0.549396
73503,0.935442
55245,0.910376
6075,0.536465
64313,0.313381
17569,0.870545
7278,0.661165
111086,0.830088
12680,0.899675
7279,0.54909
81961,0.03773
29028,0.598523
19406,0.144919
97677,0.546051
50939,0.215877
82547,0.82451
7872,0.929116
47369,0.237323
42453,0.352175
65541,0.026509
67369,0.091535
98910,0.97769
83155,0.575397
80087,0.405319
25443,0.459096
80712,0.249058
98280,0.38125
40005,0.116442
112296,0.334261
30275,0.697678
107428,0.899179
94074,0.345901
53398,0.784218
24215,0.304099
33860,0.229336
96494,0.198902
45524,0.187231
32677,0.511636
10257,0.086724
32086,0.326498
9657,0.917029
73504,0.898666
86239,0.784234
94698,0.41997
41192,0.687781
76474,0.702978
46765,0.120565
40593,0.505959
14522,0.507477
18821,0.599694
46132,0.733165
117691,0.762187
38789,0.131067
109259,0.913602
72241,0.770544
33270,0.392046
112885,0.078931
30276,0.061748
78309,0.655612
86240,0.632847
89782,0.107035
47370,0.253099
95309,0.397881
118934,0.367002
67978,0.100311
43085,0.908415
4862,0.54652
50940,0.756388
67979,0.061399
108678,0.390579
104954,0.302558
17570,0.627252
43665,0.292808
88011,0.797847
71633,0.470122
104343,0.070809
67370,0.472963
77700,0.620829
80088,0.750742
21842,0.219779
40594,0.372787
118317,0.002424
89201,0.63621
23630,0.022065
102537,0.161854
14524,0.112175
104344,0.778614
14523,0.664456
51572,0.176839
7280,0.201004
108048,0.998338
72878,0.620351
96495,0.371466
55834,0.088747
112886,0.388782
116517,0.975512
106179,0.741988
88012,0.392277
111693,0.086407
46766,0.073543
46767,0.938539
37571,0.315632
101928,0.147613
119532,0.781368
53399,0.427525
120800,0.446501
93464,0.509649
63701,0.524237
26614,0.877791
92221,0.932956
120799,0.063648
104955,0.642059
33271,0.892542
17571,0.95722
100102,0.466648
77065,0.066967
30277,0.853483
103151,0.916764
29651,0.032034
36939,0.785982
75866,0.151468
34464,0.531351
103152,0.429819
24216,0.560335
72242,0.786511
78310,0.551754
600,0.835155
44297,0.328273
117109,0.022883
32678,0.543114
38166,0.980191
71029,0.310086
52778,0.790143
84387,0.064852
70431,0.091604
64314,0.397324
4863,0.048844
29652,0.700892
97678,0.189641
12681,0.200294
81339,0.884366
16354,0.099763
41193,0.813934
72879,0.305715
57597,0.973228
35686,0.15635
16353,0.212775
27203,0.274066
6076,0.733793
104956,0.169271
90983,0.256035
94075,0.002341
51573,0.446544
18208,0.059689
27795,0.778069
1852,0.189619
44925,0.565697
1233,0.482002
50941,0.349402
16355,0.44188
80089,0.314218
13881,0.249905
51574,0.98591
101929,0.846918
601,0.771304
29653,0.635648
89783,0.638356
1234,0.885028
71030,0.753611
15727,0.857603
87416,0.487369
602,0.751904
10258,0.072018
59478,0.496241
13882,0.397164
51575,0.963854
113492,0.444054
35079,0.33976
100709,0.385591
6651,0.035733
78311,0.085787
61297,0.169955
47371,0.833076
15728,0.594399
13303,0.825984
20036,0.039894
26038,0.157956
56410,0.121816
119533,0.487546
70432,0.726969
44927,0.064607
44926,0.237785
111694,0.891641
30886,0.176813
101315,0.558914
60705,0.150735
40595,0.383422
78886,0.76639
88619,0.057642
49713,0.704627
26615,0.582793
39411,0.987797
67980,0.881448
120168,0.441918
23047,0.172805
6077,0.316038
77701,0.700306
25444,0.453758
43666,0.655703
63702,0.338792
33861,0.032656
115312,0.804013
101316,0.214363
104345,0.753862
6078,0.158428
69821,0.198728
46768,0.711846
41194,0.633608
3653,0.577426
49714,0.597968
1853,0.543279
50942,0.324121
114097,0.800674
52167,0.095904
6079,0.275366
112887,0.345598
46133,0.398694
46134,0.614879
51576,0.647355
17572,0.444967
38790,0.808919
1854,0.4501
9077,0.945143
40006,0.16373
54629,0.635057
59479,0.337599
24812,0.095249
7281,0.662618
34465,0.900567
24813,0.50981
71031,0.342979
6080,0.565324
38791,0.332188
97679,0.169509
35080,0.347485
35081,0.618078
23631,0.956288
110491,0.302046
38167,0.314386
91602,0.737175
75259,0.4592
110492,0.749203
28418,0.011416
5481,0.277587
99525,0.948447
13304,0.058475
61298,0.763117
65542,0.81745
46135,0.784401
91603,0.583715
118318,0.475047
99526,0.948195
33272,0.0524
73505,0.844326
65543,0.711762
30278,0.48555
118935,0.780864
109860,0.232758
47372,0.131653
70433,0.24993
26039,0.786774
109861,0.225883
31505,0.316521
89202,0.257034
21256,0.692733
10886,0.789259
22459,0.363272
4864,0.210275
66151,0.385933
12091,0.740713
58226,0.777396
3032,0.212849
101930,0.700607
85615,0.509736
88013,0.910386
40596,0.057642
7282,0.665938
114678,0.802256
59480,0.515372
16954,0.036477
6081,0.193311
6652,0.531966
36305,0.612949
46769,0.914253
102538,0.972926
64914,0.811389
54630,0.471578
80090,0.601298
94076,0.919628
62489,0.556774
112297,0.264987
45525,0.52922
121408,0.321259
91604,0.668579
47965,0.59252
86241,0.650192
21843,0.947383
118319,0.266245
112888,0.825587
48545,0.096838
111087,0.428146
57598,0.386839
17573,0.66288
71634,0.381426
27796,0.841458
603,0.059066
117110,0.545394
91605,0.84126
6082,0.810457
36306,0.772412
110493,0.390355
20037,0.032634
54015,0.175684
45526,0.976523
111089,0.355922
111088,0.658723
6653,0.13696
43667,0.927391
100103,0.150082
27204,0.229684
73506,0.995046
86821,0.672862
79509,0.138448
47966,0.938721
86242,0.750172
71635,0.513785
90370,0.133754
74677,0.871073
8456,0.501503
7283,0.728437
72243,0.412459
113493,0.371631
39412,0.377356
27205,0.534042
83764,0.685135
59481,0.435395
30279,0.793046
60706,0.083659
6083,0.521154
59482,0.31975
92847,0.183536
80713,0.38493
16356,0.773234
43668,0.910367
72244,0.056354
99527,0.561148
54631,0.459565
94077,0.548765
107429,0.627073
6084,0.0072
31506,0.403584
118936,0.509956
13305,0.655378
14525,0.084456
27206,0.236084
3654,0.162041
6654,0.940964
76475,0.088747
49134,0.482218
58227,0.289992
94078,0.524373
71636,0.27956
4242,0.776951
86243,0.406917
80714,0.27886
73507,0.519311
109862,0.248902
110494,0.048753
7284,0.602809
111695,0.778691
32087,0.071366
60075,0.206892
43086,0.809377
79510,0.772156
121409,0.012715
95907,0.759241
116518,0.74109
114098,0.788247
119534,0.092458
81962,0.07885
6655,0.430984
76476,0.425916
67981,0.598509
77066,0.102641
26616,0.142309
100104,0.40861
110495,0.98916
92222,0.961164
105579,0.751765
58844,0.149048
91606,0.84493
69193,0.80961
63100,0.16614
105580,0.118021
60707,0.014852
46136,0.760172
17574,0.174093
77067,0.329705
121410,0.031439
1235,0.302469
12682,0.315149
51577,0.711493
83765,0.476704
60708,0.299448
72245,0.970376
58845,0.086764
33273,0.230194
66746,0.986105
7285,0.162609
44298,0.617746
29029,0.732638
13306,0.435833
54632,0.013079
106806,0.99779
104957,0.407819
105581,0.452671
30280,0.033932
63101,0.183263
42454,0.548956
60709,0.848968
81340,0.843257
95310,0.821392
111090,0.267215
40597,0.645586
97680,0.560361
81963,0.327218
56411,0.74343
69822,0.459662
100105,0.282077
44928,0.047872
54016,0.140578
100106,0.728805
53400,0.427349
90371,0.002048
78312,0.571146
80091,0.719747
77702,0.516434
82548,0.483669
103760,0.229323
75867,0.616179
55835,0.93128
111091,0.647078
43087,0.681523
29030,0.102035
40598,0.917696
112298,0.272791
81964,0.982281
69195,0.888599
40599,0.71111
69194,0.119372
79511,0.808506
16357,0.745869
71032,0.074536
120169,0.657575
86822,0.157513
119535,0.465599
6656,0.580282
71033,0.512265
33274,0.978558
120170,0.748417
57599,0.431086
97681,0.756151
54017,0.294734
89203,0.021173
20038,0.462959
32088,0.87597
114099,0.212105
43088,0.969759
21257,0.983389
17575,0.730378
95908,0.003876
18822,0.263389
9078,0.468573
52779,0.738848
4865,0.162777
10887,0.604318
116519,0.124336
110496,0.119371
36940,0.457152
39413,0.828714
44299,0.024164
52780,0.006054
78887,0.227095
114100,0.374547
45527,0.180554
75260,0.59416
73508,0.656269
115913,0.2569
108679,0.831206
64915,0.576843
24217,0.425666
12683,0.610102
71637,0.756085
108049,0.208399
66152,0.891653
46771,0.148753
46770,0.689701
37572,0.621615
118937,0.15735
41826,0.719109
44929,0.084712
23048,0.476248
7286,0.586165
87417,0.070189
54018,0.605745
95909,0.702653
87418,0.777525
604,0.51924
76477,0.979194
119536,0.298448
41195,0.682052
26040,0.456341
66153,0.147856
66747,0.201852
71638,0.469247
22460,0.962212
104346,0.30496
48546,0.117428
78888,0.771373
63703,0.204902
33862,0.04044
78889,0.33991
90372,0.664114
120171,0.554676
82549,0.145177
108680,0.632675
105582,0.571622
71639,0.659272
61906,0.429579
106807,0.52445
83156,0.414507
16955,0.434825
9079,0.319131
73509,0.951911
103761,0.024337
41196,0.976069
32679,0.806888
11484,0.780898
44300,0.270779
26617,0.335302
22461,0.207078
72880,0.493108
19407,0.502251
3033,0.317036
34466,0.565408
9080,0.110046
76478,0.133691
105583,0.965281
101931,0.220263
74678,0.827569
23049,0.933753
46772,0.193478
55247,0.993014
9081,0.093185
92223,0.059288
79512,0.992832
70434,0.260592
81965,0.755806
29654,0.804399
77068,0.287703
81966,0.109937
81967,0.33769
98911,0.308013
36941,0.137415
91607,0.749636
8457,0.609469
115313,0.059806
64916,0.202442
97682,0.416001
103153,0.739005
46773,0.754156
12092,0.063915
63704,0.45974
3034,0.917236
29031,0.3942
64316,0.482161
64315,0.226612
105584,0.15217
117692,0.67786
73510,0.537063
3035,0.598137
54019,0.584463
29032,0.662071
15110,0.637435
89784,0.013279
90984,0.012136
33275,0.783273
47373,0.875805
92848,0.831839
72881,0.416437
113494,0.117734
2439,0.549375
32089,0.605573
29655,0.112991
97683,0.448101
86823,0.99533
101932,0.280153
14526,0.063702
39414,0.858296
18823,0.178445
50338,0.824881
24218,0.143612
19408,0.46883
22462,0.019518
71640,0.966375
94699,0.063323
103762,0.889317
81968,0.874039
15111,0.01044
2440,0.419198
66748,0.528189
51578,0.854478
97684,0.566143
117693,0.675758
101933,0.133023
58228,0.182182
86244,0.815001
120801,0.038798
103763,0.970217
39415,0.899064
22463,0.382148
6657,0.109857
96496,0.069034
28419,0.676796
67371,0.706426
109863,0.194589
101934,0.546968
33863,0.267262
98281,0.85318
89785,0.015276
55248,0.962015
16956,0.227575
27797,0.956752
113495,0.34516
32090,0.017717
5482,0.064234
7873,0.848272
21258,0.001566
100710,0.398447
114101,0.763255
114679,0.149237
70435,0.672011
72246,0.269788
87419,0.945721
6658,0.890255
10259,0.45549
10888,0.960216
7287,0.841849
60076,0.249363
35687,0.447863
33276,0.919992
72247,0.403104
30281,0.812415
98282,0.403551
28420,0.572242
97091,0.826338
21844,0.950189
26618,0.046627
94700,0.671493
55836,0.542106
97092,0.991738
69823,0.715319
1855,0.013236
69196,0.210432
96497,0.649492
107430,0.402993
69824,0.289956
13307,0.892904
117111,0.143299
69825,0.562828
106808,0.826585
13883,0.289656
80092,0.555372
113496,0.849312
111092,0.193119
107431,0.514345
98283,0.587978
60710,0.35503
5483,0.332195
81341,0.596821
78313,0.110191
102539,0.741328
78890,0.486659
90373,0.433613
6085,0.38531
11485,0.969094
81342,0.351395
71034,0.902218
37573,0.942688
86824,0.091901
76479,0.600292
23632,0.718165
112889,0.474099
67372,0.511503
71035,0.806565
27798,0.284264
56412,0.769748
10889,0.654613
65544,0.44809
1236,0.168167
40007,0.028225
92849,0.106397
40600,0.543993
41827,0.76189
104958,0.835825
35688,0.448652
13308,0.055693
57005,0.452957
94701,0.121292
70436,0.259301
13884,0.035387
88014,0.25243
101935,0.570483
89204,0.064749
40601,0.334079
41197,0.602461
81969,0.037877
61299,0.451904
64917,0.746517
112299,0.904608
82550,0.824472
71036,0.536176
67373,0.573751
82551,0.800777
2441,0.762331
33864,0.989908
93465,0.41933
58846,0.452752
111093,0.107993
54020,0.687104
24219,0.276588
77069,0.688619
32091,0.128045
51579,0.391263
51580,0.925992
37574,0.287861
11486,0.148586
47374,0.928693
20039,0.377385
106809,0.868243
49715,0.718159
605,0.121802
19409,0.462783
111094,0.960924
77070,0.631759
114680,0.482879
89205,0.723142
97685,0.240697
45528,0.351656
105585,0.049509
85012,0.411621
50339,0.086273
12684,0.120618
57006,0.208974
49716,0.879155
110497,0.890379
81970,0.428032
27207,0.962245
55249,0.692133
85616,0.365127
10260,0.502428
58847,0.238794
44930,0.486704
74093,0.813975
111696,0.782317
22464,0.63919
19410,0.159451
89206,0.044631
91608,0.827453
13885,0.713926
37575,0.47153
57600,0.225633
98912,0.659892
118320,0.763531
112890,0.39198
40008,0.321984
119537,0.967903
120172,0.397101
97686,0.555413
35689,0.303365
59483,0.579773
8458,0.309268
69197,0.414148
69198,0.217022
66749,0.514844
92850,0.59394
61907,0.368463
95910,0.423286
101317,0.620385
73511,0.047314
107432,0.442768
59484,0.728667
4866,0.459081
59485,0.696908
12685,0.791774
81971,0.016649
105586,0.083624
12093,0.73039
35691,0.273262
35690,0.713616
75868,0.544189
28421,0.7909
4867,0.743488
121411,0.904581
36942,0.013851
77703,0.596961
9082,0.264439
12094,0.666878
27799,0.278212
52168,0.62043
96498,0.53777
81343,0.656852
50340,0.428178
67374,0.451893
101936,0.714808
24220,0.180221
12686,0.698808
53401,0.255614
14527,0.503133
111095,0.47853
41828,0.831238
74679,0.885486
30282,0.328529
98284,0.988657
32680,0.733579
29033,0.089754
36307,0.156909
100107,0.545009
20674,0.835486
103764,0.603547
61300,0.463828
38168,0.430737
57601,0.630645
1856,0.598754
83766,0.536993
44931,0.459785
66750,0.495136
47375,0.804215
81344,0.495231
80093,0.899436
110498,0.362228
69826,0.496474
17576,0.814297
77071,0.257095
80715,0.245619
103154,0.565666
85617,0.511837
46774,0.182138
58848,0.522355
102541,0.872008
34467,0.575142
63705,0.56175
107433,0.087186
102540,0.349172
40602,0.485407
58849,0.531212
10261,0.224969
108681,0.814988
33865,0.317313
29656,0.049023
109864,0.948744
45529,0.947749
12687,0.252701
77072,0.583818
32681,0.350354
2442,0.58607
81972,0.110051
76480,0.685009
100108,0.936354
18824,0.710442
78891,0.32846
93466,0.115546
64918,0.08282
94702,0.9629
46137,0.175168
90374,0.486151
63102,0.902584
23050,0.766565
29034,0.946295
607,0.163656
20675,0.331021
67375,0.14544
118938,0.981999
606,0.444183
4243,0.201066
83767,0.778093
66751,0.112378
60077,0.969361
52169,0.600656
8459,0.355719
16358,0.154554
39416,0.910197
58850,0.96116
90985,0.374616
12095,0.63419
608,0.64824
85618,0.070769
61908,0.969747
108682,0.282483
103765,0.310989
7288,0.791001
110499,0.495226
11487,0.734601
97093,0.892479
68583,0.486701
40603,0.61605
1237,0.657637
88620,0.658233
78892,0.403084
13886,0.198954
65545,0.803202
95911,0.608968
21259,0.089525
85619,0.594246
97094,0.567579
101937,0.775848
35692,0.351144
106180,0.950497
61909,0.649811
32092,0.274753
18209,0.3429
52170,0.33053
83157,0.403574
67982,0.20688
24814,0.292725
28422,0.360834
19411,0.601656
97095,0.010339
76481,0.269572
9083,0.407231
112300,0.11143
38169,0.299432
109865,0.352529
97096,0.793619
43089,0.603455
86825,0.615361
44932,0.889632
41198,0.860001
24221,0.960489
53402,0.30302
38792,0.574759
13309,0.337913
88015,0.844774
95311,0.009954
28423,0.833214
66752,0.483631
46775,0.448004
47376,0.505054
85013,0.391161
24222,0.725252
24815,0.9058
98913,0.770256
25445,0.402339
38793,0.959511
120173,0.191711
104959,0.92319
88621,0.748977
4868,0.677335
67983,0.753332
111697,0.528254
55250,0.239845
44933,0.417231
43669,0.634434
53403,0.721283
7874,0.936487
10890,0.854513
67984,0.548403
102542,0.069643
45530,0.173194
121413,0.92373
121412,0.494617
92224,0.129182
73512,0.324777
70437,0.0718
87420,0.701527
11488,0.451872
78893,0.354637
27800,0.778588
69827,0.931686
32093,0.570351
32094,0.146524
7875,0.385662
63103,0.971733
26619,0.764044
100109,0.936962
106810,0.081515
22465,0.611631
11489,0.301084
32682,0.429644
115314,0.806544
68584,0.764979
108050,0.038065
7289,0.763377
4869,0.193276
97097,0.773551
76482,0.580245
104347,0.794109
120802,0.444733
100110,0.48981
102543,0.097178
17577,0.397186
22466,0.558881
49717,0.177449
13887,0.225972
94079,0.000645
11490,0.471166
25446,0.045124
11491,0.333295
61910,0.514331
106181,0.19991
66154,0.576924
17578,0.930826
35693,0.855612
69199,0.86161
106811,0.214955
30887,0.198337
118321,0.169596
72248,0.079581
75869,0.972042
4244,0.165108
27208,0.673645
120803,0.821014
52781,0.432458
44934,0.386861
15729,0.101409
18825,0.583848
30888,0.995402
89786,0.151903
108051,0.136264
10262,0.946909
6086,0.578203
109866,0.206093
106182,0.797305
1857,0.625514
49718,0.680157
64317,0.837337
2443,0.149143
69828,0.615684
13888,0.150506
80716,0.34682
94703,0.267511
78314,0.269979
63706,0.575537
69829,0.412614
35082,0.282168
108683,0.615732
49719,0.849979
1858,0.856933
120174,0.278659
101319,0.50846
75261,0.051114
101318,0.749978
1859,0.742543
9658,0.650669
27801,0.378215
108052,0.422351
53404,0.71754
86245,0.074549
117112,0.07466
12096,0.790318
49720,0.73605
54633,0.572124
103766,0.623993
27802,0.239076
118322,0.940287
49135,0.743655
77704,0.312837
88016,0.874265
26620,0.150634
78315,0.00846
98914,0.453071
71641,0.423466
77073,0.416615
21260,0.823781
66155,0.127023
64318,0.614539
88622,0.353864
71642,0.505215
80717,0.261988
97098,0.744645
43090,0.927207
81345,0.273228
15730,0.293185
25447,0.073864
56413,0.869838
32683,0.673396
97099,0.716709
57602,0.078622
77074,0.369376
12688,0.027304
107434,0.119487
61911,0.863922
111096,0.505984
52171,0.121452
101320,0.196846
117694,0.367448
54634,0.609007
61301,0.513929
76483,0.675939
18210,0.843808
13889,0.284772
101938,0.241639
16359,0.651199
103155,0.811579
17579,0.98418
20676,0.370901
9084,0.894365
86246,0.624363
54021,0.479771
109867,0.508968
115315,0.009326
72882,0.775947
119539,0.701632
119538,0.560862
43091,0.469244
62490,0.978589
6659,0.938689
98915,0.813385
89787,0.912607
83768,0.539125
94704,0.067298
38794,0.606851
30889,0.422611
115316,0.381133
13890,0.529296
105587,0.912351
80718,0.206913
27803,0.591777
83769,0.291205
84388,0.89438
69830,0.41598
10891,0.792512
57603,0.887248
39417,0.214851
32684,0.297373
42455,0.207851
29657,0.164586
75262,0.546733
46138,0.252951
109868,0.620447
43670,0.526098
38795,0.543733
40009,0.881025
61912,0.50405
15112,0.884554
104348,0.52876
97687,0.134846
72249,0.984896
85620,0.691026
55837,0.087657
12097,0.091904
28424,0.336394
50341,0.934095
97688,0.283843
27209,0.946585
24816,0.532258
97689,0.66974
36943,0.064229
86247,0.871978
86826,0.89272
96499,0.586197
88017,0.444471
76484,0.129041
106812,0.107227
77705,0.46718
117113,0.476518
23051,0.929346
60078,0.021029
12689,0.990084
79513,0.34442
90986,0.622749
67376,0.056648
24223,0.958685
103767,0.054047
29658,0.852727
46139,0.327806
85621,0.931242
27210,0.751293
67985,0.110055
49721,0.13249
1860,0.948814
92851,0.867796
109260,0.179928
114681,0.696359
26621,0.510656
65546,0.370693
78316,0.258406
38796,0.563764
106183,0.022967
108053,0.681778
105588,0.48894
21845,0.751062
5484,0.460365
106184,0.32501
113497,0.317526
120804,0.078958
121414,0.046085
32685,0.039659
16957,0.38157
114682,0.901046
10263,0.968754
106185,0.340572
36944,0.574722
106186,0.842461
21846,0.003705
80719,0.26497
113498,0.276193
45531,0.682554
110500,0.7865
35694,0.42289
60079,0.786276
79514,0.292572
81346,0.540602
115914,0.209701
65547,0.068874
3036,0.488251
113499,0.335586
21847,0.925464
36308,0.454999
64319,0.241873
10892,0.364357
15731,0.407172
83770,0.038635
40604,0.363297
43671,0.280175
98916,0.397906
7290,0.449818
53405,0.392798
29035,0.734732
108054,0.055431
74094,0.025352
56414,0.614271
69831,0.547142
7291,0.05033
78894,0.648891
89207,0.769955
66753,0.247837
12098,0.10305
51581,0.975496
63707,0.11997
13310,0.557303
54022,0.923173
53406,0.734126
33277,0.512127
107435,0.162744
37576,0.051297
112891,0.072267
100711,0.450792
96500,0.702937
54635,0.348489
33278,0.54511
47967,0.42752
68585,0.530104
108055,0.586435
28425,0.711718
67377,0.156317
71643,0.190454
104349,0.096775
114102,0.736404
28426,0.663994
54023,0.557342
94080,0.484178
48547,0.099018
117114,0.094914
3655,0.01381
89208,0.444179
45532,0.517085
44935,0.008377
54024,0.130327
119540,0.240683
84389,0.024896
67378,0.489375
115317,0.276201
13891,0.321158
30283,0.636584
41199,0.113648
55838,0.99445
111698,0.762001
58851,0.719019
78895,0.11904
80720,0.525637
20040,0.542877
93467,0.86122
109869,0.86775
84390,0.289727
17580,0.961631
60080,0.505337
66754,0.49036
74095,0.655415
62491,0.339969
111097,0.058098
59486,0.655618
41200,0.519572
100111,0.389799
85622,0.894059
8460,0.027664
86827,0.817261
10893,0.131906
103768,0.52247
4245,0.466376
113500,0.949491
66156,0.986565
68586,0.957914
81347,0.028429
95912,0.008936
60081,0.227873
35083,0.389322
103769,0.626195
16958,0.060189
63708,0.583353
120175,0.694227
41829,0.159947
60082,0.488331
33279,0.820385
75870,0.905656
43092,0.722663
106813,0.098292
112892,0.384825
4246,0.286111
13892,0.817896
20041,0.757565
30284,0.598881
120176,0.471595
42456,0.592363
96501,0.021861
118323,0.413073
57604,0.633521
6087,0.670064
112893,0.72265
20677,0.96098
103770,0.79016
56415,0.193132
62492,0.708071
100712,0.568523
38170,0.838649
97100,0.566549
11492,0.719982
15113,0.768031
27804,0.830445
81348,0.170352
15114,0.354714
48548,0.932552
56416,0.795691
3656,0.815914
116520,0.930418
116521,0.083421
20042,0.915783
45533,0.416343
27805,0.134467
5485,0.900303
97690,0.863707
49136,0.279753
46140,0.335849
27806,0.038628
49137,0.869235
92852,0.45839
28427,0.41232
8461,0.88829
51582,0.30043
121415,0.879859
68587,0.336404
72250,0.818424
609,0.214297
86828,0.961676
44301,0.678958
39418,0.629593
89209,0.257414
50943,0.133947
112301,0.387186
62493,0.98398
14528,0.924728
46776,0.609059
14529,0.86592
85014,0.750821
100713,0.856795
610,0.372672
98917,0.096822
109261,0.593587
31507,0.114904
114103,0.057332
20678,0.747076
77075,0.244193
60711,0.928792
64919,0.147694
55251,0.592411
117115,0.754084
85623,0.765556
76485,0.9021
16959,0.994177
97101,0.707446
102544,0.301658
64320,0.259729
32686,0.891428
99528,0.912362
19412,0.734785
118324,0.426865
107436,0.540405
75263,0.938633
52782,0.690327
54025,0.998242
24224,0.910053
91609,0.983928
53407,0.371702
64321,0.573207
40605,0.424488
41201,0.186502
109870,0.88214
40010,0.441532
104350,0.77174
80721,0.926412
65548,0.639105
120805,0.560957
60083,0.514575
55839,0.291121
44302,0.954608
60084,0.230483
20043,0.330472
57007,0.984172
4247,0.977682
4870,0.840185
67379,0.1986
120177,0.204764
47968,0.080493
59487,0.209885
100112,0.088998
111098,0.119347
16960,0.071284
9659,0.479133
81349,0.227461
1238,0.779905
61913,0.050148
13311,0.402591
107437,0.458656
2444,0.483462
109871,0.539457
43672,0.39008
49722,0.740728
52172,0.559622
36945,0.292878
47377,0.605491
72883,0.906186
109262,0.66415
61914,0.92466
29036,0.342932
32687,0.450783
15732,0.564428
28428,0.974952
74096,0.128009
104351,0.709914
44936,0.049915
12690,0.410411
109263,0.453782
26622,0.529041
75871,0.350326
108056,0.966257
108684,0.719636
1239,0.833026
71644,0.442665
56417,0.706213
54636,0.115185
107438,0.73936
40011,0.649992
52173,0.482979
99529,0.238652
34468,0.487043
73513,0.804653
100714,0.226157
77706,0.209647
101939,0.290922
49723,0.757503
13312,0.720868
81973,0.589013
98285,0.285922
112302,0.368823
1861,0.215812
74097,0.466056
104960,0.632707
83158,0.115322
59488,0.372122
84391,0.215056
111099,0.523692
50944,0.470433
81350,0.169144
117116,0.011296
76486,0.952461
35084,0.584749
81974,0.949431
41830,0.79445
112894,0.35913
118939,0.445858
66755,0.717298
93468,0.99378
50945,0.343123
85015,0.437482
89788,0.631114
72251,0.171647
66756,0.715596
94081,0.337833
88623,0.306682
104352,0.543273
104961,0.753643
100715,0.910105
108057,0.855332
118940,0.191774
30285,0.963486
32688,0.046787
26623,0.644058
15733,0.836258
113501,0.17123
31508,0.689576
105589,0.939486
5486,0.703194
82552,0.219646
12691,0.445752
100716,0.662003
36309,0.424259
29659,0.615854
58852,0.26866
49724,0.847153
87421,0.728009
38797,0.489105
88624,0.490612
117117,0.664278
16360,0.787719
111699,0.74151
104353,0.418986
55252,0.829995
21848,0.045998
38171,0.790496
33280,0.630566
5487,0.565316
112303,0.187113
104962,0.530161
3657,0.387447
83771,0.066013
118325,0.110916
103771,0.348142
9660,0.960826
105590,0.073429
11493,0.009119
73514,0.008649
10264,0.510908
65549,0.505292
611,0.187108
94705,0.512759
84392,0.81612
81351,0.502618
104963,0.630069
83772,0.950654
106187,0.450487
66757,0.337028
28429,0.46086
103156,0.821298
96502,0.877962
38172,0.418331
44303,0.159278
28430,0.21365
53408,0.76176
39419,0.269034
17581,0.447698
98918,0.366933
98286,0.416247
16961,0.726548
6088,0.492154
18826,0.109226
30890,0.708935
4871,0.369964
16361,0.080701
47969,0.785858
90987,0.906319
87422,0.467102
40012,0.692808
52174,0.773324
64920,0.844165
34469,0.573161
44937,0.769667
115915,0.241653
26624,0.124061
89789,0.914232
75264,0.300395
102545,0.319547
98919,0.887102
12099,0.208808
23052,0.193205
27807,0.527345
24225,0.424731
107439,0.597461
80094,0.641259
80722,0.57755
116522,0.76674
111100,0.821535
57605,0.320472
99530,0.673242
85624,0.383732
6660,0.582611
66157,0.589795
83773,0.39395
35085,0.055903
98287,0.158098
118326,0.009658
98288,0.860822
6089,0.440969
90375,0.923437
47970,0.620219
89790,0.477705
121416,0.89916
54637,0.831162
7292,0.574014
95312,0.074161
64322,0.392039
43093,0.4882
1862,0.780991
41202,0.697728
73515,0.667378
100113,0.95464
111700,0.461162
40606,0.760046
118327,0.08274
26041,0.647746
103157,0.917731
60085,0.074473
80095,0.645835
63104,0.259493
90376,0.91742
81352,0.737629
116523,0.222159
77076,0.561406
71037,0.724218
101321,0.581475
90988,0.201261
50946,0.853783
17582,0.076911
13893,0.954934
63709,0.848134
26042,0.939255
26625,0.584212
102546,0.34032
57008,0.06942
30891,0.730026
22467,0.59161
35695,0.023228
121417,0.791515
105591,0.50806
116524,0.082268
81353,0.936312
41831,0.855593
4872,0.821362
73516,0.606652
13894,0.812338
85016,0.47405
7293,0.653703
10266,0.02083
10265,0.331885
103772,0.552487
69200,0.71664
84393,0.811494
116525,0.440401
98920,0.685909
80096,0.530547
87423,0.856419
34470,0.668791
21849,0.918844
44304,0.022677
78317,0.146319
14530,0.580878
58853,0.486343
21261,0.964452
57009,0.222892
9661,0.562519
85017,0.423832
85018,0.915877
118328,0.300369
111701,0.743633
115916,0.600363
29037,0.561879
10894,0.326335
84394,0.439739
44305,0.305009
34471,0.865873
15115,0.724646
66758,0.104252
93469,0.101962
21262,0.226957
85019,0.708021
26626,0.712109
15116,0.510201
85625,0.466605
40607,0.173816
62494,0.404214
83774,0.251914
45534,0.592075
101322,0.767158
44938,0.315261
117695,0.662977
90377,0.952699
25448,0.49124
3658,0.522274
6090,0.755312
91610,0.308092
39420,0.629496
46777,0.504023
19413,0.555832
67380,0.171465
28431,0.778004
3037,0.742908
78896,0.076204
69201,0.881118
26043,0.740703
105592,0.170093
60712,0.207475
54026,0.528792
19414,0.683076
47971,0.581431
9662,0.09933
21850,0.909004
111702,0.501416
108058,0.461801
13895,0.757026
44939,0.7876
5488,0.756117
53409,0.528922
41203,0.828543
24817,0.317405
119541,0.524966
81975,0.28084
3038,0.327666
89210,0.981527
65550,0.779924
35696,0.762054
31509,0.724883
109872,0.702267
53410,0.509705
52175,0.944878
58229,0.502755
2445,0.472064
55840,0.036263
61302,0.960995
4873,0.888041
6661,0.763282
27211,0.064146
20679,0.9598
80723,0.509995
65551,0.525744
111703,0.573391
32095,0.227768
14531,0.101104
80097,0.987888
60086,0.081502
45535,0.150848
35697,0.231731
60713,0.87705
114104,0.552828
25449,0.6203
44940,0.58803
5489,0.731477
104964,0.470099
77707,0.123251
18211,0.22847
47972,0.653154
67381,0.190952
50342,0.061166
105593,0.856879
90378,0.605964
3659,0.407066
27212,0.340684
68588,0.477285
18827,0.370749
94082,0.204195
32096,0.127112
43094,0.502675
29660,0.217117
17583,0.810918
18828,0.772751
16962,0.722028
4248,0.477667
45536,0.641182
8462,0.267361
26045,0.549472
55841,0.620933
76487,0.956741
26044,0.120206
97102,0.353818
67986,0.061007
117696,0.343968
15117,0.366669
4249,0.831021
108059,0.819764
98289,0.590701
11494,0.073783
46141,0.080451
95313,0.712835
118329,0.87307
3039,0.442507
9085,0.715565
42457,0.317984
78318,0.469855
71645,0.605785
100114,0.205752
6091,0.974253
26627,0.371003
24226,0.498941
82553,0.856865
56418,0.201663
117697,0.877727
22468,0.053353
118330,0.166075
83159,0.168832
9086,0.791798
86829,0.120564
64323,0.733163
74098,0.239327
88625,0.590672
4250,0.8338
24227,0.97802
40013,0.430376
91611,0.312532
109264,0.109509
76488,0.425586
121418,0.319935
110501,0.769679
80724,0.773267
64921,0.522207
36310,0.26968
24818,0.887931
85626,0.018042
26046,0.003454
95314,0.517363
80098,0.895175
18829,0.656365
27213,0.363416
56419,0.591256
90989,0.223958
108060,0.271537
65553,0.873611
66158,0.06611
98921,0.640888
65552,0.290899
30892,0.387861
113502,0.06899
1240,0.919469
119542,0.676323
63105,0.434944
20680,0.433521
65554,0.804334
110502,0.9009
35086,0.980829
10895,0.012956
1863,0.152288
30286,0.412045
83775,0.797917
22469,0.087822
28432,0.252666
95913,0.370333
51583,0.828532
73517,0.732955
47378,0.295668
65555,0.288922
52176,0.098509
106814,0.005328
31510,0.479068
107440,0.818914
63106,0.143003
90379,0.723158
60087,0.530244
93470,0.035346
66759,0.132274
88018,0.071217
33281,0.226546
59489,0.661367
6092,0.928973
38173,0.601979
80725,0.715834
8463,0.363767
77077,0.096765
44306,0.828664
103158,0.301614
72884,0.346897
120178,0.75471
71646,0.831326
9087,0.403031
105594,0.593183
74680,0.951735
104965,0.571932
52177,0.348808
64922,0.996808
89792,0.313741
98922,0.512059
96503,0.842471
49725,0.196777
89791,0.227132
118331,0.780557
94706,0.903474
64923,0.328154
119543,0.569328
86248,0.010657
26047,0.450443
54638,0.289692
17584,0.880675
39421,0.972071
9663,0.138847
30287,0.003747
87424,0.335175
100717,0.973969
26628,0.679487
69202,0.272273
108061,0.827719
71038,0.185972
55253,0.283998
92225,0.442404
72252,0.593499
61915,0.703261
108685,0.249289
57606,0.276931
95315,0.266997
116526,0.768162
85627,0.681477
12100,0.675868
67987,0.860447
104966,0.610607
95914,0.385034
76489,0.230076
53411,0.747349
80726,0.340843
18212,0.31838
108062,0.617458
41832,0.178281
111101,0.388406
49726,0.996798
40014,0.451871
13896,0.065753
90990,0.089369
92226,0.597018
11495,0.916992
12692,0.033047
89211,0.486865
69203,0.630157
117118,0.876389
20681,0.55618
81976,0.256646
68589,0.431541
61916,0.846757
81354,0.93915
51584,0.694713
66159,0.63039
71039,0.168121
113503,0.235633
121419,0.859424
94707,0.227313
108063,0.982161
1241,0.634245
67988,0.626417
95915,0.761961
46778,0.732898
90991,0.803442
12101,0.604825
77708,0.81039
117698,0.209015
35087,0.805729
76490,0.927832
74681,0.799132
45537,0.719112
65556,0.958341
111704,0.149913
1242,0.791397
60714,0.617063
21263,0.165043
24819,0.404443
102547,0.266521
612,0.240497
83160,0.876377
6662,0.391255
68590,0.907061
114105,0.851495
21264,0.662852
80727,0.735911
97103,0.375405
90380,0.762743
103773,0.740423
109873,0.257759
106815,0.583955
61917,0.914155
1243,0.667992
114683,0.681077
57607,0.804655
78897,0.561108
91612,0.833844
58230,0.142741
44307,0.618842
18213,0.220465
114684,0.682753
27214,0.969807
10267,0.691404
20682,0.88188
108686,0.180073
67382,0.788647
23633,0.076426
52178,0.724535
1864,0.007022
48549,0.445935
92853,0.459193
32097,0.217121
117119,0.86038
40015,0.450869
46779,0.812991
41204,0.644863
56420,0.238648
67383,0.278176
90992,0.786963
86249,0.477747
80728,0.422115
61918,0.818385
50343,0.56371
90993,0.26834
75265,0.610796
92854,0.886238
15734,0.878382
78319,0.770014
61303,0.617853
95316,0.820384
1244,0.730609
56421,0.871635
114685,0.936937
33866,0.524401
45538,0.151728
34472,0.54246
25450,0.323573
20683,0.119446
35698,0.27981
77078,0.121992
30288,0.048846
55254,0.31064
7876,0.694574
119544,0.503147
72253,0.757291
68591,0.579873
31511,0.271625
97691,0.42411
74099,0.941532
35088,0.790221
36311,0.824974
106816,0.521006
20044,0.607572
118941,0.548569
71647,0.453128
119545,0.051308
9088,0.639773
41833,0.85109
41205,0.449476
63108,0.104261
63107,0.768051
32098,0.954369
69204,0.843818
18830,0.07333
69832,0.475273
32099,0.977639
119546,0.377248
4251,0.214841
15735,0.745904
97104,0.442879
63710,0.521237
116527,0.676999
49138,0.794094
52179,0.146573
6093,0.718829
71648,0.893968
9664,0.722116
21265,0.976221
26629,0.877112
42458,0.519105
57608,0.409764
46780,0.842184
59490,0.720783
31512,0.360398
9089,0.988131
16362,0.795827
29661,0.601467
81355,0.242171
99531,0.19366
55255,0.99564
21266,0.442008
41834,0.191514
75872,0.653515
41835,0.740654
1245,0.230146
78320,0.531698
43095,0.749689
69205,0.880941
88019,0.060106
94708,0.550804
52180,0.641269
50947,0.985628
98923,0.21102
13897,0.316301
54639,0.668526
83161,0.491769
13898,0.294723
12102,0.234796
9665,0.332856
85020,0.396148
1865,0.452095
4874,0.470131
108687,0.115544
12103,0.003303
76491,0.951957
91613,0.868251
100718,0.494252
24228,0.629023
26048,0.020217
120179,0.985134
7294,0.534149
68592,0.192388
106188,0.708275
7877,0.492946
74682,0.207673
75873,0.036469
67989,0.74252
49139,0.460013
56422,0.699803
20045,0.862302
10896,0.215814
38798,0.650856
81356,0.140503
15118,0.072351
98924,0.128738
40016,0.983133
91614,0.972167
23053,0.249273
114106,0.286864
62495,0.428242
64324,0.929759
80099,0.111415
29038,0.509082
47379,0.466505
30893,0.743701
83776,0.707858
43673,0.729279
7295,0.445655
28433,0.042867
103159,0.566442
51585,0.073381
32100,0.189155
41836,0.70918
49727,0.567654
2446,0.416055
64924,0.75018
4252,0.142745
115318,0.661938
86830,0.188552
90994,0.157063
114686,0.851142
110503,0.674507
75266,0.887337
71649,0.763577
55256,0.137724
4875,0.801086
29662,0.917931
80729,0.667528
33282,0.260478
104967,0.602375
92227,0.307765
23634,0.902521
117120,0.886661
53412,0.16876
3040,0.821139
120180,0.365911
75267,0.657039
1866,0.730322
105595,0.454928
613,0.710925
28434,0.202405
10268,0.895506
84395,0.047224
49140,0.07337
17585,0.790978
67990,0.260013
52181,0.480956
121420,0.742343
100115,0.15314
94083,0.698305
85021,0.586601
27808,0.720506
115917,0.388122
47380,0.82927
106189,0.794693
113504,0.20248
69833,0.809431
37577,0.38685
42459,0.996533
104968,0.316266
71650,0.277412
20046,0.136967
35089,0.054305
43096,0.717283
62496,0.331543
50948,0.838822
95317,0.841441
64325,0.056239
63711,0.221015
80730,0.31105
33283,0.541958
105596,0.284276
93471,0.003828
118942,0.438804
4876,0.755479
61919,0.876878
17586,0.641514
61304,0.931995
20684,0.951744
2447,0.677572
15736,0.527369
49141,0.924495
41206,0.940478
76492,0.274574
119547,0.878084
21851,0.180229
35699,0.100185
54640,0.083253
66160,0.37569
75874,0.833758
72254,0.797352
58854,0.008713
23054,0.799428
61920,0.878943
66161,0.154535
32689,0.924726
95318,0.057382
66162,0.583702
54027,0.714656
63109,0.852926
1246,0.777189
4253,0.170959
98925,0.863624
70439,0.097246
70438,0.657432
114687,0.219053
49728,0.964194
101323,0.666462
7296,0.732172
88020,0.433102
12693,0.91073
57609,0.175906
35090,0.900892
66163,0.512315
25451,0.098305
100116,0.479165
89212,0.386486
10897,0.915444
15737,0.091028
26049,0.669646
109265,0.521995
89793,0.74744
66164,0.483695
74683,0.301557
84396,0.08611
112304,0.57091
71040,0.457254
23055,0.219931
81357,0.264085
75875,0.569155
103160,0.705251
63712,0.103089
46781,0.331122
117699,0.007386
67384,0.05093
105597,0.905654
71041,0.414351
81358,0.361274
104354,0.103824
6094,0.391781
21852,0.126572
80100,0.415852
2448,0.867169
32690,0.788438
106190,0.516401
88626,0.727385
24229,0.733214
90995,0.844485
65557,0.176292
83777,0.955444
115918,0.940498
14532,0.480607
32101,0.158252
47973,0.855374
22470,0.086832
57010,0.071722
75876,0.112154
64925,0.391943
83162,0.423473
93472,0.565847
46782,0.671289
101940,0.470406
12694,0.512728
45539,0.880133
85628,0.027439
25452,0.946225
6663,0.699894
66165,0.575758
117121,0.251083
75268,0.323302
111705,0.341814
26630,0.744738
24230,0.663843
1867,0.64446
50949,0.328725
33867,0.452376
54641,0.707497
63110,0.683963
32102,0.851759
10269,0.984708
71651,0.265746
57011,0.857823
93473,0.41521
84397,0.068251
30289,0.372589
121421,0.22223
50950,0.921664
18831,0.421871
57610,0.740178
56423,0.061624
51586,0.311276
79515,0.294682
38174,0.945417
85629,0.428623
40608,0.795749
93474,0.762592
20047,0.80636
6664,0.706658
37578,0.868208
114688,0.038163
52783,0.751594
92228,0.973762
97105,0.422586
40609,0.885911
40610,0.555035
118332,0.768174
111102,0.41008
64926,0.385737
2449,0.239174
37579,0.308952
104969,0.995498
3041,0.195964
54642,0.25949
97692,0.054638
103774,0.690208
55257,0.538057
76493,0.325885
9666,0.11797
32691,0.187296
90381,0.22289
23056,0.710056
97106,0.999371
119548,0.044182
108064,0.665707
100117,0.19388
38175,0.756366
89794,0.127663
50344,0.212539
33284,0.127946
2450,0.067276
105598,0.669779
12104,0.419209
97107,0.401454
32692,0.692644
95916,0.199015
87425,0.851918
27809,0.934814
41207,0.351618
43674,0.510435
102548,0.336947
30894,0.960714
64927,0.993265
100719,0.399825
75269,0.668176
1247,0.027744
4254,0.825141
117700,0.765707
7297,0.4241
28435,0.959879
79516,0.594298
36312,0.564822
27215,0.948009
73518,0.554068
67385,0.587944
1868,0.567401
6095,0.440767
110504,0.872525
17587,0.707357
54643,0.781136
67991,0.105795
114689,0.709985
110505,0.689776
44941,0.808507
114107,0.11041
96504,0.380982
38176,0.218178
63111,0.794696
86250,0.645533
30290,0.673325
29663,0.286328
51587,0.432053
113505,0.546368
111706,0.84294
72255,0.982993
52784,0.289291
51588,0.901778
94709,0.408646
11496,0.089127
74684,0.235281
5490,0.737498
12105,0.59952
112895,0.466342
4877,0.355496
85022,0.419974
98926,0.464056
64326,0.25854
83778,0.181469
93475,0.591853
14533,0.479713
71042,0.146121
48550,0.779742
2451,0.417453
37580,0.868703
14534,0.350766
22471,0.957633
44308,0.93273
5491,0.450868
58231,0.187005
3042,0.133218
44942,0.555955
29665,0.683305
29664,0.89284
74100,0.750531
72885,0.926613
38177,0.782853
84398,0.589621
108688,0.549563
100720,0.090061
86251,0.202196
14535,0.010157
3043,0.194674
32693,0.487104
614,0.592001
69206,0.283066
30291,0.882779
111103,0.932505
23635,0.562872
114108,0.59487
52182,0.752412
28436,0.909772
24820,0.860627
48551,0.359451
25453,0.396058
110506,0.680228
121422,0.395797
18832,0.483091
39422,0.688435
1248,0.064671
69834,0.353427
615,0.213757
74101,0.108163
65558,0.314378
20048,0.520704
38799,0.898488
118943,0.473975
118333,0.004782
18214,0.275757
105599,0.771053
97108,0.454901
38800,0.145091
616,0.448395
1249,0.516294
106817,0.479175
25454,0.586658
22472,0.590673
29666,0.808538
12106,0.632719
66760,0.424951
69207,0.522989
27810,0.338473
114690,0.111203
75270,0.934841
4878,0.409677
73519,0.119107
31513,0.039606
30895,0.239378
52183,0.329289
61305,0.807403
46142,0.504143
14536,0.477592
109875,0.149661
114109,0.344103
21853,0.850781
109874,0.955132
23057,0.967401
97109,0.861846
78898,0.405534
85023,0.093407
77079,0.63558
6665,0.406543
90996,0.182858
43097,0.747317
112305,0.286414
9667,0.195363
67386,0.784756
100721,0.947212
71652,0.134704
97693,0.620091
114691,0.733261
15738,0.573707
70440,0.532545
1250,0.567023
62497,0.979667
117701,0.328366
46143,0.985783
104970,0.784391
56424,0.411352
4255,0.057912
4879,0.613817
40611,0.236107
32103,0.910041
52184,0.209546
31514,0.113341
74102,0.78759
72256,0.140212
104355,0.563425
21854,0.323367
59491,0.237569
73520,0.360283
72257,0.580203
4256,0.886362
97694,0.220041
99532,0.149682
65559,0.809518
62498,0.591585
98927,0.338912
63713,0.390385
34473,0.666563
50951,0.493926
38178,0.543142
38179,0.825064
36313,0.859825
7878,0.841116
103161,0.130985
56425,0.840626
80101,0.793902
23058,0.05147
2452,0.197936
117702,0.814696
54644,0.851743
50345,0.848312
53413,0.836274
103162,0.066659
23059,0.134971
57012,0.628882
36946,0.65561
25455,0.515209
3660,0.697453
39423,0.79108
34474,0.967627
21267,0.415285
5492,0.560853
95917,0.809175
68593,0.353481
40017,0.811329
90997,0.403673
33868,0.671327
4257,0.940707
64928,0.133543
39424,0.469324
47974,0.12868
104971,0.055049
85630,0.907593
70441,0.506582
42460,0.687175
21268,0.562306
49729,0.312788
52185,0.55187
53414,0.434231
26050,0.474222
100722,0.077982
112896,0.312106
86831,0.881746
63714,0.075601
33869,0.087917
47381,0.354418
116528,0.120898
69835,0.32202
41837,0.644122
59492,0.346495
30896,0.878238
38180,0.059978
58232,0.759716
26051,0.746321
61306,0.717955
118334,0.141076
62499,0.326118
83779,0.609307
115919,0.435289
6096,0.493561
93476,0.3155
5493,0.762549
3661,0.911574
98290,0.633039
90382,0.523219
32694,0.309087
89795,0.939441
40612,0.373375
83163,0.811428
81978,0.04488
81977,0.242732
1869,0.540007
106191,0.022728
57611,0.717001
35700,0.782209
1251,0.178648
88627,0.49554
71653,0.250366
44309,0.066986
58233,0.492396
78899,0.44653
101941,0.979619
43098,0.522839
15119,0.39522
56426,0.872237
32104,0.667486
33285,0.959993
81359,0.946685
44943,0.076325
99533,0.715756
36947,0.749603
3662,0.008332
53415,0.240393
92229,0.426221
110507,0.108866
49730,0.124453
80731,0.567633
63715,0.461529
36948,0.592603
120806,0.178748
38801,0.220133
49143,0.352425
49142,0.396406
27811,0.883024
63112,0.727908
97110,0.572439
65560,0.424633
88021,0.698533
72258,0.452832
89796,0.358106
51589,0.200477
103775,0.047266
35091,0.004848
75877,0.373948
7879,0.216848
71043,0.553064
40018,0.512293
112897,0.45577
39425,0.545123
78900,0.356844
115920,0.955376
97111,0.591088
103776,0.97606
85024,0.566156
83780,0.87385
54645,0.351216
80732,0.693851
99534,0.101108
67992,0.035243
92230,0.192002
88628,0.934117
17588,0.816426
80733,0.84286
26631,0.693043
55842,0.937046
26632,0.08818
47975,0.622103
54646,0.702371
104356,0.55664
16963,0.445203
86832,0.866932
88629,0.938318
115921,0.824723
48552,0.459253
8464,0.780182
46783,0.592281
68594,0.259313
120807,0.533325
21855,0.817473
106192,0.608599
89797,0.936115
100723,0.085565
72886,0.849981
62500,0.722574
106818,0.921745
39426,0.587047
40613,0.301924
53416,0.370158
99535,0.262887
88022,0.876629
26633,0.871824
70442,0.142019
48553,0.540266
10898,0.189339
118335,0.753576
30292,0.919657
9668,0.938972
73521,0.330487
4880,0.893033
98291,0.471814
90998,0.973897
104357,0.428241
74685,0.533114
107441,0.822698
24821,0.909821
117122,0.852393
104972,0.227806
12695,0.47293
65561,0.624518
112898,0.135501
24231,0.813658
58855,0.191524
44944,0.948849
61921,0.24601
112306,0.901719
17589,0.679645
46144,0.516383
31515,0.042025
10899,0.723739
100118,0.679289
33870,0.941281
30897,0.349965
98928,0.826551
35092,0.392524
58234,0.919464
94710,0.085296
65562,0.462103
9090,0.628981
35093,0.143047
54028,0.698658
114110,0.02147
78321,0.613802
22473,0.002873
89798,0.259921
72887,0.378255
42461,0.914549
69836,0.958638
64929,0.093177
16964,0.917769
35701,0.266467
25456,0.20976
20685,0.952836
72259,0.417118
58235,0.797239
35094,0.603124
26052,0.663873
76494,0.039713
61922,0.001715
9669,0.378985
118336,0.754307
3044,0.437671
85025,0.608759
3045,0.536855
61307,0.852074
75271,0.399334
98929,0.156748
37581,0.865633
35095,0.76808
103163,0.424181
94084,0.955705
40019,0.41548
114111,0.475537
44310,0.443864
119549,0.336509
95319,0.952376
98292,0.547703
54029,0.801344
7880,0.0245
104973,0.36603
117123,0.201456
90383,0.642875
50952,0.252556
18215,0.361911
20686,0.108993
71654,0.386476
71655,0.199206
13899,0.923139
50953,0.81713
21856,0.257875
117124,0.547274
115922,0.803091
80734,0.227635
121423,0.542924
79517,0.143592
9091,0.026011
30293,0.054115
52785,0.838855
36949,0.452741
72888,0.455735
81979,0.245465
29039,0.609592
92855,0.279064
4881,0.735787
104358,0.666768
27216,0.760216
83781,0.267702
119550,0.005849
62501,0.877573
7298,0.470162
68595,0.48626
80102,0.211809
16363,0.225599
98293,0.315169
27217,0.705671
56427,0.67105
64327,0.657876
49144,0.315504
55843,0.362364
82554,0.317343
33286,0.008188
3046,0.395239
72889,0.631604
108065,0.08307
43675,0.499823
54030,0.992015
112307,0.957526
30898,0.644924
97695,0.245615
37582,0.285947
47382,0.187683
7881,0.907563
104974,0.699173
72260,0.397461
44945,0.667254
119551,0.340026
78901,0.654187
121424,0.902195
19415,0.404214
76496,0.045066
82555,0.230617
77709,0.990773
85631,0.678207
112308,0.386766
21269,0.924285
36950,0.326701
76495,0.834359
50346,0.418868
8465,0.003926
2453,0.818863
79518,0.784648
67387,0.883006
86833,0.653526
4882,0.703602
75272,0.784415
27812,0.362948
23636,0.781524
58236,0.490526
46784,0.606866
14537,0.660333
3047,0.8708
71656,0.679195
64329,0.821175
64328,0.822015
22474,0.694783
40020,0.88259
66761,0.285497
41208,0.689371
76497,0.360322
86834,0.656682
29040,0.593469
100119,0.085421
81360,0.713448
75878,0.487302
64930,0.126573
54031,0.936782
100724,0.454269
50954,0.564374
95320,0.322054
71044,0.518392
105600,0.052666
34475,0.948565
67993,0.546321
100120,0.420518
61923,0.492053
111104,0.176743
81361,0.357821
38181,0.127529
73522,0.300553
120181,0.769472
58237,0.899416
17590,0.16976
85632,0.721402
76498,0.892255
35096,0.127199
50347,0.829985
29041,0.236062
57013,0.019266
36314,0.842335
77080,0.338797
36951,0.752844
5494,0.157309
106819,0.369905
2454,0.679891
23637,0.491217
96505,0.222654
56428,0.342932
52186,0.292039
72890,0.998393
116529,0.534065
49145,0.386466
89213,0.767893
73523,0.607978
85026,0.404311
5495,0.285143
82556,0.2861
29042,0.314042
32695,0.625318
29667,0.653727
51590,0.705767
113506,0.635986
46785,0.237585
80103,0.419729
97112,0.598272
31516,0.973509
10900,0.933213
64330,0.582156
85027,0.60769
92856,0.653767
75879,0.021601
67994,0.673014
47383,0.613991
71045,0.298067
57014,0.125717
86835,0.881513
10901,0.555452
26053,0.337428
45540,0.179134
43676,0.472479
44311,0.19526
103164,0.892546
63113,0.377695
22475,0.727461
47384,0.168078
78322,0.136734
101324,0.775459
109876,0.791708
29043,0.631486
17591,0.296464
58856,0.916099
617,0.273665
89799,0.097548
93477,0.187153
18216,0.266811
103165,0.368195
7882,0.365288
33287,0.784388
72891,0.461455
13900,0.573479
10902,0.390146
85028,0.007021
102549,0.23991
60715,0.260725
60716,0.575915
55844,0.775548
1870,0.274661
88023,0.766183
94085,0.821502
67995,0.657191
22476,0.287265
71046,0.379042
25457,0.075353
26634,0.253524
75880,0.46402
46786,0.498394
66762,0.098704
10270,0.114408
21857,0.800966
49146,0.401294
43677,0.004853
75273,0.360945
120808,0.183023
85633,0.183907
57015,0.238022
95321,0.374615
3663,0.467925
49731,0.747925
31517,0.711101
98930,0.74831
4883,0.566699
79519,0.952402
44946,0.487071
71657,0.690355
39427,0.421391
25458,0.844418
46145,0.728145
71047,0.177587
6666,0.809309
75881,0.31703
49732,0.788614
55258,0.379678
64931,0.66447
68596,0.395405
78902,0.826201
50956,0.403377
50955,0.916132
116530,0.368693
72261,0.513324
44312,0.234597
114692,0.340663
109266,0.923014
41838,0.073789
119552,0.375618
16965,0.226257
19416,0.789156
23060,0.61792
13313,0.15448
77081,0.928388
9092,0.852749
74103,0.652507
35702,0.16559
35097,0.834172
26635,0.508652
89800,0.834574
6667,0.321314
4258,0.239579
64332,0.393045
64331,0.274475
74104,0.380333
17592,0.659195
87426,0.587443
85634,0.735484
43678,0.488962
67388,0.884347
81362,0.628128
5496,0.299807
20049,0.396372
10271,0.111553
20687,0.335451
25459,0.65715
32105,0.53879
110508,0.640817
32696,0.31155
30294,0.872061
111707,0.3376
15739,0.89464
47976,0.268364
67996,0.794755
101942,0.207437
6668,0.513228
45541,0.411579
12107,0.822136
49733,0.713276
103166,0.721197
80104,0.612734
46787,0.471957
21270,0.543375
75274,0.913095
94087,0.404315
103777,0.566488
12696,0.46722
94086,0.478964
96506,0.741782
618,0.160254
82557,0.504127
109267,0.489789
119553,0.65778
43679,0.067016
112309,0.131992
36315,0.831817
66166,0.359066
21858,0.61629
12697,0.229255
9093,0.238843
79520,0.982436
120809,0.126658
76499,0.768815
92231,0.013568
95322,0.494869
87427,0.000881
32106,0.710963
21271,0.414705
72262,0.493244
13901,0.696485
67997,0.688315
58857,0.147252
110509,0.222261
20050,0.351574
19417,0.432962
60717,0.062063
106820,0.271768
12108,0.995046
76500,0.552571
56429,0.698991
15740,0.868463
9670,0.019884
52786,0.50929
57016,0.195572
38182,0.289007
27813,0.799224
110510,0.00987
49734,0.617573
63114,0.605784
16364,0.103579
47977,0.550696
64333,0.3259
59493,0.0863
7883,0.163672
16365,0.560793
21859,0.201415
35703,0.260538
93478,0.44637
114693,0.650711
86836,0.00893
62502,0.61322
107442,0.66533
50957,0.618453
117703,0.86735
13902,0.548132
76501,0.652637
105601,0.27826
35704,0.387611
1252,0.019265
120810,0.851099
103167,0.750356
95918,0.226208
33288,0.07768
18833,0.961431
85635,0.585843
29044,0.729723
23638,0.039417
4884,0.246525
43680,0.693784
23639,0.908849
36316,0.991211
68597,0.767847
36952,0.562405
9671,0.810302
89801,0.917689
95919,0.529809
80105,0.082949
38802,0.652929
73524,0.328238
18834,0.409014
51591,0.068831
106821,0.371843
111708,0.845765
95323,0.832567
90999,0.121389
70443,0.993106
14538,0.690482
97113,0.380863
90384,0.723834
115923,0.366521
69208,0.359376
25460,0.091259
4885,0.41223
61924,0.307474
94711,0.235527
85636,0.421677
110511,0.3835
92232,0.343267
90385,0.784527
95920,0.36868
4259,0.248319
69837,0.268976
68598,0.512979
55259,0.315966
49147,0.046751
10903,0.010991
73525,0.761901
7884,0.851347
91615,0.832716
46788,0.256697
12109,0.241895
69838,0.933108
50348,0.986261
29045,0.7445
26636,0.517707
23640,0.048234
94712,0.765962
89214,0.296369
87428,0.902827
7885,0.823906
18835,0.331994
88630,0.597104
92857,0.709491
84399,0.996044
21272,0.500632
63116,0.594481
55845,0.201177
113507,0.32147
40614,0.607938
91000,0.622249
63115,0.227259
111709,0.419029
46146,0.291629
75275,0.08801
66167,0.105166
71658,0.816499
15741,0.340591
89215,0.42684
17593,0.638374
31518,0.000748
98294,0.383765
13903,0.266814
115319,0.117784
75276,0.619797
63716,0.008461
111105,0.353469
1871,0.974933
30295,0.825466
109268,0.156865
43681,0.550988
80106,0.43001
84400,0.407564
36317,0.898112
106822,0.241947
91616,0.089864
108066,0.257771
15742,0.472654
94713,0.605329
78903,0.6699
35098,0.310324
46789,0.887596
93479,0.572793
106823,0.805908
64932,0.231043
27814,0.43917
67998,0.189705
26054,0.872534
18217,0.286983
101325,0.475389
5497,0.47794
21273,0.448857
94714,0.998442
52787,0.976777
93480,0.802517
112310,0.78733
61308,0.698253
49148,0.495354
86837,0.374862
21860,0.714952
33871,0.140785
108067,0.061994
81363,0.434248
55846,0.540847
94715,0.065335
109877,0.947002
115320,0.413678
121425,0.351201
92858,0.873608
4886,0.720988
17594,0.276697
92233,0.579859
7299,0.523063
91617,0.422257
78323,0.234092
61309,0.281449
51592,0.588652
88631,0.531474
103168,0.160366
44947,0.986777
93481,0.247452
17595,0.439683
18218,0.5481
65563,0.814403
19418,0.70193
64933,0.664708
101943,0.239538
93482,0.539683
115924,0.633964
73526,0.480713
81980,0.835607
48554,0.174992
109269,0.061079
4260,0.749218
58858,0.011128
117125,0.113636
85637,0.556589
77710,0.933626
18219,0.606746
46147,0.701836
53417,0.399787
19419,0.942906
48555,0.190005
51593,0.893892
104975,0.213983
82558,0.909801
96507,0.086071
102550,0.098108
72263,0.324641
49149,0.664348
91618,0.040665
40021,0.884163
54032,0.737471
69839,0.638814
97696,0.439985
83164,0.602291
79521,0.890945
112899,0.476851
95921,0.517761
54033,0.108562
113508,0.446396
64934,0.410393
26055,0.342858
4887,0.874671
65564,0.917749
45542,0.090516
106824,0.494376
104976,0.000432
81981,0.398498
15120,0.763921
100725,0.155517
67389,0.463227
15743,0.907767
79522,0.913191
76502,0.33076
41839,0.082025
64935,0.216211
59494,0.244169
75882,0.840961
7886,0.49665
114694,0.647614
40615,0.622973
23641,0.477164
27815,0.923439
60718,0.40115
19420,0.628054
72264,0.678632
32697,0.136874
20051,0.520974
86838,0.762405
34476,0.175088
30899,0.704049
102551,0.042579
112311,0.671971
63717,0.818182
108689,0.105152
78904,0.456597
39428,0.252987
6097,0.64889
57017,0.699337
56430,0.78982
109270,0.332738
67390,0.995047
16966,0.825177
40616,0.554519
13904,0.481701
3664,0.158597
109878,0.62959
67391,0.868262
71048,0.943441
80107,0.900789
40617,0.367267
64334,0.322848
12110,0.10982
47978,0.817765
3665,0.567269
10904,0.296312
58238,0.699664
111710,0.527771
78905,0.168562
46148,0.722603
80735,0.718282
57018,0.32031
108068,0.955347
87429,0.264013
41840,0.932929
56431,0.811062
32698,0.100497
66763,0.866941
94088,0.334627
13905,0.420868
107443,0.348874
24822,0.027264
52187,0.573796
3666,0.138185
112900,0.068988
72265,0.946639
52188,0.7794
46790,0.460619
38183,0.570353
60088,0.497076
47979,0.715367
14539,0.602814
97114,0.497659
73527,0.451073
55847,0.797788
37583,0.058339
99536,0.733964
26056,0.667959
86252,0.503145
64335,0.906708
87430,0.764366
112312,0.924435
57612,0.614981
65565,0.598223
18836,0.193312
57019,0.481949
115321,0.712083
41209,0.125138
42462,0.856144
63117,0.507928
71659,0.201057
120182,0.173834
86253,0.905734
113509,0.418195
64336,0.239293
7887,0.386254
106825,0.535899
50958,0.646136
20688,0.064848
71049,0.736899
41841,0.097586
121426,0.554678
14540,0.733285
31519,0.377618
64337,0.558703
67999,0.885204
120811,0.649173
120812,0.601258
38184,0.022278
7888,0.900815
104359,0.664569
63118,0.870976
86254,0.479761
106826,0.640676
106193,0.721972
119554,0.182932
7300,0.311487
88632,0.504636
54034,0.447665
619,0.083068
117126,0.93406
106194,0.410339
1253,0.012481
88633,0.081883
112313,0.389715
62503,0.030855
85638,0.261515
101326,0.767824
18220,0.171199
41842,0.69124
114112,0.620628
94716,0.450555
53418,0.733669
13314,0.562242
37584,0.388589
8466,0.588422
13906,0.029516
100726,0.572652
1254,0.087932
19421,0.86259
79523,0.913666
65566,0.965415
33289,0.520962
60719,0.761806
47385,0.637581
71661,0.119087
71660,0.087506
95922,0.974185
84401,0.341888
109879,0.537395
63119,0.535167
53419,0.10375
43099,0.870383
30296,0.531347
120183,0.854252
61310,0.208204
100121,0.767112
52788,0.151974
24232,0.082932
13907,0.290641
15121,0.508263
46791,0.708841
77082,0.289725
83165,0.365364
6669,0.06926
117704,0.464278
66168,0.803155
29046,0.118813
30900,0.113747
57613,0.043583
90386,0.658511
64936,0.364737
22477,0.217693
14541,0.595094
83166,0.091347
46149,0.063906
9094,0.656601
52189,0.461853
61311,0.650761
28437,0.672778
62504,0.12297
24233,0.984225
110512,0.458815
109880,0.354576
72892,0.758644
95324,0.869333
99537,0.112059
108690,0.238448
37585,0.901734
94089,0.781336
45543,0.052853
89216,0.054911
83167,0.489551
69840,0.368775
119555,0.830641
80736,0.033799
29047,0.393131
113510,0.130617
6670,0.896448
86255,0.957264
68599,0.54364
109881,0.765762
116531,0.671046
80737,0.578832
70444,0.940927
60720,0.636616
21861,0.556413
18837,0.348174
32699,0.960073
54647,0.027457
100122,0.777181
20689,0.619929
100727,0.124929
84402,0.643351
72266,0.812371
43682,0.905496
63120,0.289225
20690,0.465417
17596,0.960618
93483,0.750376
45544,0.16724
42463,0.805459
113511,0.333598
61312,0.286521
54035,0.598082
55260,0.686327
55848,0.773535
50959,0.115979
40618,0.370442
7301,0.635192
72893,3.3e-05
51594,0.070994
98931,0.759544
35099,0.119989
1255,0.60691
113512,0.604767
77711,0.572655
109882,0.64398
12111,0.311617
77712,0.309348
62505,0.152757
49735,0.525241
30297,0.156116
74686,0.929849
90387,0.894217
117705,0.201056
78906,0.010205
36318,0.738986
32107,0.988497
97115,0.619836
82559,0.367608
118944,0.820186
82560,0.652853
49736,0.277327
3667,0.560804
55261,0.329521
84403,0.121002
15122,0.723418
58239,0.408322
16366,0.845557
18838,0.518385
120184,0.684979
63121,0.516764
98932,0.463614
26057,0.912559
46150,0.949754
103778,0.188605
109271,0.539643
86839,0.675835
109883,0.701003
100728,0.057833
66764,0.14844
24234,0.281548
64937,0.940222
49737,0.699587
96508,0.687626
88024,0.778024
119556,0.183578
100729,0.204299
118337,0.369669
71662,0.124507
37586,0.619315
104977,0.561513
93484,0.222662
114113,0.444455
120813,0.254672
2455,0.837982
104361,0.167335
104360,0.94626
52190,0.27341
32700,0.586232
44948,0.354469
99538,0.146557
20052,0.216909
114114,0.775597
102552,0.410059
49150,0.456577
43100,0.733608
28438,0.905489
44313,0.378102
38803,0.537887
86840,0.04921
31520,0.870456
16967,0.54277
21274,0.864136
50349,0.464692
81982,0.642545
106827,0.988096
46151,0.931965
35100,0.718164
91619,0.041368
7302,0.823146
68000,0.249313
113513,0.978339
3048,0.975157
109272,0.356492
58859,0.252207
60089,0.764316
55262,0.758021
91001,0.519542
31521,0.302251
620,0.589902
86256,0.600525
58240,0.128051
621,0.961244
33872,0.720142
109273,0.34251
106828,0.019336
115925,0.71963
57614,0.426287
65567,0.46048
35101,0.187349
10272,0.383847
12698,0.16183
60090,0.591058
19422,0.31919
25461,0.212826
103779,0.692745
79524,0.182521
44949,0.376759
14542,0.563653
112314,0.915125
87431,0.524208
44950,0.657372
86257,0.472476
1872,0.119443
69209,0.343135
89217,0.081525
9672,0.798649
26637,0.530994
47386,0.803554
104362,0.870268
20691,0.07519
48556,0.391681
2456,0.79577
100730,0.375341
34477,0.823653
102553,0.077036
95325,0.439054
102554,0.774438
80108,0.797508
4261,0.746609
13908,0.571501
108691,0.907342
45545,0.469025
21862,0.294746
114695,0.511181
116532,0.567465
95923,0.975492
68001,0.638188
33290,0.149316
64338,0.821611
102555,0.187049
47387,0.503758
26058,0.449829
18839,0.133509
66169,0.841247
58860,0.07138
22479,0.541639
30901,0.838084
75883,0.893325
6098,0.969822
38804,0.024963
7889,0.926014
22478,0.993782
28439,0.177598
98295,0.032214
55263,0.490375
38186,0.985203
38185,0.840819
58861,0.37028
77713,0.176432
100123,0.171289
43101,0.199321
26059,0.608695
82561,0.351095
93485,0.505473
60091,0.878554
121427,0.892572
112901,0.292263
5498,0.237819
118945,0.527734
40619,0.150495
49738,0.171474
23061,0.698491
82562,0.480684
30298,0.76177
83782,0.577244
9673,0.982651
49739,0.899062
75884,0.355181
33291,0.871304
9095,0.082323
101327,0.241868
15123,0.239077
22480,0.139563
111711,0.858975
19423,0.853541
24823,0.58711
90388,0.467602
39429,0.398254
37587,0.639608
35102,0.414076
13909,0.109096
30902,0.130361
61925,0.856031
39430,0.211894
88025,0.842113
20692,0.425715
54036,0.154958
23062,0.991934
9096,0.383508
32108,0.337472
85029,0.869853
32701,0.058836
42464,0.248361
65568,0.556534
24825,0.784573
36319,0.429831
103780,0.571652
24824,0.180662
104978,0.853131
97697,0.194234
21275,0.867999
83168,0.47103
71050,0.249649
60092,0.47942
98296,0.026551
57020,0.940258
88634,0.678303
74105,0.953459
72894,0.462873
57615,0.451066
111712,0.863574
116533,0.772626
57616,0.265998
45546,0.297039
27218,0.553232
30299,0.960297
20693,0.37945
110513,0.368991
21863,0.831608
35103,0.728731
38805,0.278184
101944,0.355255
109884,0.388441
29668,0.927255
29048,0.76439
20053,0.228535
75885,0.081539
114115,0.502803
81364,0.340909
95326,0.927635
76503,0.80079
88026,0.034699
92234,0.641951
30300,0.243209
6671,0.737638
97116,0.80407
12699,0.306943
50350,0.594142
80738,0.572243
84404,0.034553
41843,0.823323
1256,0.029974
57021,0.582185
33873,0.815646
91002,0.035701
59495,0.867506
70445,0.669249
60721,0.708937
40022,0.46323
20054,0.342578
37588,0.872206
119557,0.28573
105602,0.732178
101945,0.06587
9097,0.236917
91620,0.560205
70446,0.905289
90389,0.617068
32109,0.995488
119558,0.085359
26638,0.227258
89218,0.930983
3668,0.776807
76504,0.777768
29669,0.843365
110514,0.51176
63718,0.06419
69210,0.761774
15744,0.005733
1257,0.068498
60093,0.797831
63122,0.427244
80739,0.355564
40023,0.405263
21864,0.652926
94717,0.376435
63720,0.397852
35104,0.76776
88027,0.916346
9674,0.146574
109885,0.885324
63719,0.462373
4888,0.309005
4889,0.163584
74687,0.191347
38187,0.859506
69841,0.901615
13315,0.984396
10905,0.506975
100731,0.978074
8467,0.748318
39431,0.78814
65569,0.05185
80740,0.656889
32110,0.758163
3669,0.737201
63123,0.920406
32111,0.14883
44314,0.379184
59496,0.286572
20055,0.48646
24826,0.747089
58241,0.244781
85030,0.514493
117706,0.187208
18840,0.255014
7303,0.059875
24827,0.257526
119559,0.40013
74106,0.063284
37589,0.369786
40024,0.76024
82563,0.18966
43102,0.410112
120185,0.850401
20056,0.259206
75277,0.352809
1258,0.062974
57617,0.687026
93486,0.956614
109886,0.318044
52191,0.470346
50960,0.064089
26639,0.432957
74107,0.266421
57618,0.171517
84405,0.652262
30301,0.405534
121428,0.96789
92235,0.39063
121429,0.603968
100732,0.092088
109887,0.573668
68600,0.481069
12700,0.039446
80109,0.52959
107444,0.765446
66170,0.527
46152,0.966376
91621,0.528482
81983,0.116195
69842,0.036485
89219,0.977915
85031,0.536957
60722,0.521617
622,0.936951
79525,0.740747
57022,0.993929
118338,0.623912
93487,0.501624
17597,0.78665
54648,0.923326
37590,0.906978
6672,0.952468
16968,0.639958
36953,0.933088
25462,0.2557
29670,0.834308
93488,0.723149
47980,0.406649
24828,0.333615
103781,0.857403
109888,0.836602
108692,0.463956
50961,0.275116
112315,0.348096
4890,0.972927
18221,0.987728
12701,0.094973
66765,0.129068
94718,0.694351
33874,0.222311
49151,0.653265
92236,0.363721
4262,0.624327
120186,0.741053
52192,0.927702
2457,0.826711
117707,0.939133
74688,0.892238
71663,0.697705
69211,0.868427
32112,0.127692
101946,0.474044
88028,0.354634
113514,0.026205
83169,0.662763
30302,0.023251
106829,0.259541
103782,0.048859
55264,0.97317
76505,0.052567
80110,0.889205
52193,0.749532
90390,0.802974
16367,0.863031
36954,0.354537
115926,0.707099
5499,0.601659
101328,0.897477
50351,0.546164
114116,0.575121
82564,0.663829
3670,0.213875
71664,0.237736
48557,0.275206
75278,0.024596
91003,0.514374
101947,0.625189
82565,0.41215
26060,0.821246
9675,0.692206
32702,0.569232
80741,0.758354
55265,0.246237
74108,0.256182
58862,0.758406
16969,0.817132
84406,0.64505
38806,0.503211
64339,0.670236
57619,0.717919
51595,0.078963
98297,0.539943
121430,0.999969
85639,0.445428
106195,0.776535
55849,0.582102
81984,0.876805
114117,0.544422
15124,0.18331
81985,0.162086
14543,0.053705
30903,0.960767
117127,0.287079
115322,0.672543
27219,0.072694
89802,0.730551
23063,0.197462
54649,0.166427
103169,0.07103
103783,0.488733
48558,0.279114
11497,0.992536
3049,0.607622
84407,0.358555
121431,0.196487
49740,0.012439
117708,0.808581
72895,0.322823
88029,0.65899
118946,0.974648
77083,0.588356
58863,0.683125
51596,0.77656
34478,0.167649
81365,0.334041
39432,0.797543
6673,0.192869
74109,0.786406
20057,0.571876
623,0.09713
107445,0.768147
79526,0.253195
89220,0.687617
115927,0.655549
104363,0.132861
44951,0.60734
94719,0.252242
4263,0.421322
14544,0.711705
3050,0.131648
61313,0.855924
30904,0.996384
13316,0.120591
115323,0.250274
115324,0.525815
75886,0.133115
100124,0.484922
15125,0.025888
97698,0.058309
88635,0.398776
36320,0.14253
2458,0.826987
16368,0.396409
109274,0.998419
86258,0.016965
36321,0.842774
20058,0.234973
92859,0.128375
22481,0.24966
116534,0.706319
105603,0.459948
75279,0.804733
3051,0.669882
32703,0.809498
15126,0.837187
8468,0.283069
49741,0.222613
50962,0.778316
62506,0.614582
23064,0.138821
87432,0.46605
67392,0.50492
89221,0.433943
3052,0.304435
19424,0.665522
46153,0.90976
69212,0.12452
63124,0.585045
111106,0.78205
49152,0.362756
105604,0.474844
45547,0.633362
85032,0.661944
41210,0.20291
47981,0.090818
49153,0.703565
107446,0.425015
69843,0.749878
4891,0.265285
95327,0.937823
114696,0.076923
59497,0.09605
27220,0.420285
106830,0.888526
114118,0.325086
624,0.644103
31522,0.642234
36955,0.145922
2459,0.410649
59498,0.568563
81986,0.683865
98933,0.259775
86259,0.287552
117128,0.97098
41211,0.458721
97699,0.783128
30303,0.261921
17598,0.858364
117709,0.882711
60723,0.10697
12702,0.307891
94720,0.871225
86260,0.274956
88636,0.960368
26640,0.723898
50963,0.447496
48559,0.246941
76506,0.759962
16369,0.050529
91622,0.158911
84408,0.805607
78907,0.265763
16370,0.041672
46154,0.019893
18841,0.416465
61314,0.640813
4264,0.815512
42465,0.507583
74110,0.083883
111713,0.642676
47388,0.367166
77084,0.116487
9098,0.032003
65570,0.398278
43683,0.652962
103784,0.507568
112316,0.672819
5500,0.209731
119560,0.040438
24829,0.794115
83170,0.82214
47982,0.120913
13317,0.890121
40620,0.998067
18222,0.4891
34479,0.679232
60724,0.525027
86841,0.723238
83783,0.867864
6674,0.628941
68002,0.524442
73528,0.123475
92860,0.649092
6099,0.160901
3671,0.863932
12112,0.892203
26061,0.540005
13910,0.231724
112902,0.34875
101948,0.735388
5501,0.212969
3053,0.848682
86842,0.090217
86843,0.438214
112317,0.206255
100733,0.623938
117129,0.668782
116535,0.292657
26641,0.098246
7890,0.552062
103785,0.511577
81987,0.53339
38188,0.15088
5502,0.512401
40621,0.040748
46155,0.30412
57620,0.111927
61315,0.240106
86261,0.76566
78908,0.856627
35705,0.751441
28440,0.642339
80111,0.92353
51597,0.811229
26062,0.093272
13911,0.005123
40622,0.842823
35105,0.357115
50352,0.611395
68003,0.000557
14545,0.131573
63721,0.361668
107447,0.220255
117710,0.874288
29049,0.681353
6675,0.095809
117130,0.064289
55266,0.194296
91623,0.424065
117711,0.128097
86262,0.276756
81366,0.155247
6676,0.143724
91004,0.421382
101329,0.824685
78909,0.923943
31523,0.706558
27816,0.011961
75887,0.952433
98934,0.444369
3054,0.124478
52194,0.738729
77714,0.168528
12113,0.495493
36956,0.327839
103170,0.168082
7304,0.650159
625,0.411316
29671,0.836852
118947,0.819344
103171,0.953009
111107,0.372857
104364,0.951016
13318,0.572367
30905,0.701537
95328,0.884596
109889,0.248187
51598,0.606742
111108,0.422056
54037,0.320356
27817,0.338271
112903,0.858863
41212,0.132963
28441,0.282324
117131,0.216733
22482,0.577715
17599,0.158824
115325,0.070191
