longitude,latitude,target,habitat_quality_score,biodiversity_index,canopy_density,soil_moisture_level,forest_age_years,tree_density_per_hectare,annual_rainfall_mm,habitat_fragmentation_index,predator_pressure_score,vegetation_complexity,forest_type,climate_zone,soil_type,disturbance_level,conservation_status,dominant_tree_species,water_source_type,temperature_variability,elevation_range,human_activity_index,canopy_height_avg,seasonal_variation_score
-68.62413187028778,-32.86816044023586,0,38.746018006792724,0.8692214340063004,0.5846785988069197,6.031726527423059,97.91182980084902,396.49316410201646,1293.0660995209053,0.5072213138752657,1.0401419031766812,3.0,tropical_rainforest,montane,peat,low,unprotected,palm,stream,4.037666171119431,730.6549276644079,0.07525595886036332,6.710189660086053,6.874973851279279
-51.9644449628344,1.9789705760625989,0,17.456343267534812,3.4148650958141906,0.3279836110559444,4.694214757915104,169.73969765710783,350.57989022481496,2353.8148178876863,0.24761382492201095,7.522185380853152,9.0,dry_forest,temperate,loam,minimal,unprotected,pine,none,5.88294472743077,316.78042920589587,3.614124297164607,30.77075156373139,6.384739261091276
-50.58586559271331,-5.300425280125027,0,43.88304563449437,1.9302660391299906,0.750885341879345,7.8643566241095275,214.6021117044439,237.87277647498624,1147.090078295325,0.5748024722485143,3.255146104575471,4.0,dry_forest,subtropical,loam,moderate,unprotected,palm,seasonal,3.3663296522513737,474.80221014218944,2.251488768817457,5.0,5.690438220342659
-64.66674054292143,-32.10008653858513,0,29.736057916839503,1.7245587491602485,0.3223549330530493,4.44848010299386,275.1533421153327,458.725204800432,1252.2070358065585,0.6486013332979402,6.404152258856692,9.0,tropical_rainforest,temperate,loam,low,buffer_zone,mahogany,stream,8.984896805332223,187.29237074585438,3.063365327660951,16.284970417009564,6.328447836219434
-72.51234215721325,-5.718455884751066,1,66.54712263343316,9.257866508590139,0.42881163987939064,3.8225630536901694,179.54044412509552,346.3912297573876,604.7829169878099,0.7325624320954449,4.880406109269504,2.0,dry_forest,tropical,clay,low,unprotected,bamboo,seasonal,3.966467023797629,191.6394900348394,3.8886259417522138,36.7965036245004,5.78087438321635
-62.703174951626,-36.79855764432404,0,41.55874333552549,4.430203852795307,0.4544416894814769,4.255030893871866,283.56572511822714,345.0889749845675,3233.8761462942794,0.47628895671388594,2.3645631054137626,7.0,dry_forest,montane,peat,high,unprotected,bamboo,stream,5.308080536721498,418.1752175793467,1.6779640388047832,27.053007648651363,6.551827663089392
-89.1579722709625,15.36837433308482,0,16.732665811785555,2.207206211437921,0.28406399416404615,3.8947522014858866,162.23771784026954,196.38236903440637,1365.650068996073,0.38581460415140395,9.468028897011576,10.0,mangrove,temperate,loam,low,protected,pine,none,4.088463741578386,127.178694262868,6.530934515022318,25.1485958922231,6.782136844941471
-52.560846095686756,-0.13226691462609372,0,55.372620000545496,2.2576926517816007,0.6544294828419543,4.451002477532787,126.48264381266209,528.9016291612239,2126.8425738256888,0.6311164418909193,4.549994893992188,2.0,tropical_rainforest,subtropical,clay,minimal,protected,palm,seasonal,6.71936125888276,548.0837174071406,0.45823284361325906,31.55836565681026,5.561906758727929
-77.43560012102596,-9.019672458706737,1,60.278816918915666,6.564346620388921,0.4090745244462919,4.124519723135837,245.18097138155122,399.4345271852411,1677.8199094979059,0.43073409244815786,3.2813801518295644,1.0,cloud_forest,tropical,laterite,minimal,protected,cecropia,river,6.9118441301148446,432.17204884664216,0.499135767795385,34.13479069274621,5.063015981314566
-62.03751163042754,-5.31057984074275,0,47.483187595413256,0.308102158126683,0.4639356989076746,7.884307343982819,264.61510893561245,525.8885799645972,1540.727472326859,0.813004833714247,1.2385175467709022,3.0,secondary_forest,temperate,alluvial,high,buffer_zone,fig,river,5.907816724402151,478.88974552707646,5.237171532364027,20.675964590582335,6.609641992816826
-63.51219889294756,-30.342664753876814,0,52.07092665787037,1.6688448563453222,0.5540794909258351,7.927561451942392,106.02116916650955,418.21991835107053,1789.337237917884,0.6950457364399784,6.957965086530397,9.0,mangrove,temperate,laterite,moderate,unprotected,fig,river,19.0895070514785,387.19999459232235,0.10924830007341725,23.209680567614704,3.643596117809652
-71.9986691168265,-49.40334295078596,0,16.694079627374304,1.6098970988070618,0.30436887839505955,3.224337315312999,241.78640261994408,283.34852880195666,3356.3900041082575,0.6002840083250316,3.1256944337702355,5.0,cloud_forest,tropical,peat,high,buffer_zone,kapok,seasonal,8.238127587609787,266.40961495728345,0.6445481268818003,10.58782232529051,5.445682295355738
-47.70489689479733,-11.60102172102991,1,69.00370756208159,5.753819535099257,0.92927978536273,6.309770712549343,144.02123580285044,463.3946576096105,4000.0,0.24830828060898077,1.491864424292927,1.0,mangrove,subtropical,clay,minimal,buffer_zone,eucalyptus,none,4.53077102201429,631.5799076222524,0.0,17.883168553340912,3.8704924297506587
-64.97775263937999,-35.49374669140291,0,39.01686878483536,1.1859067801343552,0.6654558711116745,6.3639535473301505,153.5130030426482,628.369736386198,2431.2961376567187,0.619600074077758,1.3913090436533904,1.0,mangrove,montane,laterite,high,buffer_zone,fig,seasonal,5.844406947703026,574.2896422502575,10.0,34.7006391495485,5.22032963535427
-64.29291338619566,-1.0945716411025135,0,46.086926400618815,6.036369249313939,0.5668226477482928,7.120520619276109,399.75117034922044,217.38025068937336,500.0,0.4423858044157429,1.9804435284885995,1.0,mangrove,montane,laterite,moderate,unprotected,bamboo,river,4.959510492217523,482.23165030647334,0.8510494926751374,25.027886147599798,3.1232109691753593
-62.52339365282559,-36.74934791067552,0,38.52911617433006,5.042358745094786,0.2937911503645383,5.2608647779522055,167.31706544833833,217.96015407844513,1141.4916586614988,0.44998046857460233,3.484315072594283,4.0,secondary_forest,montane,laterite,high,unprotected,bamboo,river,11.031263606307592,265.7102525492259,2.001308018982965,19.42891764295486,6.4519496963170315
-84.29356012513786,15.332527800263454,0,50.45964038045373,4.498030025598011,0.0,6.407787673146976,165.44328806393528,237.5729342359852,1528.1956161617477,0.7195629630045526,4.263676097577263,5.0,mangrove,tropical,clay,high,unprotected,mahogany,stream,3.517416742430634,366.31206905806147,2.406968213956525,11.33927983503464,6.84366684500153
-74.4017807414484,-45.35059171565764,0,69.65154633053872,1.496665502022533,0.28649404604812023,7.828668506181147,323.70779464988294,399.20943061039696,1156.0434851435061,0.31606229452861684,4.225741324199851,8.0,secondary_forest,subtropical,loam,high,unprotected,palm,none,2.5432453857823623,300.64325411202867,6.388447334410237,21.506322736692567,5.26168262299687
-54.48904842581027,-14.413992188378094,1,49.011146740421395,6.818570374251708,0.34829313968645426,6.946704323381063,204.2725109857047,399.1293208199457,2395.3016167088654,0.29423060260935835,1.6231095443629862,9.0,dry_forest,temperate,loam,minimal,buffer_zone,pine,river,3.0185474082376516,945.4695377582917,0.0,41.00587057420112,8.569226361994588
-71.53619198478339,-12.783192255326501,1,91.62293051628694,3.62800515747159,0.7582386495225368,7.6484285577818385,98.59833364197898,50.0,2427.0523483453494,0.18354572394508356,1.0367467226090117,7.0,tropical_rainforest,subtropical,clay,minimal,unprotected,pine,none,2.9469474204971977,528.4537563166003,5.187146120970885,6.559129209268143,8.165749372302326
-51.16578588530789,-5.0146484223303265,0,54.09348458876868,1.0706134388703263,0.5342936579498987,4.990746419671651,211.49853683772764,437.3459072754297,1795.2128603394794,0.3570511185791309,3.597040413084188,10.0,mangrove,montane,clay,low,buffer_zone,eucalyptus,none,4.293256338702691,811.887359911704,6.088852229832238,18.756022410693742,6.914113382011546
-59.4464572371731,-24.14222722561426,1,72.17492171126122,6.4174396889514185,0.7950415423981476,4.968734008127805,86.48544071299787,392.76205228638526,1741.9238108736913,0.43909128873490333,4.565385154001852,8.0,tropical_rainforest,temperate,clay,minimal,protected,eucalyptus,seasonal,4.573524291785401,248.52812679790122,1.7077654542262874,14.180600592999255,3.9232325374396027
-69.0976813190754,2.5709611557279466,0,24.613704295289967,1.7903245325909691,0.5378826923413329,5.492990161985077,333.01333079378435,338.76010705651856,3877.1594854917716,0.3911166346218415,4.835141273257498,5.0,dry_forest,montane,laterite,high,buffer_zone,kapok,river,2.6518469481090365,552.0101347084562,0.5861919996125345,18.184907407674114,3.985314628478666
-50.107424364549246,-20.053451905171343,1,71.46471481921304,5.479584292736554,0.4480781669869631,5.44706771274552,403.4148024184437,452.2795799027093,2726.542158807292,0.4174553163827477,5.4138547594492135,7.0,secondary_forest,montane,loam,moderate,protected,kapok,none,12.990681223333564,186.20201767002905,3.5452271407392333,35.92751582022137,5.676598278466541
-64.59891297198753,-22.70353421943798,1,58.12288114343641,3.639228478485668,0.7562288469765424,3.6454380929448718,169.2847033697622,620.4982141060042,4000.0,0.38079880385810866,3.3816250850765255,3.0,cloud_forest,tropical,clay,low,buffer_zone,cecropia,stream,8.435129211249444,237.28937094003362,0.0,15.024435672835084,5.323976312520905
-59.616345973150565,-5.721762681605374,0,42.45386883406823,2.1732399236677997,0.6774829718968474,7.654864571214222,202.4863632753244,96.29437657695807,2845.633808956847,0.28391949182086756,7.188754031358651,3.0,secondary_forest,montane,sandy,high,protected,fig,river,4.921576492158816,87.61991930194597,0.6785375100487012,35.67882705591248,5.8509220242434195
-64.36698237392669,-8.657352621324506,0,46.16078321365357,2.196333603765118,0.22564120140290253,7.745638404582032,318.677190398534,435.7675835373384,3070.4551914372387,0.4539960946452557,4.720038206454816,5.0,dry_forest,temperate,clay,high,unprotected,cecropia,none,6.838754336743291,533.9317513635867,7.848672222164937,24.553423332833642,4.52735011961507
-61.34594084036999,-21.334328280828785,1,54.30244029289596,6.666995151180177,0.5372180067785605,8.356474559864687,359.4633303740129,385.0555244553921,1980.432207687159,0.41836722036009677,10.0,6.0,tropical_rainforest,subtropical,sandy,low,protected,palm,river,4.724245001205631,742.9843821637877,1.1950526241235782,19.232738843425093,6.651021640313494
-69.03206162916445,-54.26144305771865,0,43.20962807966599,2.015096356191782,0.02393441458611653,7.339139568656847,292.9128862531557,380.1196870967839,500.0,0.3061797734101699,3.973256264353823,5.0,mangrove,subtropical,loam,moderate,buffer_zone,palm,none,3.8504143744724066,579.7388234239716,2.8939238736164348,24.712505384445766,4.429094279736843
-64.72020541960508,-8.541309226215612,0,44.94653741858648,7.3660678773781765,0.504132272124564,3.317009949699032,434.06432911830797,432.99172401881555,1135.3139499551266,0.4421413215475583,1.771411214975218,4.0,tropical_rainforest,montane,sandy,high,unprotected,palm,seasonal,4.5884420559517105,388.0246137491008,6.591940929385239,36.67526038032021,3.418487554869828
-78.30800468386425,-9.067638917220659,1,64.26926174288056,6.7006342094132005,0.3794511143299694,6.724911310265709,265.50476714550933,486.7995535487338,3292.2821796773983,0.4241736820991803,6.584205470885432,6.0,cloud_forest,subtropical,sandy,moderate,buffer_zone,fig,river,6.389603404060222,585.4282294163703,8.576825693947024,15.44010659988292,8.372270888688593
-90.13663598126992,-0.6254134401000668,1,65.89623862399355,10.0,0.3482118998324551,5.934147139687107,90.27857540754093,495.8123211576527,3216.9204931894424,0.43627498440519,2.6120400888296658,9.0,mangrove,subtropical,loam,minimal,unprotected,fig,stream,3.6744366484614766,0.0,4.209227261718465,28.721890197520224,7.696303211171898
-65.71953740958313,-6.100565127817733,1,77.27961319838204,8.498841926090195,0.6256848188041563,8.333268356638712,304.427582661273,637.4058509728616,3628.829055279418,0.5135907753072826,3.932878306736526,2.0,dry_forest,tropical,clay,moderate,protected,kapok,river,13.132689184298503,112.99881254337387,1.3802075276586132,28.93311741721516,6.932919971087245
-48.24263111981019,-22.795764139480227,1,69.74044655944276,6.547668180474824,0.5862962373229027,7.743397823542783,226.0740316124751,552.9024865784795,2226.0776373090657,0.6284943156838558,0.8441370473635591,4.0,cloud_forest,temperate,loam,moderate,buffer_zone,palm,river,8.435796972350879,342.1600474906993,5.2982529508325245,35.35608999810361,4.2509033519760635
-69.26576566200954,2.6615512064757714,0,24.22843559226346,3.0093331231606046,0.15603215146769897,7.399733714365642,301.4847728147081,338.7764830381755,1619.7030791358677,0.4481055901978228,2.4009501370041653,3.0,dry_forest,temperate,alluvial,high,buffer_zone,mahogany,none,4.1231668942576825,719.5188508547955,2.871245268999846,29.240958722078584,6.897718109766622
-55.09233597327528,-12.201753299512504,1,74.23608602986664,6.863432958606895,0.5964914956859814,4.935721353840657,273.3652664159243,502.4151480464552,3173.4065906888686,0.48711708802453496,1.9941312459525014,8.0,cloud_forest,tropical,clay,minimal,unprotected,kapok,river,15.103829033303889,476.60735771175115,2.5683686901770955,32.47891004632916,6.3544647323871715
-65.67645341400512,-8.89434034110239,1,49.25865365497655,3.594752455504782,0.8020034922045104,4.124519526621015,28.380817697746892,431.16488069688,2069.29198555974,0.4408612783216985,9.239834636681836,9.0,tropical_rainforest,tropical,sandy,minimal,buffer_zone,eucalyptus,none,4.128451748183422,158.7418505325426,1.3632224464171077,43.66124913114694,6.139617420578366
-53.71222115492075,-11.017735665935023,1,52.928396417141016,4.873094614845522,0.7010987270841823,5.524160669926126,376.98533885675766,460.99280977220866,675.4102354465201,0.5371429619453629,9.390372921709218,6.0,dry_forest,subtropical,laterite,minimal,protected,kapok,river,3.3076245015055994,277.2339918358022,3.995973080509929,49.0441745278412,6.499816166748584
-85.18853061923973,14.067312432234713,0,85.32980717334777,1.8134244671204305,0.5501915620109834,5.390826816383457,103.78649442171323,433.89828122355175,3300.5995399426442,0.660022274429171,5.822455526407987,3.0,secondary_forest,montane,loam,low,buffer_zone,bamboo,seasonal,0.9412144588164137,98.74855025695233,5.74363601741444,7.757101233873949,5.417397985659743
-74.491797431896,3.133257200811988,0,42.42987875321213,1.7768352745744913,0.3495994823545686,5.71848179237571,384.9204682469123,591.1903900395538,1812.4086150373523,0.43130100355851514,1.9351428040737713,4.0,dry_forest,temperate,sandy,moderate,protected,mahogany,stream,6.631128607365323,446.41834585620506,2.428496201904724,31.96489955671624,3.5892309186290277
-56.379254392163546,-13.067163774617898,1,81.53166283295921,5.200356274513345,0.7614253422093924,6.115206673074361,203.02068197927227,293.4036413361638,1947.2473193233475,0.25971816948520215,1.9403946116155,6.0,cloud_forest,tropical,peat,minimal,protected,palm,river,4.738807250853763,610.6635893378649,1.4801586195404228,22.1535448232609,3.564092024697152
-68.97341308450004,-20.119592863357827,1,69.31832500201693,5.5624841905752636,0.8427459078862222,7.725562065355805,229.37082049499355,387.77375943699286,1914.5934086525904,0.42737076464122936,7.351859583731044,9.0,tropical_rainforest,tropical,alluvial,low,protected,pine,seasonal,2.25102133538072,637.4357021276818,0.6146688225924009,11.339740288110415,5.6190395265685975
-48.681946148854266,-6.2028623981393265,0,39.86109224998759,7.422982544610705,0.29927447838183663,6.133575400519244,368.23222129520025,431.36717700819435,2203.180927084929,0.34272787821185347,1.827809030827457,2.0,secondary_forest,montane,clay,moderate,unprotected,pine,seasonal,7.622809107301382,829.1238620398041,0.4414480022705493,31.203757176241506,4.9444494562360095
-53.25474359392433,-21.797650766002764,1,72.17466124083413,5.06890521805913,0.4830537020808749,5.534768912371278,241.66107956322725,389.95221403861365,1590.9926070940057,0.5403957342922342,7.614371070137475,5.0,dry_forest,temperate,peat,minimal,protected,palm,stream,9.298187204177427,106.51571495113,0.18116781045041666,9.240877551048477,4.591393889110787
-58.43875478397019,-32.83365873473946,0,40.94628079128372,2.99799867862006,0.6208857896599014,7.9070516018395285,220.1212970859812,281.53629012327485,3551.841991894479,0.6624637560805939,4.071726090496314,8.0,mangrove,tropical,laterite,low,unprotected,kapok,seasonal,2.969917268782237,368.676180031622,2.0959593645268164,48.67314993116182,5.753200368519221
-80.13207203873083,22.488342424064868,0,67.42046156011483,1.8755089720405085,0.2537236655474908,5.242578536091159,196.32596944340858,622.9977296718646,745.6641483814565,0.6927258445612685,2.211147205867178,2.0,secondary_forest,temperate,laterite,high,unprotected,palm,seasonal,6.233172321063244,779.5872162530806,1.9586752187500773,25.84998948156195,5.108318871783689
-70.74644946218328,-45.48582597817239,0,45.27308242563164,4.474690690388374,0.5456267950645307,5.75823368049024,165.7739735093579,221.8854675240861,1727.8502370192048,0.46270879679915594,5.493563735084068,7.0,dry_forest,subtropical,loam,high,protected,bamboo,river,0.9074412998699218,433.11486432628215,3.7527157434656875,40.95424815070486,3.6585633878496235
-56.23232687765561,0.18546782835734094,0,50.292761657738566,1.6724219619854785,0.44515006793941536,5.178099063849747,190.3029482331358,408.2039297013612,2616.7219111700356,0.44790352973883957,5.086055801550487,1.0,secondary_forest,temperate,peat,low,unprotected,palm,seasonal,6.474168512200778,288.43608334659496,4.559633071488074,27.001391736524553,4.627310908909427
-61.61590200508358,9.006902489014509,0,48.506220565488505,3.9033316304936787,0.37228735061926355,3.546769666774865,168.40033551166886,432.3174562381196,1716.1334813155336,0.8800356956723354,9.810909779529739,8.0,mangrove,montane,loam,high,unprotected,eucalyptus,seasonal,6.006025668903284,601.3886022142639,0.21057361575124708,5.0,6.642793146405701
-54.882308804646904,-16.39362097033013,1,60.63552435378649,3.2101471489325584,1.0,5.8378518080664845,92.87171097417277,281.76686411186404,1820.2892245252751,0.551951275697219,0.0,3.0,cloud_forest,subtropical,sandy,low,unprotected,palm,seasonal,2.2709682961247624,573.9369729318717,2.731410974859888,22.022869893962945,5.565445972310322
-61.144968813179545,1.1984615504722103,0,29.461775029705137,2.753432837003575,0.6985926678201093,7.21007759859254,203.21082458312762,213.16672481058123,1813.5289263856037,0.5000822369568851,4.782837866971321,1.0,tropical_rainforest,montane,sandy,low,protected,kapok,seasonal,8.927670036800293,808.6871873373058,1.6576013402935708,11.346597700806162,6.455741206975205
-49.79198481528115,-22.180730577933197,1,72.32889437107318,10.0,0.5707126358035546,8.288181469992178,239.57714156554434,562.7027360366469,1117.9350435655974,0.30366935313356,5.239495124906858,9.0,cloud_forest,montane,loam,minimal,unprotected,fig,stream,13.507023185983975,318.1197873216229,1.7511003357666195,25.30593795034184,4.885660100360852
-42.25789133497961,-9.987437477637476,0,26.359976917338976,1.2582571132102174,0.6199578398466812,4.0473421590261776,133.2570379326578,458.9928821079845,1653.0136261509308,0.6610665153393153,5.155066225587573,5.0,mangrove,subtropical,clay,high,buffer_zone,bamboo,stream,6.9825721757082775,460.0600795374234,1.8982977789242181,19.387676014078348,6.447233656933063
-73.0304578143742,-8.851112225779769,1,81.50929097622918,5.6358401396262305,0.575836675015834,6.011400646342639,256.343776865072,301.0500732559899,3239.0099858117214,0.26291798719078097,4.62021929535092,1.0,dry_forest,tropical,laterite,minimal,protected,bamboo,none,11.909203818762125,384.6677640037043,0.0,12.647638073213084,4.2885798250569565
-55.00175812879769,-30.164870887714283,0,29.934236983551546,1.7170768222505282,0.12889094186681943,7.755327200720817,218.5392640516553,144.50925432095497,2391.653894838635,0.647070276387421,8.980009678353841,8.0,secondary_forest,temperate,sandy,high,unprotected,pine,stream,2.2064845861009594,306.81535951142405,1.1961652783556018,6.325194494201579,4.522864505948412
-74.37760750826405,9.929115924255724,0,42.90765821041196,0.47383758678721244,0.3146269351544356,5.525143856934997,193.32408218226706,214.21582535872662,2323.5714903074595,0.6956247439883788,10.0,6.0,secondary_forest,temperate,laterite,low,protected,eucalyptus,seasonal,12.71348636837388,564.525803948235,0.7463988975738116,26.016850658726582,4.695624936312781
-54.573445626118605,-18.26938229031481,1,67.74861123345892,4.551032489839286,0.511084357795177,5.174376380664751,130.11862890153725,256.6067361707616,1389.2741925810458,0.2934574126059002,5.350138309098198,4.0,tropical_rainforest,tropical,sandy,minimal,buffer_zone,mahogany,river,2.269305894965155,240.26887287878523,0.8226680353009224,21.086770737169328,6.114992972144369
-67.39673888602381,18.286451395221242,0,27.72470038763966,2.9691461438411464,0.04917963986148488,5.2627733097428395,264.92544997712605,267.8627890080428,1370.068173680916,0.3240450700586606,0.9859091774411476,6.0,secondary_forest,tropical,loam,low,buffer_zone,bamboo,river,3.774479858696946,479.4959495023082,3.1635776935179694,24.893452597061305,4.5190554168711445
-67.24276474858813,-15.008556125091673,1,66.71322149911597,6.4425656914743605,0.8011724584463777,3.6837343831177707,225.26861080006856,482.606368871927,2368.71191995772,0.5260157061916259,4.564787636248343,4.0,tropical_rainforest,subtropical,loam,moderate,buffer_zone,fig,stream,11.916594645706022,545.1133819042335,0.14808498669426892,25.099062288629234,3.6247838712785643
-60.438814584207925,2.7305570564055994,0,38.240672699199045,2.3352869870080886,0.13607770019857554,4.558820258260648,105.12159144230473,394.67990087210865,500.0,0.32934323372414803,1.4675634093263878,5.0,cloud_forest,temperate,laterite,moderate,buffer_zone,palm,seasonal,5.419086656215154,227.07345667072045,0.1859844584254448,5.0,3.7929619462483743
-57.25888503181736,-19.155874113474432,1,69.97642762031413,5.676554983536432,0.34528923204222584,6.299702195183381,226.6057757109091,256.5307838512277,3371.0014424341443,0.5731518231078382,4.980694911344902,6.0,tropical_rainforest,subtropical,laterite,minimal,unprotected,bamboo,stream,14.214449675220433,828.4671285313482,0.508399802030123,45.79238589763665,3.5985430846962356
-57.960951376717254,4.834707618753419,0,49.55122591809094,5.715282758984835,0.6077971137334527,5.529159685695355,151.263105531996,315.0456509707787,2218.278674170268,0.8918835536406142,1.1186790800401674,1.0,secondary_forest,tropical,alluvial,minimal,unprotected,pine,seasonal,9.097559386302528,352.4413964140318,0.7088384582826643,26.140683451893846,3.357364910016251
-65.35617139330866,-35.610585209447564,0,68.43711941474173,0.733765830348665,0.4695957641518428,7.5569726840364195,229.2168651847224,373.5141047652689,907.1022319889234,0.2782307139886924,2.041891769222222,2.0,dry_forest,montane,peat,minimal,protected,cecropia,none,5.2806536571171,583.5548185970597,2.0961239717229274,36.85313547774409,5.526825749938858
-46.13663059134059,-13.132762376649735,1,43.38276556243779,3.2106771274354524,0.613696626956826,7.7131130873791,216.4790486869847,310.1977675084939,2379.5894071522107,0.5826373219759151,5.673104801290813,6.0,secondary_forest,tropical,clay,minimal,buffer_zone,cecropia,river,5.257378513253445,608.5018041703868,0.5732974514185747,17.390640503834145,6.6250300864255784
-75.93475343114618,-7.46743084845089,1,67.48173206758585,10.0,0.4344437097706476,6.434049863176655,215.70797677426225,723.9564048428769,2667.000114930408,0.23124715852276553,3.7566861197944035,7.0,mangrove,tropical,peat,low,protected,eucalyptus,river,7.568825948174706,215.65924989579992,0.35889860117142147,35.681258203837025,8.537311978366578
-73.38266441425527,-37.195103505631224,0,28.611341019765316,1.6020061356114523,0.398779475954129,4.177234127758322,51.955607497728366,349.47885379949315,1131.5895818602137,0.4041657718371186,6.79470683932065,6.0,tropical_rainforest,montane,clay,high,buffer_zone,cecropia,seasonal,9.015284377587424,0.0,2.098023577435442,24.977500805693687,4.214109169091678
-50.90506768199828,-10.010401406289828,1,81.32400143865922,7.66767350319334,0.8079868125658829,6.581483334463716,348.9675198185023,283.94114905370304,1759.6101888065314,0.11733687133650952,1.8114307558824354,9.0,dry_forest,montane,sandy,minimal,protected,palm,seasonal,7.699060571684734,398.5205856002115,2.228125547860966,19.575336407114367,6.236091187388139
-70.60145550195593,-43.91768533889877,0,52.966673487562204,1.9618433121997845,0.5410510846260863,7.685765031628829,201.0939742575924,252.19246423071166,2208.789544256255,0.2791200323240843,1.5390122957681902,2.0,secondary_forest,tropical,alluvial,high,buffer_zone,kapok,seasonal,7.318863314488391,519.1205923285287,6.804138556704654,5.0,6.701548918884934
-58.06107197229076,4.828860151878446,0,54.76704085581371,6.678826970660881,0.5573293849388253,6.904073155426478,216.44181871250765,598.8275070526046,1541.2054749817125,0.8012977615129228,6.042686175048265,10.0,mangrove,montane,clay,minimal,unprotected,mahogany,seasonal,6.078030892361136,136.87673912733175,1.2038178209018822,33.21782916850412,6.249082637267317
-72.5274140091332,-50.62348417291471,0,47.3318454977768,3.7043121909488685,0.3888044460790395,7.356438178673331,265.862180874875,377.19166984153355,2999.7042513361157,0.6978517737430896,5.324483029308227,3.0,dry_forest,temperate,loam,moderate,unprotected,bamboo,none,3.6516166964618493,178.1722041137134,1.6409377061349644,5.0,3.3115001047455723
-45.473401667935256,-7.078532716811526,0,44.358220625881955,0.4521214986913215,0.7450670255840698,6.604662741709557,14.401525233684476,50.0,2071.258702623786,0.6436094297837678,1.571394731991466,5.0,dry_forest,tropical,sandy,moderate,protected,palm,seasonal,5.822574908421431,710.4095218350857,5.445499132760216,13.06841288445073,4.498128839110917
-69.58106771030644,-17.735005529828232,1,82.66189843741068,9.612245979038224,0.3098113727525479,6.5130813846734545,202.16446837808053,704.9556332239274,2690.701444826307,0.5963574348261745,2.3007991546555773,2.0,tropical_rainforest,subtropical,clay,minimal,buffer_zone,fig,river,3.1752432224078833,533.8733055792834,0.21239892540096966,11.553913703984483,3.6835639845373174
-68.1720576245162,-7.260009233435761,1,67.19992932960601,5.795585531407122,0.5368337200420518,5.839161696858712,275.6313057958691,414.0189724184784,2016.7865380494236,0.21531543683185425,7.514781618549819,6.0,cloud_forest,subtropical,clay,minimal,buffer_zone,cecropia,river,8.080929034809845,451.75776560402926,0.7143977311199379,33.743593722280096,6.248884281859693
-56.24074394885756,4.535274348635386,0,39.051664340593845,1.316034948100899,0.4148276044663476,4.409254792597449,305.8695226424739,555.5767338926711,2263.6945875185133,0.5120328901710345,6.754602869129135,5.0,secondary_forest,temperate,alluvial,high,protected,pine,none,4.916533385940415,303.04536398612527,0.6184998859299715,8.188619698783269,5.064567332357592
-58.54754717973742,2.5087838934395204,0,32.16115077941542,0.8984220972551705,0.5041522970634789,6.802282196799331,215.23298894487925,323.6594367894292,695.6526989380507,0.722474562302988,5.161321689130252,5.0,dry_forest,subtropical,laterite,moderate,buffer_zone,eucalyptus,seasonal,8.645224233957537,735.2018852831329,0.9844406589742729,11.503969765484213,3.224481400171923
-67.0338746636837,-17.605677782005717,1,67.1418274621719,6.795635956414977,0.5157492596101012,7.88724241825488,274.81773271809374,528.5599588357903,2035.2315500086672,0.460382779165807,2.1459774294742666,2.0,tropical_rainforest,subtropical,laterite,low,unprotected,palm,river,1.8870735935943443,403.9788584379936,2.5568473244938508,21.963044942233424,5.57676282838775
-62.53530665412184,-23.32679003298375,1,77.85356715431988,3.4364472845800336,0.38663201077162235,7.5556380203198685,216.74426803599144,246.6220685911203,1314.618193461528,0.7150735137598345,8.881079443692775,5.0,cloud_forest,montane,alluvial,moderate,protected,palm,river,3.8561261618319067,439.58101574233393,3.5941772791719133,29.488758097714705,3.530510283849651
-67.02698112336341,-17.468175544448254,1,92.23546070271074,7.377403780562365,0.640018536666773,6.554758847181387,236.75397790699463,686.2676010254712,1295.5211494236667,0.4166442252952511,2.51317026628408,7.0,cloud_forest,tropical,loam,minimal,buffer_zone,mahogany,seasonal,3.9880061102529805,185.52388730620106,1.7830622681624115,31.962312949180223,5.871826621265331
-55.35100789065218,-12.633623195210317,1,58.141402441746834,7.084460124857985,0.4075299443894899,8.093365862889822,392.4019799472644,399.682136458658,3413.8431826045753,0.31251460018545735,4.828040946624533,2.0,tropical_rainforest,subtropical,loam,low,unprotected,fig,none,8.605194121673513,617.1994592752803,2.471146259616946,9.83220956393707,5.25163387153337
-62.154671044065516,-16.42412436047049,1,53.83273671611353,4.990812708730875,0.27417353918293025,5.830597096338795,161.96322335101448,454.521441849845,3868.502870988463,0.2483082104641456,4.087209320022793,4.0,dry_forest,subtropical,loam,moderate,unprotected,kapok,seasonal,3.336819621295096,660.9513961788687,0.0,20.150605016428504,3.1637194152232073
-59.79784202760185,-5.537239562995813,0,41.79954997524208,3.4812385092721483,0.20870001880832853,6.443009381580556,239.20425819185334,519.6408188842777,3470.1948922403144,0.8766936426895622,6.832325871288644,3.0,tropical_rainforest,subtropical,peat,moderate,protected,kapok,seasonal,7.433700882417185,465.41651777889086,2.207678844403082,13.343665998653258,6.10899827007492
-68.11640084687805,-7.0722772044437505,1,58.71303900297723,6.226863883255034,0.8693136908515683,8.296675841419592,236.36894526073615,419.2099238602594,3329.9316249746653,0.49239771554989625,4.518603400508992,5.0,cloud_forest,tropical,laterite,minimal,unprotected,fig,seasonal,6.844247638187201,437.5516254182377,10.0,26.37734753157017,4.837538592639543
-60.878805571514015,-14.068990079034958,1,83.13061895263155,7.917303663927751,1.0,7.983429947529355,494.10307786624753,661.4687969343984,1835.7596719760002,0.24667984260218676,7.433193692597259,1.0,tropical_rainforest,temperate,sandy,minimal,unprotected,cecropia,stream,6.462054887843447,178.4908858724052,2.252910682542646,18.794765423820678,4.570923338742235
-51.75928640342732,-31.027730990573623,0,21.804513673123104,5.49080487305467,0.5543708035218072,5.554884578127782,163.7709896022047,602.1888139674762,1913.2181452579098,0.6816068420041309,2.294187850111521,8.0,tropical_rainforest,subtropical,clay,moderate,unprotected,fig,seasonal,5.427733907702148,231.32047813363525,4.957161462535611,11.993652632731017,3.0095824803418267
-66.24722532467143,9.352297057753553,0,54.871012246090224,1.9294801406429405,0.6112970209167773,6.2987221413473025,321.55068050230796,340.2126415998257,2230.7411481578524,0.3426101806822887,4.555906852134781,7.0,tropical_rainforest,temperate,alluvial,high,buffer_zone,mahogany,stream,5.903067982630773,373.13272290096234,0.9428733788043588,44.23327384784585,3.3654014985666745
-66.96852905130324,-27.569258080094826,1,64.13990419056287,4.95682635510351,0.6288491283767331,6.316815237804919,124.62092026574547,562.8889698632925,1152.798889010304,0.39243811122845024,5.354768207647538,4.0,tropical_rainforest,temperate,peat,moderate,protected,fig,seasonal,2.0802788755625983,548.946489784845,3.149338319685434,41.82201176459985,3.4313595548141964
-55.34045635617054,-6.624086028716871,0,41.36538150013306,0.9536247415642777,0.6808156609977208,4.624937047785431,260.1536018513604,249.59350876756008,1617.2588800842395,0.7328758233579681,6.396722146007441,8.0,mangrove,subtropical,peat,high,unprotected,palm,none,8.003284933246263,291.1083800632213,1.0397977967019298,35.22085542548705,4.657039014798171
-77.87586903966273,-4.876599959326863,1,52.98225771612194,7.547480629185815,0.42623187635182136,4.750669785746221,204.77102716293874,419.8478973175996,3068.936085849003,0.6867183596794122,10.0,6.0,secondary_forest,temperate,sandy,minimal,protected,mahogany,river,5.810047097170466,136.3179857708787,0.38683460438031136,36.75227849581513,7.667643282137109
-69.19356524429615,-52.704835856356134,0,26.936022510582738,3.3049039357059553,0.2610732800244586,7.410578435970777,287.53302341145854,377.23281665657794,2685.9571105412406,0.5894716262326781,4.720785904472246,10.0,mangrove,montane,peat,low,buffer_zone,fig,river,10.04478557455643,304.0062722477992,2.948795472027628,19.966742899281357,4.358433054554702
-89.11224853970461,16.356294827152766,0,59.444120837592344,2.6821064931840124,0.5129979088665577,5.004315897431902,277.5943078736839,352.36078695984776,1555.2182990268877,0.6045619429048789,2.275987064587333,9.0,dry_forest,tropical,loam,low,protected,pine,river,6.046027094716426,598.0471202784955,7.3651957483536314,28.094122314024467,3.8494330513293322
-58.0103715296435,-5.79791877387769,0,64.13443309722464,4.488303091290603,0.2864161404687511,4.227586952442298,181.4320407815716,236.33553493656865,1856.9135168472494,0.3196701918989835,3.8613571396190953,3.0,dry_forest,tropical,loam,high,unprotected,fig,river,1.0581466313195818,807.1372857042943,1.4275806989600979,31.627950963492044,4.740400753811844
-57.78672769280844,-33.70761604492844,0,46.26112537686949,1.3556223497414186,0.4994008481332788,7.152385143433122,327.35407305469744,434.5779807591491,2085.0427597387243,0.4858484514877107,3.697235008235096,9.0,mangrove,tropical,laterite,low,unprotected,mahogany,none,6.323731293907368,548.9796141577599,6.732525945788748,13.618480461281989,4.839721872095357
-69.23721238054682,-23.33272240886255,1,43.66144746449069,5.440147756383658,0.7331631258909161,7.802976123579756,300.1441383817183,379.21897070477485,2411.4193851855275,0.6470980045629189,3.267583739987573,10.0,tropical_rainforest,tropical,loam,low,buffer_zone,pine,river,8.925753545765703,722.0593167858675,6.45392721960509,22.473863157445525,6.796199479410953
-58.2099955512671,-1.3974428859884913,0,46.03044349771712,5.9967046961255255,0.2817539241839331,6.923199572344663,333.44168995455897,413.6011142600472,500.0,0.6618745633463513,5.003639193841454,2.0,mangrove,subtropical,loam,minimal,protected,pine,river,2.3108952312683346,353.85059700645866,0.3199392954601761,32.99715087642318,3.7323688008106606
-53.672600625642566,-27.241168729305944,1,72.20080496852918,7.625020509566652,0.845383644089209,5.6681004265638295,379.50245196361567,604.2351485603776,2266.1156318925355,0.1363164603251623,2.834639126950395,9.0,cloud_forest,tropical,laterite,low,protected,cecropia,none,9.637618937910688,652.1620603718749,5.602019844658397,35.93733151775071,5.780806312804506
-75.47667080973898,-9.706979771108529,1,68.7889792484378,8.77218801188691,0.8742866061670698,5.981299890209193,186.1931081219006,496.3106378940643,500.0,0.12355633230342328,10.0,5.0,dry_forest,tropical,clay,minimal,buffer_zone,palm,none,5.375616825679914,202.6530828508472,1.6273060653725704,35.11964672828904,6.448882840973658
-67.8909487983465,-6.201748014883311,1,54.059943836805665,6.900085513395246,0.7639604457179044,6.669138934719713,320.7507062970626,552.4695199746635,2542.5879584130817,0.4515411601036354,2.53982475305053,5.0,tropical_rainforest,tropical,clay,minimal,protected,pine,river,12.44169661622182,391.9001412329934,2.785781428377034,39.46853669385652,5.0484706719256005
-65.17279139337744,-24.068407467915783,1,88.7811156659913,3.3895024877439806,0.3814183166429629,7.086414859660533,264.27840438239593,238.6204796239221,2046.1913502193308,0.3775527041477245,5.775246072884362,1.0,dry_forest,subtropical,sandy,minimal,protected,mahogany,none,4.236654076892758,575.991942263455,0.7688220673638675,18.611026914835133,3.8640247450889813
-43.049904802501416,-21.09367459595363,1,73.59039858308952,7.907594630535572,0.2802561837218425,7.576682387455495,135.79866698814328,579.601619212013,2422.3334367351863,0.2758907956712542,8.425948156378155,6.0,tropical_rainforest,tropical,clay,moderate,unprotected,kapok,stream,2.2793480141943885,153.91311403451678,1.9827011932169833,34.21289401762481,8.015765101820369
-90.41762159936891,19.977170500419444,0,39.37974026357142,2.9267768974039297,0.3105286066160966,4.072469371946912,166.9821425229812,304.77751307187447,1431.9806026366075,0.6550832603575208,0.5275853361868148,5.0,cloud_forest,subtropical,sandy,low,buffer_zone,pine,stream,8.824901207979579,739.9796411263711,0.4706087258400228,8.152394755480222,3.2795575202841367
-56.45766014783478,-0.022975505907228515,0,28.736656887579784,2.8534459506437777,0.37086505007845927,7.273622970592178,271.01300294384754,203.72678764457916,2767.545527767405,0.4389108507640988,2.5634490745315834,8.0,tropical_rainforest,subtropical,clay,high,buffer_zone,palm,river,2.7567084743806967,45.76785630153473,1.9814633931748837,20.354428682398076,3.853728767392492
-51.58940933156028,-3.005721079174757,0,60.67239817289357,2.471514443546776,0.40283649735014404,3.749274602926472,192.39528110160833,434.28764142125146,2890.821676033958,0.5714383607538283,10.0,2.0,dry_forest,montane,laterite,moderate,protected,fig,none,2.5288494682012654,174.7838908449735,1.998186342335064,30.8328364677462,5.249925704827359
-72.3893166871771,-51.88254039307719,0,55.340014744663456,6.2169834573654885,0.49044472649520465,7.632069392918488,369.645822024443,422.4017612143903,1255.4879304202314,0.5182601427696464,1.5903796219301116,7.0,mangrove,temperate,loam,low,unprotected,eucalyptus,seasonal,2.282167371666685,296.48196713072844,5.157131365152687,12.484579234393788,6.290986377994814
-48.285401711814146,-22.896247220451226,1,82.89132991319102,10.0,0.6834692989161419,5.183963943629065,113.77083517991923,356.72541468111746,3056.1523693133977,0.23125174106068344,3.3651426954088746,4.0,tropical_rainforest,temperate,loam,minimal,buffer_zone,palm,stream,6.6397646085805775,390.5254386602316,0.0,25.535242589285858,6.0165832375725685
-64.93240618248473,-23.868536118512413,1,67.37632284976766,8.231051381326965,0.5781098306670995,8.335578086856806,229.00046876221597,566.6846171471673,2778.835008538696,0.599135963177864,3.4073071939674544,10.0,tropical_rainforest,subtropical,loam,low,buffer_zone,kapok,stream,7.298774813126469,628.1702214155115,1.3122694804171102,39.67683001055714,6.4454430358834385
-49.504868960240344,-18.334737659523444,1,74.13800262077586,2.7115216770305395,0.6969859632512801,4.010618490101066,230.9321337796067,168.11133338359772,2769.27483041961,0.31053360449222533,5.192176858814151,7.0,tropical_rainforest,tropical,alluvial,minimal,buffer_zone,palm,river,14.759558271906466,572.4818723528222,0.8804500333994767,9.10915428699524,4.758014177418106
-57.0817333211006,6.143219717485493,0,35.91964240897388,3.4108655372048307,0.6380983808021721,4.430560116139315,195.41889556819197,235.86413299702602,1604.8154962763836,0.4918158102746256,0.7974784168343799,8.0,secondary_forest,montane,clay,high,protected,eucalyptus,river,13.207164710841973,348.49177453051385,2.260671672413586,21.386312693555443,6.773537933188948
-62.70262072889543,-36.79529378861402,0,48.32356254645196,9.033823840599112,0.7768828736961939,6.846622519518403,104.51257689494383,514.373725397626,2542.46400589012,0.376586155956289,0.9974931606707662,8.0,dry_forest,tropical,loam,minimal,protected,kapok,seasonal,7.144251483632759,90.4984148274568,0.8906762428298074,14.099121858250516,3.0376748468115515
-68.31804932866338,-8.80254954384863,1,73.97795383628495,3.4930526089276466,0.35606490944981334,5.964271694524685,225.0453982204479,132.13142471651213,1551.6910078613337,0.33852586537545054,2.1202286006050293,1.0,tropical_rainforest,tropical,laterite,minimal,buffer_zone,palm,none,7.3226853583517695,145.02020331335098,0.0,32.16646546037838,6.998170505256816
-79.81117686136355,-5.057031389508558,1,69.80100013585368,2.7240070013065343,0.9605150624300509,3.670489308333766,373.3214850447274,169.94562896250704,2118.71761397789,0.3323018503152571,2.6906312673601467,5.0,cloud_forest,tropical,alluvial,minimal,unprotected,bamboo,seasonal,4.057363844147723,316.36177549097516,0.0,30.875698328895318,4.850678682124654
-48.68291983617924,-26.460764314373474,1,60.98134123909339,3.996704641014756,0.45499173383670555,4.2548249656514745,19.88971597470732,237.532066378647,2813.5543529617603,0.8197563030035943,5.323405791407483,10.0,cloud_forest,subtropical,clay,low,protected,cecropia,stream,6.670381486488296,402.85156428895016,4.24443126030678,50.0,6.482520677357814
-90.61813988766333,18.8364478320474,0,20.041649348406924,1.1405279593528477,0.11857416687009373,3.9579698395149756,194.84041133042362,137.97765953082802,3072.1066977116875,0.47302384772553263,2.3267039054579897,3.0,cloud_forest,montane,peat,high,unprotected,fig,stream,4.7719835156080315,406.42191819392923,0.38768556226893414,28.63036004339179,4.089805987139217
-74.66922339319436,-0.8380026250858905,1,50.77048347164347,5.368823609289381,0.3859161945215273,8.235441623763474,294.3713729682622,475.65410515029794,4000.0,0.7101001248433022,5.020294725592995,6.0,mangrove,temperate,peat,low,unprotected,eucalyptus,none,8.993348736410205,519.8105635322639,3.2154352115997504,31.825705501086205,6.244342820588122
-69.03117196247574,-53.05934120424697,0,38.08780233032587,2.488268026127088,0.3796576123411233,6.205765644300783,262.54783881772653,477.9601800648967,1850.3052874890666,0.4064844385955252,2.91668215366757,9.0,mangrove,temperate,laterite,moderate,buffer_zone,palm,none,6.520737788453932,522.112053363072,0.5672936313736925,16.764762577894505,5.852903849181166
-69.18867066097529,-31.936699911021826,0,51.85349499405504,6.3476462798858,0.34566296527562046,4.994964583351236,206.22150744285318,660.3395534631688,2330.3248723763422,0.24101789162669573,1.3741974808672472,10.0,dry_forest,montane,loam,high,unprotected,cecropia,none,6.484321843308365,452.8485986861485,7.366074478722364,20.41372499640883,3.6775984899902885
-63.66041946906987,-15.542311774951944,1,56.94964675429145,4.997489857737646,0.4770145779074462,4.121016469818869,190.1822877709281,558.6940004144471,2244.131089395749,0.33545408741108956,5.127383821839878,4.0,tropical_rainforest,tropical,clay,minimal,protected,fig,river,7.018869887688564,780.4563994240656,3.9979288761090235,20.57742886226058,5.871992502807318
-72.4215853249382,18.210819060545912,0,47.184045312220455,2.68070006017376,0.5671607499400535,7.719023544958698,196.07988073022466,309.58086368007474,2358.2789861192464,0.8387313860389686,5.317811757319343,6.0,dry_forest,montane,alluvial,moderate,unprotected,fig,river,3.038464877717213,461.371109111644,2.6751630082431217,12.869000963547846,3.3831563982111654
-68.27772351421886,-37.34611696232216,0,55.54849616004948,3.4460484723227007,0.6612384285170885,7.091190140959649,96.46241080883986,467.01974358702614,998.1614926702216,0.3753331799946277,4.134524261350085,1.0,secondary_forest,temperate,loam,minimal,buffer_zone,eucalyptus,seasonal,2.715435134782047,536.3924099400967,1.9019218581304007,22.109135171708864,3.3288147030700266
-86.81806926810692,12.827542409149439,0,44.54410030253082,1.4327272481061908,0.3879452579922599,5.943037928469277,168.50944280817893,116.41179910829166,1720.9770805688975,0.5570677983229106,3.8390500457095555,1.0,tropical_rainforest,subtropical,sandy,moderate,buffer_zone,pine,river,6.176969115957201,364.2314141959319,0.5081691925273475,20.661839742525547,3.5394229312609977
-54.108363590767254,-5.72034057044386,0,67.18063583871825,1.028870347506952,0.32641798420146684,4.342540209839592,324.58590811883454,165.6441947087052,3030.640483676857,0.20144862412972792,6.223495188143892,7.0,secondary_forest,temperate,laterite,minimal,buffer_zone,mahogany,seasonal,6.302677594031936,109.43952933621989,3.3643944775499985,25.06995211267654,6.130130865061257
-50.08416991902286,0.03253247098465303,0,50.71095421900169,0.5210733749371147,0.40506661731423177,3.9552624322974337,147.70228995368538,303.3689277684568,2235.6423042471997,0.7037097575753596,3.9857908130528674,7.0,secondary_forest,montane,peat,moderate,unprotected,pine,seasonal,7.945242206529002,435.1699647111943,10.0,12.865831352256167,6.614878350315802
-90.21963300044354,19.68328837930706,0,34.312121406945145,0.9680603354805567,0.39211213937082057,6.815949353597474,207.9311476402807,236.90340569193236,1490.1940043179263,0.7110974636990978,1.5470237972317604,8.0,cloud_forest,subtropical,sandy,moderate,buffer_zone,bamboo,none,14.007411861376598,472.92831152667264,10.0,24.791342055106853,5.356654350109258
-38.27774320715466,-12.727384297349657,1,67.48179150532854,1.1911424437234042,0.6092823876149533,3.616887876977221,172.30147324529025,127.21016938992622,1289.8976069276437,0.4730614962452296,3.46999063442195,6.0,tropical_rainforest,tropical,loam,minimal,buffer_zone,cecropia,stream,5.435203142455603,637.6402647401426,0.9343844764453857,33.57522443680972,6.081346609074211
-59.38239606869998,-13.198777316845204,1,78.56834879835824,6.746942609512155,0.7425135480508598,6.189573500988694,337.7653962905386,530.3817120006003,3963.8440213739173,0.7013259919909717,4.313845263850862,5.0,cloud_forest,subtropical,alluvial,minimal,buffer_zone,palm,seasonal,15.113916523314941,496.6492695565255,0.40092315291985514,9.81043847785989,3.174947276924207
-47.08434617880862,-19.884104323814643,1,79.84038508883557,6.628354827128653,0.3639632321227618,6.289381579344252,117.51216946087534,471.2501208034558,2055.214017645286,0.4254735081769011,5.3222066930978205,10.0,tropical_rainforest,subtropical,peat,low,buffer_zone,eucalyptus,stream,4.528960016179177,391.7942564503635,0.9581872270621493,24.689832959086427,9.939304892135977
-61.26570590116382,-16.000655184897408,1,56.21377101333296,5.532525831879555,0.8058439605121569,4.893640216676898,280.5993066567987,374.6920024203528,628.1363739905964,0.6090581502977782,10.0,8.0,tropical_rainforest,subtropical,loam,minimal,buffer_zone,fig,stream,4.098943740681287,484.4497601896003,6.813318223180955,26.396222784399566,5.496592006387595
-68.18383756426712,-7.450478300772198,1,66.39208867456128,4.462854204523821,0.7609214666565047,5.398951307389776,260.67413093760945,437.64465288463384,2903.7705438415455,0.523017110758737,1.5974074392380162,7.0,cloud_forest,subtropical,loam,moderate,protected,kapok,none,8.614333827910865,117.89481615307022,9.760754222607929,29.775299951861058,3.3896178391168106
-63.33499101071957,-7.672886425586048,0,46.48827079580198,0.9829065623811098,0.36854071807759625,6.1821767228674025,233.07628932584123,520.6625788743198,4000.0,0.8321138499765602,4.472862876138999,8.0,dry_forest,montane,alluvial,low,protected,kapok,stream,6.16653811991937,242.14372519813452,1.7371222880950299,25.439245443166545,4.7535810773298985
-69.60402872648669,-21.90603105896051,1,62.49316050558584,8.943623469723896,0.3062029048411561,6.558089413770816,211.427286888285,412.5522737274463,3354.557589504187,0.32481893045730054,0.7835827406634538,1.0,dry_forest,temperate,sandy,minimal,buffer_zone,pine,river,6.1052527451763945,564.0957541070292,0.5317737314975544,44.87234316345938,4.3076843087893515
-62.0211567674123,-0.6141873599258549,0,28.61918194215404,1.9610397410066183,0.027466655417347302,3.664308742137625,170.99583123305365,181.9048947194459,1608.8060931538964,0.5205794723128304,2.0866662497284074,7.0,dry_forest,temperate,sandy,minimal,buffer_zone,kapok,stream,6.251936949866447,292.17928417428266,0.37209998914550624,26.386506549010576,3.2945572802470444
-69.39213733333906,-54.60732633275991,0,29.026550205254555,0.7645099524211215,0.1845777191780669,4.216916396303044,384.887405548225,345.04643804346205,2509.0950838238787,0.6703243109515273,2.7340935009946925,3.0,mangrove,tropical,sandy,low,protected,fig,stream,5.8094070186397895,787.327372690945,10.0,18.64545800597982,5.811575875106488
-71.29773895103396,7.9115976932232375,0,18.41329891819385,1.4514527545101064,0.07209245099794243,6.956424144627005,125.18738840507578,325.521596785862,2036.8448342590439,0.805814594485972,3.866439336333775,2.0,mangrove,montane,loam,moderate,buffer_zone,pine,stream,3.928094018146837,286.08224162979064,1.2054280052616877,15.876455621741744,4.608261723296456
-71.20206069788016,-12.925827244301956,1,75.05904543552286,5.031757213377737,1.0,8.124027395958235,303.61223323766256,223.65148473115227,2476.242637882723,0.6534503391722977,1.259850739636367,9.0,tropical_rainforest,montane,sandy,low,unprotected,cecropia,seasonal,8.044970680294975,462.5731015220431,0.32861211208157204,14.11150326417388,3.7916745856865877
-72.22448361017122,-50.58039125317271,0,27.847805885945444,4.125476839858278,0.6908220493870022,7.970279783840567,179.58638225102385,210.19726047874607,1405.923806728309,0.8561314552695894,1.954755776197091,10.0,mangrove,montane,clay,high,unprotected,kapok,none,6.335244138956729,386.5583363680742,2.348702237525082,35.49736823622749,6.748157491573326
-57.19928862585058,3.033353701047348,0,47.89646276826024,3.2715635950354205,0.15381402567044158,6.35614038928335,95.31438200435952,159.01525577927015,2109.047220497206,0.8417255644847472,4.980257192937063,1.0,mangrove,temperate,sandy,high,buffer_zone,mahogany,stream,9.63529797795654,378.59390408984416,6.0189986501683235,27.32952923013659,4.911838573916738
-75.84565385385254,-3.9643763627795034,1,77.59589824704808,3.324274585341232,0.20089436473791886,5.593018086919841,345.10868603120105,305.7212696858491,2020.0112091776273,0.5207514824946654,9.751251296648222,1.0,dry_forest,tropical,loam,low,buffer_zone,eucalyptus,stream,9.25297703870626,405.8027472824076,1.5983836424025846,42.068732070618836,6.70603396535911
-48.480184781952495,-6.400050444824869,0,22.714627864489444,4.242474842173061,0.3410302284777301,5.919186302511624,229.33430900455738,417.58189185408526,2543.284130198066,0.42804240251940634,4.3126658284185995,2.0,secondary_forest,temperate,laterite,high,buffer_zone,mahogany,seasonal,2.6128778128111345,420.5452477937378,10.0,24.723821171825914,3.184687518363842
-48.942151875644775,-20.843413086089626,1,52.446484723815395,5.270464765239523,0.583233659798279,6.108190982953259,149.6241885669986,334.9946913487488,2722.1784844766603,0.6337959034554401,5.9871863171516315,1.0,dry_forest,subtropical,sandy,low,protected,bamboo,stream,5.443572127263865,220.92527936123446,7.466684503439331,21.202019533187993,5.7833662699145485
-64.47821755933703,-1.0556354665544974,0,59.682054467168044,3.2452977744203015,0.7853244851905182,3.0322472148235042,294.3668729606964,482.45694836944864,1685.8874707327748,0.4945651489985027,4.273425747195958,9.0,tropical_rainforest,montane,alluvial,moderate,buffer_zone,fig,none,2.809619024824202,314.3779672940479,1.515770728864537,33.188925545851085,4.588346472564277
-65.19716466080973,-24.05977888869788,1,38.69406059544702,7.019205898423793,0.7427343329919107,6.628366061943793,69.959560147004,192.51356120044395,2888.5838933686036,0.2529707165836719,2.2375755208957533,1.0,tropical_rainforest,tropical,sandy,moderate,protected,palm,none,7.173609543403826,782.2012027823109,0.0,26.972537631632882,3.895608362915536
-40.41962853306952,-6.488609525546811,0,63.8730222839181,9.923635290361132,0.2117709271272444,6.9873224518631165,97.95414507911313,241.04646279647875,1188.9021484304274,0.14114872217170296,7.1631288772591555,1.0,mangrove,montane,clay,high,unprotected,pine,stream,2.754214656031082,652.2894265418511,0.3366650205858512,39.802274951400385,6.029651915502923
-61.39970630786785,-21.17098238543177,1,52.685710921946615,6.435685646475771,0.4074335014906426,8.371792998079442,59.8935729073613,377.01622631531586,2095.79041895288,0.6846490357594224,2.9456949958671386,8.0,cloud_forest,temperate,clay,moderate,protected,palm,seasonal,2.8891440556800543,432.8254425560775,6.353008922196999,21.654744326631555,9.165557437687099
-57.93583829952903,-33.678439886715616,0,25.65142544706873,1.9988163082956512,0.2624419029592844,4.355474715399415,296.31647253543423,455.2113792012946,1526.1483695068123,0.39669203060052227,3.194624746003769,7.0,dry_forest,tropical,loam,minimal,buffer_zone,pine,seasonal,5.09780056882306,847.9528101042129,0.6941125785506335,20.669088729229564,3.1777430991425044
-53.749976328734306,-11.013788234656683,1,87.59885894090745,4.69028908268146,0.7224947309293925,7.01514308268973,287.20856825544234,424.0528634903519,2317.829027220803,0.13382298844363355,3.677655177375296,4.0,cloud_forest,tropical,loam,minimal,protected,palm,river,8.73923952248629,581.929432969988,0.0,35.68328453425094,4.613306282520576
-74.19770505412916,-49.76642352545417,0,45.284677935783144,2.9281658696241646,0.43713845076294855,5.812614218022901,342.86517806288947,391.3697613621549,1999.5014584801027,0.629070474737863,7.329974081044316,3.0,mangrove,montane,alluvial,minimal,protected,fig,none,3.975642055997668,99.17763611108197,5.947496763246799,22.909063972456604,6.856010060045506
-54.590470208844785,-23.318679884949347,1,82.71837594040502,10.0,0.9126787204915854,7.214895672444784,335.9698685804139,339.60494665274695,2672.275129501702,0.43405880272345204,2.820674774686905,1.0,tropical_rainforest,montane,sandy,minimal,buffer_zone,kapok,river,9.72554989095164,474.6849705865994,3.757727230752814,20.777303981739642,4.984597294632353
-64.93513317731083,-32.17461124574899,0,48.47172904904513,4.342166802804599,0.7238818653878311,5.286599781053555,250.8834894540807,446.1319455884714,858.1132503104391,0.09444290263269306,8.704667850294772,6.0,mangrove,montane,clay,high,unprotected,fig,none,4.648009057370594,483.1923496040206,2.6207355950277895,29.595907719113,5.828303434678883
-58.752248802184276,2.7637874997894096,0,36.8681079580316,1.4757173398328802,0.45121422343192463,3.619540152984733,194.9273323502921,361.383923116228,2532.805131284746,0.30418695894897146,5.437331409048761,7.0,mangrove,subtropical,sandy,moderate,protected,eucalyptus,none,5.299168206430903,368.3755957777398,0.566284303266924,24.108420408032966,6.349787498571859
-73.30722797790398,-12.21719499650821,1,86.84674267926009,6.742889021888092,0.3198541524399955,3.8192068949455034,318.4705819722854,208.33396680676458,2342.013296194982,0.7710619945039865,1.4541231154516447,2.0,tropical_rainforest,subtropical,alluvial,low,buffer_zone,mahogany,river,13.934593338117654,346.2799646260794,4.187144096805319,26.97321988127012,6.459766462305643
-45.43093711457465,-7.348250799783566,0,38.755281994852865,1.9374480427886898,0.28004282004977843,4.531914469128522,148.59258886994675,434.51067573560863,2014.2309922847314,0.7538935098606218,2.794153724486295,4.0,secondary_forest,montane,laterite,moderate,unprotected,kapok,none,1.2718068775712665,137.56742366729947,1.4023468980405949,20.609765523629978,4.514416558557348
-70.84728548487183,-41.58040216949799,0,38.694460245984835,2.320394573283529,0.4748478682452544,3.058513134054463,90.65595742814419,413.09414090810725,2044.1316147724542,0.7028849545508373,0.9465884691199846,7.0,dry_forest,tropical,loam,minimal,buffer_zone,mahogany,none,3.682413494809453,621.3100649199467,6.981897429113648,28.256539528744703,6.325148461916763
-53.74725288356535,-21.944750853635874,1,50.34359601323191,2.5283545777301253,0.4480343438180428,4.451606115780088,363.37490486275163,191.70930131740158,2729.3597896390897,0.5850216047972925,8.501257254457107,4.0,mangrove,montane,clay,minimal,buffer_zone,kapok,river,8.841989185768291,282.5172047016734,4.486842166339265,17.036469833286027,6.32142298971144
-70.74227497022706,-43.60716913157467,0,17.563933213139755,2.3440429885283467,0.12004870453814936,7.049725045764514,348.55307290178365,313.64400078138914,2380.0844627358465,0.3246187300322002,5.439953033205126,4.0,cloud_forest,montane,loam,high,unprotected,fig,none,3.7324225526739934,384.9723514629502,0.21318410275040522,8.785327834189898,4.038073504466078
-54.12098799111457,-34.506742218251446,0,28.85625909478405,5.626951068733936,0.7128243797737387,3.5544030429924254,354.80775548308634,311.63120341592384,2384.6148238653627,0.3535366417706357,0.6647077401232944,9.0,tropical_rainforest,subtropical,loam,minimal,protected,mahogany,river,4.531831221956448,204.412679048446,0.6304640016949941,41.307519413466196,3.8275502270830337
-66.45851852341644,-6.7465584384264385,1,73.02753607557193,6.586744752295087,0.5217473870461035,8.420883214474411,309.843682788365,425.6459444831962,3573.915641001377,0.5050168529603238,3.8486827304146805,5.0,cloud_forest,montane,peat,moderate,protected,mahogany,stream,9.17704226820898,647.9443978517854,2.9188460450721996,31.121535477165402,6.886815697995653
-69.88185716230883,-22.022078254414662,1,58.20067972275512,6.666219751632094,0.749439276359211,8.02792292298702,255.9492721030846,420.97219845130644,2433.4241768261463,0.36589545681614166,3.203393564858838,8.0,cloud_forest,tropical,clay,minimal,unprotected,palm,none,10.860818106233525,151.55933176204576,0.0,29.26180493617991,6.448387602433071
-75.14563973249801,-2.20189353815988,1,49.949987414272435,7.688655646483695,0.7666239917310653,7.7555172298257276,415.87744285726524,551.9895660258366,1542.4367154707215,0.5085488237634311,1.2697263479700602,2.0,cloud_forest,tropical,peat,moderate,protected,cecropia,none,8.28448509434695,460.5858834060317,2.2206803548435183,22.872051829173696,6.075454619357066
-39.14510894985758,-4.326871477561745,0,40.07349111012646,5.919713460707814,0.4861765713784052,4.994107657037719,70.55764941016926,356.4477339638533,2792.4837038911005,0.5998989977307201,4.487890487568664,7.0,secondary_forest,temperate,clay,high,unprotected,kapok,river,2.58333985507434,503.8849480129183,0.0014480975344722553,36.849872097630474,5.3417239842042035
-52.77861903978767,-0.28132488700164077,0,51.09052338615488,4.821756185981454,0.2477079347717495,3.904370191107058,299.21270387570604,455.95351435929314,2529.5585381304645,0.6334312929521528,10.0,3.0,secondary_forest,montane,peat,moderate,unprotected,eucalyptus,seasonal,0.7945121130167507,312.95293741132775,5.038819795169204,23.72884411736582,6.1256804125873865
-67.95215739594026,-6.928366823478951,1,56.11304304525933,3.2684623812958935,0.27924708379718377,4.316907282322752,152.25823578008078,133.40405533412977,565.703275263251,0.6469343117194902,8.479883021744884,1.0,cloud_forest,montane,laterite,minimal,protected,bamboo,seasonal,5.539543527524042,469.5017087125769,1.221656327494937,42.23277391255084,3.810979624430179
-59.3148380351259,-12.956596095767907,1,64.81859069087346,8.974014649911332,0.3341765523452403,3.5301102018420316,205.77606543209322,323.2752752960648,2313.2253698016716,0.5978846006455912,4.151257599393018,10.0,tropical_rainforest,temperate,laterite,low,protected,pine,river,8.34607292198536,322.07497101100245,2.866551905377654,27.23387318458427,5.5919649647237275
-76.14908313923516,-7.20442292204504,1,67.7477748551173,7.715731660953665,0.947218569991694,6.189798158220495,227.50973136371795,704.7250161896329,2393.6256516849603,0.6059654659815431,6.120937883796658,8.0,tropical_rainforest,montane,sandy,minimal,protected,kapok,river,9.062299523186592,525.9199047803465,0.4176606761947993,13.860663288651871,4.5624739111121455
-72.69175830540739,-5.029143963338877,1,70.73524996538409,6.602285647676835,0.2982638026436564,3.9617822911963105,53.718377782378354,365.58007696262894,2383.6746954260634,0.4976232371214842,4.072868710233942,9.0,tropical_rainforest,tropical,alluvial,minimal,buffer_zone,mahogany,none,5.26889098284761,201.88877601042685,1.337047264930083,28.219208845979924,8.658849851014786
-69.81584849340106,18.35450127286877,0,36.49566461719407,2.0303218636733975,0.6966693068800442,4.863633524170472,212.81404230120103,328.5469172758473,2375.260793498387,0.6281310659011096,5.959394051444898,1.0,mangrove,subtropical,alluvial,high,protected,mahogany,river,4.984127700972251,295.070531433008,3.127927413955639,21.59203629348759,4.911873842460453
-58.33051192290589,-9.743762865273531,0,28.625912152748885,3.620533847338164,0.3836905682513092,6.562705277718075,347.35038550299197,175.5669934815901,1384.9685743659268,0.5849351813695137,1.8383279641741916,9.0,mangrove,temperate,laterite,high,buffer_zone,eucalyptus,river,3.8916461771021518,140.97883429490682,2.4131246274670586,41.205020611321274,3.011464264146712
-41.962068486401364,-10.122263651552515,0,49.45926255505556,1.6626948345002668,0.6614224803798359,5.492451135172072,445.83866628276655,364.0618280502862,2240.9189072375616,0.5669504635118617,9.89233049776152,2.0,mangrove,subtropical,alluvial,minimal,buffer_zone,mahogany,river,5.285745508903239,400.12138790782956,0.6379561876329584,19.42850637364065,3.486986918614738
-68.57404804888577,-8.63388599674224,1,79.44752850410367,7.082116515130429,0.31602859788228677,6.452186403894574,123.13905376149982,532.4141893474475,2521.503189300772,0.5858219444144771,5.581422612529881,2.0,tropical_rainforest,tropical,clay,minimal,protected,kapok,river,4.423638336635124,464.5806716581647,1.2413166734665118,23.149746349305225,6.79521835150899
-49.038902782821125,-9.354736104620443,0,40.48654297124036,1.666839706901133,0.08111599787190932,3.1304164334236093,120.67460853194488,370.38415462803067,2179.1831217224167,0.8077300833758952,8.262485930814922,1.0,dry_forest,montane,clay,moderate,protected,eucalyptus,stream,7.437992062642768,525.1685264267418,2.1666465378488393,38.06043563830417,3.080290447718128
-65.90356400937266,-5.8945871018115845,1,61.770508380782175,7.709025676067477,0.6523273330662542,6.243617441745368,191.47531899070125,552.6858527064555,1883.825699413292,0.6397257857811585,4.807786667517831,7.0,mangrove,subtropical,loam,minimal,unprotected,kapok,none,9.127635434837291,683.0312277501656,0.37071991288430484,15.950855360592842,6.881532155692497
-70.2313767965672,-14.95384938386514,1,61.97032331650625,8.873522389274587,0.5163449155536664,4.537650677064011,266.4577696027758,557.5695933995203,1935.7090373963122,0.8727707549007527,2.9116073722628295,2.0,cloud_forest,subtropical,sandy,minimal,buffer_zone,cecropia,seasonal,8.756359003031651,215.42199781646076,0.10120441662579516,16.093409374126793,3.336021703206388
-59.16717191616451,-27.94301004050419,1,65.61360234367244,10.0,0.4918886036089094,7.728813230589023,205.25239919590135,483.1949749182144,1741.0346506868545,0.5843319910745083,2.0822946014174724,4.0,cloud_forest,montane,loam,minimal,unprotected,bamboo,river,3.0520921562686874,313.05306113927196,0.5148249765315337,38.67500556408059,6.933249680051981
-63.79052870484912,-17.579774916680506,1,76.28178358973348,4.406112612797265,0.6304536021806155,8.28384108607425,231.4082859801776,377.9752788809821,1996.8422012194455,0.5367025300045933,6.03843842954151,7.0,tropical_rainforest,tropical,clay,minimal,protected,mahogany,seasonal,4.509503580131428,289.2489511485474,3.2440196315653047,14.310240109107356,4.485446436242258
-70.39398722434206,-14.688910606080597,1,53.52580845266749,6.128498163437298,0.6856623555583042,7.49839401637407,312.5977056437007,452.3542054010062,1002.3259210946144,0.2858403501403017,10.0,6.0,tropical_rainforest,subtropical,laterite,minimal,protected,fig,stream,3.6536815023019757,427.6403121443142,0.9635024248868325,33.74327426616364,5.572640343240036
-61.43778015586872,-23.62370427265854,1,66.46660289879416,5.628344618318957,0.3081046663274584,4.335624307593997,149.78045445968937,470.45379429093686,500.0,0.6716863002298105,2.1894145666584883,5.0,tropical_rainforest,tropical,peat,low,protected,bamboo,none,4.797355717291004,561.7495899808439,3.3280383372909923,42.09362332795473,3.441348446344858
-54.620551454377264,-1.9962982821472557,0,56.79854235522246,3.4756848622968413,0.2324344600099241,7.844365693413025,296.19013805140025,204.85837097301035,2659.5987114815093,0.7340772595593201,1.2553982942112094,7.0,dry_forest,tropical,loam,moderate,protected,eucalyptus,stream,7.186118166013351,471.43966325324425,3.807379883374935,23.634267247077226,6.89954352138407
-70.95054663195728,-45.64490104225531,0,46.70255296372864,1.6346715693311373,0.1823333006573912,5.021523290313283,261.0546936630688,107.31907313682593,2256.862118321143,0.7077268862272188,9.233901985218315,5.0,tropical_rainforest,temperate,alluvial,high,protected,pine,seasonal,4.3060041522907575,481.11509401326964,2.397399349686878,5.802525096307061,3.4779689747281126
-64.22996993483706,-31.199696969097293,0,47.251170742580996,4.941417411141904,0.16477978654254125,4.1633908841104255,178.81539444612363,222.32724598046053,1833.5859269130417,0.6983539794382646,5.974072602323625,6.0,secondary_forest,temperate,peat,moderate,buffer_zone,pine,seasonal,1.5472310491306012,452.45873231804154,5.126760706424822,22.279867088180243,4.4816457119149575
-68.89552839309864,-4.6906013627647445,1,66.99587661548136,3.9406398575335606,0.6068466841272235,6.811577622210634,201.96602926574195,366.5110316856444,1485.349414410864,0.4088843844031844,6.822999630198971,9.0,cloud_forest,subtropical,clay,low,unprotected,bamboo,river,5.420074181712331,522.9710751322286,4.850399522816057,17.52880015686956,6.835201232496925
-55.66906237292615,-15.408595465211109,1,90.37420553232057,4.711664298857546,0.456841862363949,6.930379821310849,171.02947054887704,304.63725105095597,3099.045408644078,0.2901881430257228,5.37318056643687,1.0,tropical_rainforest,tropical,clay,low,protected,eucalyptus,stream,6.161088813843252,483.65202725983863,1.1613601399881273,23.267601847669045,6.24014983556345
-53.64274835983449,-5.792472179587214,0,32.698147956955786,1.1021988915768193,0.18929331420173648,4.5122768991550535,10.0,346.1769444416583,1927.1940856903661,0.2478860268235147,1.3358207027946565,3.0,secondary_forest,subtropical,sandy,minimal,buffer_zone,pine,seasonal,7.599911383674865,486.8266013624292,5.459825988898258,31.22047540392733,6.233454043716485
-63.71979061630077,-30.509978397112445,0,54.77907816595551,5.7910956805180795,0.3171001212042236,7.688268927789891,209.06601331141738,300.085974993649,724.9636878484953,0.5357206410437148,5.039645737586528,10.0,dry_forest,temperate,peat,moderate,unprotected,bamboo,seasonal,2.684624425490016,301.534421800078,4.493819645345557,14.149282350510545,6.547210321983762
-71.05625978619939,7.821182042325421,0,51.2719513353649,1.4544264800153872,0.40411930471559854,5.032807517118297,160.6149463876877,259.93773732245154,1359.5375625177342,0.3559599516906839,8.012257115438802,9.0,cloud_forest,montane,sandy,minimal,unprotected,mahogany,seasonal,2.9510866579160777,453.84190516390964,10.0,22.76771550859852,6.440117711745086
-74.3577651039466,9.82088603872385,0,34.544287651674026,2.1944379698687415,0.46780249617066294,5.788359523512833,275.85357401050976,130.7914904096369,2066.5482819758236,0.40227197830325406,10.0,1.0,dry_forest,montane,laterite,low,protected,palm,none,6.533432802434821,498.77520437006893,1.198224396152273,13.591585359110812,4.138170974557916
-45.032240633681916,-12.697382659871982,1,86.21903752395109,3.816353575270389,0.897196502068454,5.185208442440725,271.67078196409716,402.84756212055515,2862.902896909489,0.6800657734979657,10.0,3.0,dry_forest,tropical,loam,minimal,buffer_zone,palm,stream,12.058681307105072,546.1667475228251,0.39366832273720764,17.000958672406675,6.064470185742751
-75.78959063971632,-5.452632372571977,1,65.37380429173655,6.548261535221324,0.6182986429068099,4.972284463770586,230.31928483930528,143.58656790211364,2187.1684308766753,0.44356363031786866,6.2390581202875985,9.0,cloud_forest,tropical,sandy,low,protected,kapok,none,3.0325929361529362,446.7193321393324,3.7131405409046314,33.77573175392287,6.367879146719618
-89.36057426605447,16.4517706690307,0,25.793394079089207,3.64535321955593,0.0,7.616446341181432,194.16995377369278,228.17624496812195,2094.047755559792,0.6795385771517635,4.802203860328871,8.0,cloud_forest,temperate,peat,high,protected,cecropia,seasonal,10.617295343679338,143.58975535708018,2.4069929507932866,9.008402154385909,4.224163944855764
-49.86109382691012,-12.53448971417398,1,74.96568208505067,5.74959629698095,0.336725973706541,4.344771009292684,148.1997749680184,700.6102383284557,3507.7054679276694,0.5356044824356155,4.750310764899889,10.0,cloud_forest,tropical,laterite,high,unprotected,fig,stream,2.778115266697544,397.6484732369069,3.737961644881101,25.835457643964563,7.214576862049826
-39.68136253546441,-10.761143530764672,1,84.95808280502591,2.8192833032407374,0.7423543687309557,7.722855738342836,382.91861234707005,122.75392288571905,2222.392236645658,0.4155405280375336,9.16554396438473,7.0,dry_forest,subtropical,clay,moderate,buffer_zone,mahogany,river,11.809629631086903,406.96980883816445,3.636769106209173,27.475491198923915,4.986134166930883
-57.033451392078774,2.9835320811703645,0,38.1193021238642,1.835120963558277,0.33737768504669063,3.0218532239300613,172.45515346351908,677.8057599927421,2499.623128054924,0.7502941041828066,1.8625254892523952,2.0,mangrove,montane,sandy,moderate,unprotected,fig,stream,3.975425353619249,639.4436411241933,0.13348993209795929,31.13403397958783,3.163738349059825
-62.3579252554636,-5.478261602017638,0,48.254638387997254,1.8187808946714488,0.15796462572025885,5.6557686544962635,331.9996448519673,318.75086513091316,1656.8993293890117,0.9051443590148424,2.8363616170288,2.0,secondary_forest,montane,alluvial,moderate,unprotected,mahogany,seasonal,8.507784699809221,492.49615052169514,2.0410736622525123,29.420024559458497,5.868870838647736
-54.384196684003946,-21.39245265737978,1,92.7119827139867,10.0,0.8035235738372867,7.152957165483086,302.32459804171975,691.1237896102716,2648.8861989874376,0.3846176452872501,1.2419389502234206,1.0,secondary_forest,subtropical,alluvial,moderate,protected,pine,none,9.265535535901066,697.8683514953277,0.0,20.767387858683207,3.4819007457199658
-74.5327828566429,-14.71270966567266,1,71.05303082405568,6.300045087763355,0.48153610308499495,7.166378479169884,238.0894424981715,379.5359454108085,672.525638838159,0.7094048762330121,9.882793171393235,10.0,cloud_forest,temperate,alluvial,moderate,buffer_zone,cecropia,river,7.437439253399788,664.1429200081474,2.6619406053304817,31.790852823945006,3.2091589964775236
-64.35626770969101,-29.950434076146617,1,57.83503497943965,6.587693420781459,0.21171601050863803,7.163983598455765,117.00723185799286,527.8605260777049,635.7717724708784,0.4884724152667998,10.0,6.0,cloud_forest,montane,alluvial,low,protected,mahogany,seasonal,7.763134821361775,355.1131568479867,0.03673930758919746,23.236252744023275,6.82682871741495
-66.02899823375473,-29.278657816081445,1,47.82637718323374,7.926260224162556,0.6648006497900439,7.182084558882245,262.15702326526787,395.09761055660584,3175.2253374654065,0.6541453076959356,5.572982895640431,3.0,tropical_rainforest,tropical,loam,minimal,buffer_zone,kapok,river,9.457075519800828,599.0993333213464,10.0,26.235334686323153,6.197735738324836
-61.29941853146804,2.9068210529034384,0,50.56359493494548,0.5045231207111264,0.4917558601087565,3.0917493822704674,99.36297369859948,50.0,2344.6064041140235,0.7743490155680686,5.048605616354173,3.0,dry_forest,subtropical,loam,moderate,unprotected,bamboo,none,6.717669439914939,0.0,2.859138859070637,14.303782474298666,4.103874594681326
-69.24421537792946,-52.8721664079254,0,61.74897358499593,7.451594779913567,0.08663019039580391,7.9854600880512425,162.98135472747225,454.3199961707923,2870.7943625952807,0.6036033601952674,6.863971054972818,4.0,secondary_forest,temperate,loam,moderate,unprotected,fig,none,4.859983979892192,655.3034925504896,8.47110787381178,29.440380150190254,6.140010708243295
-67.58584204342652,-10.071998781284151,1,52.29629038974767,3.7979087000141636,0.40535697682739097,4.11098380914619,174.5785047313156,361.84309910821275,2271.9891517815404,0.3823376312270562,4.028847184445362,2.0,dry_forest,subtropical,sandy,minimal,buffer_zone,kapok,none,2.043749954854078,481.86104520993274,2.6853672452955903,25.460809849383118,6.707093517523726
-67.18763730394342,-17.681419753756167,1,68.44179291441809,10.0,0.7222878764008873,6.537143804605754,277.09130635579515,510.671178932061,1853.401520209587,0.6682523716010117,5.024109287447366,8.0,mangrove,subtropical,clay,moderate,unprotected,mahogany,seasonal,2.0292930563503613,574.1156821767389,7.3811236650435985,29.47443294131293,3.0275369269898764
-53.81025884405363,-32.09308095732291,0,53.913086088201744,1.0235672205436452,0.0630433804284671,5.791443732187084,142.42165706569912,492.3199108046625,2988.608705551245,0.5171190965279084,4.464550911056309,5.0,mangrove,temperate,loam,low,protected,pine,stream,7.820308146988424,203.81634229680142,5.462453887796521,16.871998974571625,4.324388161672879
-66.06602847972776,-38.07715164880992,0,43.55007121507734,6.104475709133212,0.4779900283825095,5.051568138214689,153.22824567825583,577.1720446637397,2499.1098650044587,0.6695343254392176,2.629330884781236,10.0,dry_forest,montane,sandy,low,buffer_zone,mahogany,none,11.783276706878745,718.5118331101663,1.2806702701622352,17.424079890935197,5.388306872528446
-53.7969956467181,-27.123047012845603,1,89.58980053436395,8.324900981782827,0.5033026865884422,5.127589908156326,164.43946931538792,503.2187946315404,3043.6752514302552,0.35399971609993697,1.2097813052621986,5.0,tropical_rainforest,subtropical,laterite,minimal,buffer_zone,mahogany,river,5.734825344038164,340.57881238250263,5.91564599315274,23.49549739069918,4.143457340906837
-75.03103727695554,4.142901834899736,0,32.358381220835234,1.3260140410487642,0.8200586460344921,3.9504704484404076,19.317720215981325,241.5820220509089,3155.7027573043924,0.25461405322386355,3.632922327872695,3.0,tropical_rainforest,montane,loam,low,unprotected,bamboo,none,3.9032416423722407,569.3899556220485,9.218486547338088,5.0,6.586326698914629
-67.11258285272163,-18.231374151425896,1,60.70358432834374,4.528568932799679,0.5923982129570964,3.9524314592477636,179.0212153129516,405.501196219112,656.804757587336,0.4479594239059625,4.931552516843185,6.0,tropical_rainforest,subtropical,alluvial,minimal,buffer_zone,palm,stream,7.086036233269898,320.6639497094117,8.409144026677778,21.51291938838538,6.656149618360292
-66.21944226916713,-37.94246434599421,0,25.146137023986434,4.725433202717,0.669390777622717,6.643807291661918,226.6184331137471,362.9734726108906,2112.986209976693,0.7169143994226529,2.2788327226141267,2.0,mangrove,montane,loam,minimal,buffer_zone,pine,seasonal,2.8542579247757756,791.6246619958714,2.21835351977544,18.471873097832148,6.742942351533836
-68.56990078393535,-13.420819141415253,1,64.34154440763628,2.8935740285102853,0.3940355896546455,4.16851341054835,314.6631621033155,390.098015115543,2358.8584093393974,0.35704796294647057,10.0,9.0,tropical_rainforest,temperate,peat,moderate,protected,bamboo,river,11.53674342474535,207.95197651205388,10.0,16.63948722807908,3.1290158170306253
-65.89480640737018,-25.068993957574264,1,63.42141885850654,6.371609462188652,0.42682491276319623,6.678140279178476,278.8012715401868,481.89795667708313,1477.5612986112708,0.3190707615249008,3.4206828900417485,7.0,cloud_forest,temperate,peat,high,buffer_zone,cecropia,none,8.354395658222472,647.6335628615184,0.0,50.0,6.722658488080922
-62.48059299970793,-23.76063734799989,1,40.69873424466142,5.493858850505355,0.6590137747305299,4.803956927622274,162.83562118640475,625.3982939057844,636.6939405655394,0.5023327628422322,5.063662856630858,8.0,dry_forest,tropical,alluvial,moderate,buffer_zone,eucalyptus,river,2.6704153199594463,269.99711490443826,0.9630175249752657,23.576196853486937,4.648669728590175
-84.54878923314934,21.755542429433877,0,37.35996270526208,4.11903538366082,0.5894107612679329,7.561883068653591,204.7222521516727,526.7670328062982,2169.053623540435,0.47353098497184165,3.8275086292360516,3.0,cloud_forest,tropical,loam,high,protected,palm,seasonal,4.704378441726094,591.2979947659537,2.9712685485611856,18.130565627033146,6.947593390248445
-61.84650353426014,-0.7303774035305161,0,37.38774897963058,1.9419599656382664,0.33385469724928396,6.6443514654858165,113.60752961745717,343.5165989466901,2922.7637127035287,0.5659885928957363,8.428830753389098,7.0,dry_forest,tropical,sandy,moderate,protected,eucalyptus,stream,3.1980756417713048,507.8117887405544,1.5795813388789126,9.769370589563106,5.590954972847427
-59.86477246972412,-28.82127300125859,1,81.56975624100416,5.3106036556375695,0.9868274076647201,8.3243229970265,412.3041250605911,392.71796826997866,1788.560553724592,0.6555704752610759,4.578384401519095,9.0,cloud_forest,temperate,laterite,minimal,buffer_zone,mahogany,stream,9.958967887391841,657.8513654237901,1.7171079348264078,5.0,6.911509587197795
-55.51316984569262,-15.36693181079711,1,76.64567607769256,5.557280446481909,0.24942408057633575,6.259318179172495,267.85248635785535,482.31675266416556,1211.7682612873314,0.5708853224406488,7.911628047094352,2.0,tropical_rainforest,tropical,clay,minimal,protected,fig,none,3.4348537805914146,467.6839495474894,0.48162153372295535,19.73271617983412,6.396267500479384
-67.85040572238485,-10.157018799889247,1,75.55809157078527,4.1059107116850235,0.8422513532536894,4.864774338202356,361.95506254513674,392.6409063877232,658.2436501932325,0.4774311457476153,4.50423751727694,3.0,secondary_forest,montane,alluvial,minimal,protected,mahogany,river,10.695490403091465,297.56382408660176,0.45623935523962655,19.542924755651363,4.902090238379749
-58.67375543727624,2.820661706850725,0,50.05076085350244,2.078766776432462,0.6934474943163172,3.9897489152447507,178.31540614344544,460.3523238938878,2348.2563042824036,0.8274035718067181,10.0,8.0,dry_forest,temperate,sandy,low,buffer_zone,pine,none,2.82394340213776,713.472319242211,1.234618404547859,24.84291839236196,4.035932440172685
-74.83961628029421,-0.8571479338993385,1,55.38402951495904,2.318212169513162,0.9202554877294302,6.589993642484947,277.9026871329621,219.88881597022652,2744.944106682362,0.6893777144415362,1.593954651471237,5.0,mangrove,subtropical,sandy,minimal,protected,pine,river,15.214718388961591,352.6546434913232,6.5266204276091875,14.813069990200727,4.215281092912127
-66.04924420268125,-29.48138287324409,1,58.314202496484874,5.4349887318617505,0.43322390462362215,4.050476526309431,329.07993854841027,247.76120208427253,2239.178618558418,0.5994053646713781,1.6065825105051128,5.0,tropical_rainforest,tropical,alluvial,moderate,unprotected,eucalyptus,river,8.379623890473816,277.21290595338945,1.7851120127012918,10.297255943114044,5.585804631218491
-44.239917377586444,-10.092669262914441,1,75.22114341848201,8.955356984399764,0.9455487568378372,7.129323554132363,186.0375233465618,643.5999614895188,2316.4929110121416,0.4498101823424566,5.986468289792846,3.0,tropical_rainforest,temperate,alluvial,minimal,buffer_zone,fig,seasonal,6.612108827564219,249.44379834038583,3.6295985987389767,19.288681700884688,5.815263777232063
-68.43811558298246,-32.75465422567433,0,30.72607172878432,1.7776808636353572,0.24084926728743253,6.690731422336949,231.02081362451634,333.95884579379543,2104.9297609673495,0.2388340918049626,10.0,5.0,dry_forest,temperate,peat,high,unprotected,mahogany,none,5.632858469582037,603.3084604481348,3.205592014304026,20.50383078573493,5.3533164536079685
-85.98176174308603,13.769353927120747,0,39.64948812088942,2.6576633118818225,0.24867440053948772,6.466048889909042,187.61846574043966,542.3857983844363,2749.3977915525375,0.7790994426839826,5.0489685326478595,6.0,secondary_forest,temperate,peat,minimal,unprotected,palm,stream,3.0282253116474753,259.65649745815705,1.2163665019768322,13.925499549197351,6.902898689927822
-78.12900777751706,-5.177015379221366,1,81.17808451248845,6.914202071641799,0.8928250765957271,4.397719353970834,10.0,369.71775939811187,2487.7453552634897,0.40672847957602454,10.0,1.0,cloud_forest,tropical,laterite,moderate,unprotected,cecropia,stream,1.494451734118167,361.13374125025786,0.6310372865372487,31.603068911888354,5.745471907356546
-68.93017949390786,-18.715614798456468,1,51.46491837459945,8.983036976009465,0.5846558989190435,7.633415136355854,455.7907698801984,628.3427085724007,1128.1540394717258,0.22357967266697568,8.597751232229339,9.0,cloud_forest,tropical,loam,low,protected,fig,none,2.2566682379705005,602.996002026209,1.0390800339427142,32.84368333215944,5.11499864118611
-54.668731205226656,0.889655918119206,0,49.0266850546669,2.866199529129621,0.5102444190994712,7.423606363778107,259.6541664204475,380.98545202168543,1301.1717662025312,0.43077049403508644,10.0,1.0,tropical_rainforest,montane,peat,moderate,buffer_zone,eucalyptus,stream,7.314756124139997,674.8726392636576,5.428887536381238,23.057999878958118,5.689757770891692
-48.94721910924463,-9.68816787969164,0,45.53076828761695,1.241689892301021,0.23671173954668404,7.150365491027887,324.95949332371197,464.3456698370458,891.6643731190355,0.9842041096843102,5.888634053703738,2.0,dry_forest,temperate,sandy,high,unprotected,kapok,river,8.02055415699676,460.97833381137474,0.16184208513827128,9.819804875574818,6.102931427861634
-57.33192772656857,6.154382264874865,0,38.02300316971696,4.4011153823632725,0.3683620210792893,3.7030817844114194,221.2163946290012,50.0,2030.4396049751285,0.4901544009374044,2.5849360396172836,3.0,secondary_forest,subtropical,laterite,low,unprotected,fig,stream,4.901043101308345,221.81870589063638,6.484983633619276,35.85496968634813,4.439711871689635
-60.585598673806516,-35.965109556605874,0,60.06969399563095,0.2129828155957443,0.6302878613922859,7.885071297999471,231.261712346776,754.0365803639863,1015.6577654022319,0.35828621709898245,2.109790980226912,8.0,mangrove,tropical,peat,moderate,unprotected,cecropia,river,2.4843150506940663,374.82672912304866,5.648536130255117,13.65590310238526,5.550917912621351
-53.784705356019145,-32.043685158065294,0,55.71838165029226,3.090917330113489,0.4556101451120942,3.9926434519270706,260.5251058690934,146.01493171559275,2628.8661797526015,0.7078145752544391,6.884282282670585,8.0,secondary_forest,montane,laterite,high,unprotected,eucalyptus,stream,14.981318332182486,159.4161319049023,0.5459782051856852,10.282983792329041,6.14822807097693
-51.859837126469785,2.207069888005474,0,41.68609971644123,3.1598301226210492,0.6303782266252826,7.3002493984810854,333.55561782979055,352.59301456493216,1925.684388866255,0.6243216829196909,8.834674991803078,10.0,dry_forest,temperate,laterite,moderate,protected,eucalyptus,none,4.595256753317604,593.2971162381182,5.025275611115544,25.080646255582167,6.448042081679002
-58.179152158818376,-5.9005130227413325,0,22.72982793595543,3.9535036321305954,0.17502731366459842,6.541384128286181,10.0,270.1439574994412,1113.835280978337,0.2938532072421538,10.0,3.0,dry_forest,montane,loam,moderate,unprotected,kapok,stream,11.485104160545134,111.82105456883669,1.9903147450124878,41.112856619505486,4.3640599409764445
-67.20306874197479,-14.815978226881821,1,48.26255521695893,3.00701250767647,0.8684163441392878,6.875812145488334,400.3973771732034,139.95143945073977,2711.179513422097,0.45628615191533956,0.0,9.0,tropical_rainforest,subtropical,clay,minimal,unprotected,cecropia,seasonal,6.502309994537005,41.82513385132347,8.559097420853004,30.88428530031059,6.31037701230691
-51.28506943122783,-20.8115813233921,1,58.53951141749768,4.43897499446423,0.5149986340541721,6.3029903535388945,436.318341931558,418.0095662109196,1020.8704029374729,0.31192229777540675,4.667190024101016,7.0,secondary_forest,subtropical,laterite,low,protected,eucalyptus,seasonal,7.445636327364571,357.23344992299735,0.0,34.79520292208733,4.619879383979609
-45.523594528407436,-9.21087325990519,0,59.12683664296122,4.409141540831041,0.6679308146254569,4.777142652539746,172.1431901376513,210.0649111705535,2624.6460480695364,0.8499383634730736,2.4616323048757502,10.0,cloud_forest,tropical,loam,moderate,buffer_zone,eucalyptus,stream,6.982477839271356,196.98327103192068,3.7161626873803044,24.944445408240416,4.775188302171344
-46.27042314849913,-20.140046444091816,1,96.35590121128203,5.9331187973522805,0.5962148701007289,4.114438947306946,215.50505495774195,430.7362329638768,3189.4874452779363,0.38329022111962097,1.3595660440679476,10.0,tropical_rainforest,tropical,sandy,minimal,buffer_zone,bamboo,seasonal,3.8478893612931007,268.7390845363,0.0,25.28529512691382,6.305078870669293
-56.52841065222468,-12.831940618649503,1,72.15648776451799,8.17472848312879,1.0,7.240018244844345,404.1861621390041,545.4705509416916,1593.4274095531357,0.5304582432380776,1.8856141596175457,1.0,tropical_rainforest,temperate,alluvial,minimal,protected,palm,river,8.255730997227499,775.596312571417,10.0,39.066920682716955,6.063435953100749
-79.75377873437073,22.595911380407568,0,48.44345474962413,4.425798983116736,0.5191178915377542,4.066859536774311,66.36082716765857,594.4803732126612,2913.560488168088,0.7172035147669281,2.7719429760528222,5.0,secondary_forest,tropical,loam,high,unprotected,bamboo,none,4.838908558288838,80.92991889336938,0.3957488083079851,20.31570877228779,5.398794320770477
-87.11581097291834,12.93101681220209,0,28.89449553187196,1.2979790929366037,0.18444802413244557,6.128210342759389,134.21141493126305,488.4131327532237,1309.5953219115866,0.5925831563083205,6.8236127046219766,7.0,dry_forest,temperate,peat,low,protected,kapok,stream,12.020279586164719,610.126090252446,2.2681596847120824,33.19602088343416,5.625373523744825
-66.2027078597899,-17.02112584297766,1,74.28157923117737,9.611291661225877,0.8071691472268461,6.65258492606999,435.8985695794337,507.47945659169073,2434.3783057617334,0.8352256782514274,7.7533570327874415,10.0,tropical_rainforest,tropical,peat,minimal,protected,mahogany,none,9.49985356579479,459.1824737707616,2.572317807474133,12.124062642957549,3.115559873017487
-65.31914439661517,-29.45997434577121,1,64.84525814730358,5.615885986735204,0.3327719154866723,6.517149292473835,326.04844122940904,236.55925596606465,2106.9442273079094,0.5997042036149064,4.3358625074077235,10.0,tropical_rainforest,temperate,alluvial,moderate,buffer_zone,fig,stream,8.82788152900332,511.0864032444146,3.8134730469718967,26.13511956655377,3.347119270953047
-75.21739983286732,-12.738953534418295,1,68.05951850367329,2.856087039299023,0.3646841966822036,3.782554704622599,154.35960087322778,300.23395309412524,2325.5412010031555,0.290422242464607,0.9678748951290349,4.0,secondary_forest,tropical,loam,minimal,buffer_zone,mahogany,stream,3.2313482906157827,303.67621487469074,4.711735136346841,15.717640124688886,5.777397786683485
-69.92377794993881,18.23215619710187,0,44.74457072506472,4.466521275113299,0.0012780954772648873,6.637912249474865,254.4818342439698,620.8500761910948,1662.3464387926458,0.32086651760393314,6.621342789878754,5.0,dry_forest,tropical,alluvial,moderate,protected,pine,stream,6.973916006193023,578.4374767840344,2.4475210969154397,23.46278253370302,5.908859034491965
-63.75700982909861,-17.2549652894689,1,88.18838963594112,7.585612459229136,0.6075805876023034,7.687997837528851,241.9512885406703,436.64296489147114,3203.4054277441173,0.6175472350227673,7.131595046484208,3.0,tropical_rainforest,temperate,loam,minimal,buffer_zone,kapok,river,7.22265921617281,460.2194273787112,1.38362893561273,31.431474557973992,6.708516138242152
-59.66585062919373,-13.048705564421953,1,68.48388777628814,5.14911818119242,0.7027358408963855,5.948279289358491,306.2829145585914,526.9877994434408,1743.9179077892761,0.3587404648088105,10.0,3.0,mangrove,subtropical,laterite,minimal,protected,bamboo,river,8.426964342370324,662.7048689796019,3.8555300218388275,38.33871745942676,5.351704947973479
-39.04557281571824,-4.289696340944533,0,43.82378354396119,6.100863830324172,0.35937412799757185,7.576633684660466,227.29141152332562,244.0489433351003,2293.5756186586163,0.3472478439263319,9.308878788513322,8.0,secondary_forest,temperate,laterite,moderate,unprotected,pine,seasonal,3.7252510702537682,471.5582137976988,1.338132662721623,33.81829326361343,3.8939811356047094
-43.7421832984426,-16.1802221711879,1,39.02215865242493,4.526803761486223,0.5983352812218801,6.668162186330567,292.0807660840406,306.7877575901919,1812.5998236493917,0.6992626618338974,6.080910407839345,3.0,cloud_forest,subtropical,clay,low,buffer_zone,pine,river,11.405520053600572,548.0772797470136,1.9062941712249195,21.800876792847205,3.123046119701589
-62.92763743977156,8.330435782291607,0,11.832474746180607,2.1771664287444965,0.11472971558712303,3.5269673697543165,185.63983856628508,355.20138872071556,2825.437329188019,0.8294623996524207,8.44773612809239,6.0,dry_forest,montane,peat,high,protected,eucalyptus,none,7.676402978430376,340.1402009471556,8.244823620411434,23.57096802038137,4.701169731755325
-54.153924078178385,-34.60262007422906,0,26.022052287382596,3.5634799233395333,0.443104026219997,3.3342360990883804,251.82585984333133,445.04477421862157,2109.1812863296036,0.408390770316093,3.1780672769638336,3.0,dry_forest,montane,alluvial,high,buffer_zone,bamboo,none,4.876944758309523,544.9275764266166,0.30766666202740006,25.01382561999332,5.461138787353651
-50.953804856136024,-10.105940572624606,1,85.89456153963974,7.946835915475276,0.4968126919962611,4.291547656919551,264.67709029008995,331.37626118899806,2596.004596603321,0.19817195143863742,3.717407365877779,10.0,tropical_rainforest,tropical,clay,low,buffer_zone,eucalyptus,stream,12.489108459622411,930.7619924335806,0.0,22.947661497899755,5.3130454909843525
-79.80374333727133,-4.689083493554792,1,84.0282734986346,3.9578472740872623,1.0,4.686292438173452,373.9080361126013,245.87747675488242,2501.71987090023,0.12444376168425333,5.822519801277724,2.0,dry_forest,tropical,laterite,minimal,unprotected,eucalyptus,seasonal,20.0,260.1639862572664,4.203803246637297,21.746643835091678,5.330645737784222
-62.04250787143119,-19.576897501923604,1,65.74083282417305,6.153494953160145,0.4438068276451911,7.73632491952482,295.7889134361859,470.00804562638365,2781.8816876653455,0.8459235034022817,10.0,7.0,mangrove,temperate,clay,low,protected,cecropia,stream,12.841067112234969,463.0800341193843,2.2370090799482023,26.2674395297435,3.496285930358715
-54.560858979103294,-29.115917872352814,1,64.97159526026633,3.6279507418636534,0.6343033756870738,3.9119062601063916,292.51956600097753,636.274669895917,3066.883839365183,0.6521733773329517,4.6525380829022405,4.0,mangrove,montane,clay,low,buffer_zone,kapok,seasonal,12.750874804675373,119.42918857411185,1.3332242847131717,21.293496176407956,6.961225032903022
-61.03053890090431,3.0638247786625756,0,43.545862657945754,0.8342540962204055,0.44951162978798187,4.0939437290379175,331.70679130769713,344.4161149228829,1550.4817358355494,0.6513111995733976,9.8007620145285,8.0,cloud_forest,montane,sandy,high,unprotected,bamboo,river,8.463802264486603,273.94434268571337,1.822501330852916,17.60367760435883,5.168236228816012
-64.60972847005687,-29.819379063589857,1,47.96919388026123,6.851758464286286,0.5537556094906972,5.947225906156239,270.670368394829,387.46823482373435,2607.484744427621,0.5753160706763998,2.356565269228883,10.0,tropical_rainforest,subtropical,clay,low,unprotected,bamboo,none,9.495531770508931,287.0601485019945,2.908424403983136,12.682693619068147,5.910623451531073
-78.54179565407698,-9.02195913197389,1,63.96199521262432,4.077371398953163,0.5476621745768393,4.2942603807982795,109.74879590291195,475.53913498204656,2072.9527005047944,0.4202094146953032,1.61171931184253,10.0,tropical_rainforest,tropical,clay,low,buffer_zone,palm,seasonal,8.16772121756544,185.45949691725633,0.5633006360094239,13.156306340397444,6.041260849896519
-47.85605124054313,-11.303277595324227,1,53.412617828203445,4.3066573316003485,0.4066895207741879,4.302811889040882,51.072805145116135,437.56925009130293,1513.9641287178533,0.14666287151430213,9.266704609278618,6.0,secondary_forest,tropical,alluvial,moderate,buffer_zone,eucalyptus,none,3.410710464572216,199.52682266512474,2.7637601153316296,15.406392886825492,3.3472487028182396
-72.65876940203044,10.942590596722106,0,37.1816314567765,1.5498283509087634,0.4300966940311215,5.771073576594414,335.9054156247898,296.4233698927796,1601.794349585919,0.4470534402408721,4.9847629287207935,2.0,cloud_forest,subtropical,laterite,high,buffer_zone,bamboo,stream,5.197257970804042,76.48721562754241,4.971971758528677,5.147979260503768,6.319947806600172
-60.916318618344114,-16.02843802900422,1,68.14533252869509,6.933676733890307,0.5654906278064689,5.831280271217475,188.6649703239547,518.612692773721,999.1222639703719,0.4229998773094208,1.7433359872220229,1.0,tropical_rainforest,subtropical,laterite,minimal,protected,kapok,seasonal,6.47074028193724,376.9384791543379,0.1746410594096258,30.876870531962567,3.930617019620194
-74.55325808355427,-14.51226232570692,1,67.77065042421059,7.088628920331469,0.9588199293816967,7.377824192337403,352.7160176256759,251.5971125854055,3406.508599017724,0.5561767157016038,0.0,9.0,cloud_forest,subtropical,clay,low,protected,palm,river,15.69292382153078,476.87181263146033,2.072906417081686,5.30600230117434,5.376111625704742
-72.60304499588474,-51.836299528722066,0,30.0313687895447,3.6461525917613944,0.4470066044828942,3.3043633264570045,10.0,216.96019871525735,1355.3764360333569,0.6641044582733051,4.21785541695417,3.0,mangrove,tropical,alluvial,high,unprotected,eucalyptus,none,2.7262430757949314,803.5339108439592,0.0812386749809447,15.783442236623191,5.4353770375316195
-54.249258174588036,-23.389823738936094,1,49.1292367596493,3.706119979282577,0.4941091041783755,3.56468446137678,328.11478261603,631.6529564655508,1630.1655221639724,0.21233701569183497,4.296347997301894,8.0,mangrove,tropical,laterite,low,protected,fig,seasonal,5.840079565695616,97.0246385741532,0.0,15.495619810707911,5.149927241008379
-65.40458170595265,-13.000165707865435,1,72.5749489443942,7.110736787725857,0.7247083454254448,8.148487493327227,252.73448647115848,418.68008399114746,2112.0023129258625,0.3485448581070187,8.88456668186433,5.0,tropical_rainforest,montane,clay,minimal,buffer_zone,eucalyptus,river,0.23675311749325303,616.6405984344672,0.7318391805606167,34.33180559900755,6.032480088884137
-54.454626439918734,-14.286084387824461,1,56.50628478484816,8.805730703367926,0.7418023543390366,5.394407847009777,376.0228179738962,504.6384875154603,4000.0,0.6880576422794535,0.6144917991335411,3.0,dry_forest,subtropical,clay,low,buffer_zone,cecropia,stream,20.0,750.5155190709747,10.0,26.43364204587997,3.6045632329664485
-60.11960083875473,-20.878444835951303,1,69.7468037422323,4.846175659778158,0.3545444546924776,6.086482479450366,232.21899386066877,275.9707106231049,2232.622932628036,0.5686096490480747,8.469020648695778,7.0,dry_forest,tropical,peat,minimal,unprotected,kapok,river,11.457803520331254,444.46121942641287,1.2874711938155583,28.25104885772942,3.8910354858471305
-74.68075745166864,3.207596559869282,0,37.27257301198442,2.990018369756922,0.4366686743042618,4.732498855084239,276.90683973394556,156.12803036135173,2038.6393551483054,0.4409679907051633,3.7806923199694573,9.0,dry_forest,tropical,clay,moderate,buffer_zone,pine,none,5.17810315687867,430.0671429165427,0.8847220674702323,17.483366511558813,3.6019807156197734
-61.149072985112205,-14.054662054942101,1,81.61632777070504,9.308556406798154,0.5952917209376664,8.41045158762144,145.8706258375787,636.8904966360292,3064.372928056988,0.2581851263207386,3.5360002962882136,5.0,mangrove,subtropical,peat,minimal,buffer_zone,palm,river,3.014777053245166,345.1262403240945,3.2551918283196883,27.279227502006567,6.6480070016126875
-60.7502564517643,2.924303255070054,0,66.34590859437517,3.1485193002077883,0.5561471886391826,7.560171835166513,295.3354862922361,285.35890883092867,3175.475790784424,0.4617886470358422,5.366791835619844,6.0,secondary_forest,tropical,sandy,moderate,unprotected,fig,stream,5.725065084723653,430.42532897691893,0.996675278930848,7.139618882307442,6.699344240003786
-38.44674115337271,-12.661360336352736,1,59.628308846025746,6.558492067461669,0.7019361796150607,5.036274905644055,268.9440017717032,457.5948284736766,2841.4262256580737,0.43057376797538977,10.0,8.0,tropical_rainforest,subtropical,clay,moderate,buffer_zone,fig,none,7.466900885195571,385.61114305788107,4.8856833016981085,34.30086784276266,8.3451783345
-44.086076613068506,-10.4937112238459,1,88.14065551099888,6.496882164852078,0.5792998030086919,7.728626164560611,238.50532208234875,433.89110185967104,3472.3965927803,0.8493581650025986,6.289492082195396,9.0,cloud_forest,tropical,loam,minimal,buffer_zone,kapok,seasonal,9.26221212922373,577.7541638380928,5.050528704252244,16.741461009356463,6.764808914366287
-50.15024913616206,-19.958068042308255,1,56.187442100809804,5.118689318632674,0.1750948877393309,4.533829297168503,299.5707415939847,328.56775723548037,3028.1862037636365,0.5820331292277896,8.347743576736299,8.0,cloud_forest,subtropical,clay,low,protected,fig,stream,7.900758488722853,0.0,0.16831907627143333,28.829575568813297,7.39900594792169
-64.31010658225182,-30.901508538103307,0,28.657967667937655,1.5928482283143683,0.4735399500300971,4.430604539118936,231.2079553784244,351.27295110673816,2428.975140146547,0.3606499305960573,10.0,1.0,dry_forest,temperate,peat,low,unprotected,kapok,none,7.400224853299452,89.62104711537218,7.303480645635939,5.0,3.2519553316718874
-49.987835974622726,-22.11506379834017,1,69.6274414238334,7.160448595283026,0.4945507444395362,5.1576384551574845,343.7753042291002,619.5517106617481,2323.621422761353,0.461076351967936,7.568268802551277,8.0,dry_forest,temperate,peat,moderate,protected,mahogany,stream,13.281642315860367,383.5561421446409,0.013037176595774223,47.74160357334765,6.915880696541279
-70.99395196522701,-41.74976305075478,0,32.81336026295979,2.0966813263411206,0.5856390289398183,7.946775075637595,266.08481338784316,236.45205137178647,1706.9596280858973,0.5356863633710911,4.564422849996861,6.0,dry_forest,temperate,sandy,high,buffer_zone,fig,none,9.226625137601236,431.2872418538008,3.733160163087674,25.824716349503397,3.8493270918841453
-42.930933510767346,-21.449619394008963,1,72.12380246764374,8.398122843150091,0.5211779082832948,8.347951682273003,282.0167088729347,573.785088126829,2740.5981206764686,0.634310827700253,8.144430984361815,7.0,mangrove,subtropical,sandy,minimal,buffer_zone,pine,river,15.940666415817489,325.6661193394698,5.0202444852488535,41.12100807812671,5.108891930623607
-80.80265378199934,7.782350645755683,0,37.84466333904438,2.4027154270607007,0.6517023629819357,5.736643711715747,188.610314127879,244.33866276584794,754.7238757511823,0.8141136596101534,8.221788608386,6.0,dry_forest,tropical,clay,minimal,unprotected,cecropia,stream,10.17790784772673,346.9370126101011,1.2460447112364783,18.802691842213694,6.9000460653781905
-49.18473544774585,-18.33764591585193,1,75.85037273897835,6.924326010066958,0.5016536778668219,4.963749125935032,186.6950685261629,463.6646040397791,2605.3917541660444,0.1219164779807301,2.107073138447714,4.0,dry_forest,subtropical,laterite,minimal,unprotected,kapok,river,7.2180322844006115,219.60697416557232,0.0,33.248891474904745,4.187353158607445
-62.0296027431871,-2.1368653676815006,0,34.49859339437282,3.1815417313500975,0.6609912622105639,4.458725841205838,250.56310512531127,402.8588543117611,2083.7679609760517,0.7385500548034912,4.263470741561773,2.0,tropical_rainforest,temperate,sandy,high,buffer_zone,palm,river,1.642643933719323,457.4915642158795,0.12380429873061907,21.308520519358233,5.688425008424947
-62.60079883386148,-24.232323742435558,1,81.86701517310992,4.883221550859027,0.7549079194835369,5.704876942232044,249.25049370186744,364.1440496573514,2875.44715543361,0.680958641103168,4.787350895579801,3.0,secondary_forest,tropical,clay,minimal,protected,palm,river,8.86580416694381,285.59415182424164,3.319745439043335,21.622796144749717,6.553719780442826
-54.775534885315466,-18.5730130184745,1,97.41994610550925,3.9537451943548607,0.5269877858307095,4.803132566685378,352.665386508242,285.95727394981446,3582.6206661028436,0.30639594455862723,3.952355439307436,4.0,tropical_rainforest,subtropical,loam,moderate,buffer_zone,mahogany,stream,11.646169865919049,549.7901594818603,0.0,32.25955239823577,6.948363317263194
-68.77545743703062,-18.581806593651375,1,71.80180850360333,7.038070191243277,0.8212013154169064,6.297543167186641,42.3002473492446,554.2344862780549,2720.556872712985,0.7596786172537099,3.263320704046997,3.0,cloud_forest,tropical,loam,minimal,protected,mahogany,none,2.5199510849505105,627.4077897735614,1.3268166454013224,20.658288691549036,4.397674254014781
-61.428152991495445,8.966752218118067,0,53.24872266230429,4.456263292221576,0.314899950135898,7.1976102786110605,161.9204146164365,433.2148683638492,1482.8522857798296,0.4834230256489267,1.9938202181532638,5.0,cloud_forest,montane,laterite,low,unprotected,mahogany,seasonal,9.85917337578592,423.1100496977385,5.046866795564066,17.066864363495252,6.604331160314594
-61.06341905289705,2.718322634073299,0,40.25512581007513,1.7724273335283256,0.23104935529340423,6.873574890055956,269.24495930442146,370.70342676336406,2187.8154941541334,0.5989463903196386,3.2156007065662435,3.0,tropical_rainforest,tropical,loam,high,unprotected,kapok,stream,3.985098765430108,643.1072525330073,1.1942696690562933,28.470264624202425,3.194922063809984
-55.167950181932945,-6.810622133859608,0,34.717852979264876,3.655295941455446,0.5359436515793697,4.783656640561527,185.1410490042557,183.79181640561467,1990.4658518899057,0.5114909882788085,0.9782655849195617,9.0,dry_forest,temperate,alluvial,high,unprotected,cecropia,river,10.097405923228791,188.64945389911117,8.818931289089146,18.03574192957497,5.197888469983203
-73.18257593988027,-8.888353685432916,1,68.79630392057477,8.110845836673867,0.2979216607434283,7.038801529127019,204.55431403250583,403.4307938252642,2738.4749793594265,0.6741629080973914,5.9603269471814,5.0,tropical_rainforest,tropical,peat,moderate,unprotected,bamboo,stream,4.624382544845938,295.61679732521384,0.8047959012008395,50.0,5.199263682349812
-67.95177741590925,-6.872069710692794,1,82.02478274968556,10.0,0.9737505366834316,3.6104687355238743,346.7450417876661,101.13659023192375,2819.098003930184,0.4554465329889807,0.44087004877863045,10.0,tropical_rainforest,tropical,clay,low,buffer_zone,kapok,seasonal,6.691942616351903,886.7138575969461,0.14650373261914107,16.922258402955638,8.976084200283495
-75.74529318782884,-9.804900504125232,1,69.79136643192346,5.14723796248928,0.6866130290658051,8.482770540879404,169.95301835968013,363.93991892969643,500.0,0.23990450287529877,3.6523681514973236,7.0,cloud_forest,subtropical,loam,minimal,protected,fig,river,3.122999135760294,219.91290383736109,0.6000167805158441,22.909197568936058,3.5649890707942546
-71.8721365500316,3.628169443970057,0,48.372688816720036,5.860179929563729,0.09971495025488089,5.9534307319112605,196.24550420760085,250.69235666025529,2461.350417425247,0.49419542108695796,6.764388453487261,5.0,dry_forest,temperate,alluvial,low,unprotected,palm,none,6.2855379657281425,445.8103579817105,0.7128351891231268,29.97584197334876,5.761488424441552
-54.68876446580112,-21.49971006913681,1,75.26392946213828,7.292766330424573,0.8911668993945908,3.658178086064662,244.40117066694265,737.8073020802342,2577.6632644610645,0.30025074432930804,2.6834694167074686,1.0,mangrove,montane,loam,minimal,buffer_zone,palm,stream,10.502001258626766,557.8226385861121,1.5795337944070003,29.610994793780726,3.2685131803382017
-51.1453833084285,-20.669393752967828,1,41.376980671484475,6.003976913647522,0.6599844740401108,7.0103212901364325,255.0921497770598,446.10094892092565,2359.4630845558504,0.5315954515475416,1.6281978750514505,8.0,tropical_rainforest,tropical,alluvial,minimal,unprotected,eucalyptus,none,13.334488079527496,468.23747935751294,0.5767678675284647,23.618547408942174,6.581544658414047
-72.73426395540477,-5.154840852253794,1,81.46772729197075,4.762706867257516,0.6644245272387673,4.305421234585557,222.65857726075308,310.5192905752634,1291.0743926026425,0.18296407936479453,3.3504910813389905,4.0,tropical_rainforest,tropical,clay,moderate,buffer_zone,bamboo,seasonal,5.865320457020447,609.3778847915104,4.170099096092812,25.687749414359118,6.440287211407668
-65.56921375988517,-0.10183105361192397,1,91.81130422523476,7.189557759645114,0.5174859886095793,3.513643722565079,162.0902636430543,335.24314395468906,3783.0288739331063,0.5155918238653542,6.806018537977808,9.0,tropical_rainforest,temperate,clay,moderate,unprotected,mahogany,stream,4.4001125941462265,136.38430338351876,0.22940542973975178,22.362530788556775,9.437959038068664
-73.4500816169238,-37.41900110860706,0,35.810731036727226,3.177294941335476,0.09569276122388581,3.737068832422137,147.3154166098373,512.9857857395783,2300.984216998355,0.7032039254693442,3.4094493642543315,8.0,dry_forest,montane,loam,moderate,unprotected,kapok,stream,5.9383993862651465,533.0955387145469,0.328910042803328,8.28773007691276,3.532448247005304
-67.22998292337482,-18.575514237788497,1,69.21343251242028,5.04400802625376,0.5249239801999193,5.163557909661869,227.4786953002524,401.10842879038745,3757.431060793076,0.3680034061809018,8.176527492437335,7.0,tropical_rainforest,subtropical,laterite,minimal,buffer_zone,kapok,river,8.530232054297208,441.29990308668573,0.2956028790010373,28.760250683002173,6.125995969906981
-64.90920192262526,-9.951267598810084,0,52.87295976931985,2.6055639584774055,0.2919045030784597,5.975048887592005,142.89206972315455,353.8474323783647,2481.6314639567454,0.7392419531132227,7.3496419429671676,4.0,tropical_rainforest,montane,sandy,low,unprotected,mahogany,seasonal,5.772254499537729,748.6190475689867,5.223020703684016,32.84336723042952,3.849557347215378
-53.944270900925396,-5.641794179935874,0,20.415328452877723,5.433932482191038,0.613173887948764,7.993269593044388,63.9884286576136,384.416285438085,1461.2570945015307,0.8156619384369522,3.1940130131343736,4.0,dry_forest,montane,peat,high,buffer_zone,mahogany,seasonal,3.2801097164664115,339.68672927100573,1.3090496695537335,23.543194934059894,4.588653782692891
-62.84495972407096,-23.988271489898995,1,34.440935601527535,10.0,0.3386178908026964,8.222344764057702,229.14050846057322,650.0551917590498,609.1255141789301,0.11044986033475973,5.5978776176481135,10.0,tropical_rainforest,montane,sandy,moderate,buffer_zone,cecropia,seasonal,8.19113070622599,709.8567831516597,1.2033786336216712,37.749559204628525,5.378041978024513
-45.698296690652406,-13.338376073721818,1,63.295019265506916,6.1558078151181395,0.6805037121579791,5.2680263811824295,179.82009735662126,689.6822082424479,2003.7802649876655,0.22676492929047073,8.433405770534502,9.0,cloud_forest,montane,sandy,low,protected,cecropia,seasonal,11.354787834228166,326.5771900593749,3.2353579716124505,6.45038175781955,5.53961045850942
-69.09438562179383,-20.49357774912467,1,78.70478137751122,9.003801379467774,1.0,6.116221196545284,278.4701750224284,445.0818050552121,3369.760067237166,0.6482752483785911,0.5910582532132335,5.0,tropical_rainforest,temperate,sandy,moderate,protected,bamboo,none,12.950504845035766,397.46054129367224,1.26578157747682,24.936846749624095,3.4892430303731046
-65.39351038867719,-12.794894165018171,1,59.546672882094356,6.924100560936033,0.5392065016665472,6.805418836344273,306.9630290344461,423.5413878741356,3324.4848195658656,0.5247325400127149,0.9238644590969111,7.0,tropical_rainforest,tropical,clay,minimal,unprotected,fig,river,10.944729633396634,535.1634639045772,1.9237687414074545,28.58588242160081,4.138414771334762
-70.33901031369524,-2.0286565313789846,1,93.34659070103393,10.0,0.5981121002508709,7.374301343483259,230.03287236681314,408.13752708915206,1688.783822669953,0.23448703325660378,2.1667518581115512,5.0,tropical_rainforest,tropical,peat,low,unprotected,cecropia,none,10.734489109185427,556.1651377426324,0.0,30.061941911407608,5.652885601249107
-62.76779739289099,8.47406632150883,0,62.972145771235525,1.5067732690946503,0.47880132297091416,7.480412803162961,272.3870874907686,359.5794003314762,1860.0594701682753,0.670854185647314,4.087134840590833,3.0,mangrove,tropical,sandy,minimal,buffer_zone,fig,stream,7.849505448131792,345.3443936305008,7.853541886541439,8.460716163545206,5.53339272344129
-62.40599458778402,-2.3096610867841845,0,54.436951275216586,1.796759137425062,0.5245254438000361,6.257963032403623,151.43045936288436,206.53271161472367,1887.1612430527102,0.5565082751201859,4.806427769790986,3.0,cloud_forest,tropical,laterite,high,buffer_zone,fig,river,4.833087748643855,519.6386234636391,0.593352896350281,18.49190973940788,6.835874821355815
-75.00671251167067,-6.434171072779016,1,73.32178198587832,5.9624781132383875,0.5758286063374252,5.8523562553751525,262.53981609903326,238.63679606743128,2103.833477273363,0.38411825865582744,10.0,7.0,tropical_rainforest,subtropical,alluvial,minimal,buffer_zone,mahogany,stream,7.924361865174856,933.8001733792886,5.8860473674328,19.009248830524843,7.054131166564867
-51.3906841853527,-2.7669202758784035,0,26.616297921393976,1.5658720092416134,0.6475252334641949,3.488514838415741,252.70516892626117,487.59477449139683,1435.3269523666438,0.7607346374869268,8.927576556042176,2.0,mangrove,temperate,alluvial,low,unprotected,cecropia,river,0.6464498057367039,0.0,10.0,39.280396350098215,5.427257046257892
-48.15179817243351,-11.366076394528692,1,83.14291645813564,6.299963728164707,0.5089669804695712,7.451841124325438,350.37105353950983,130.12320353852436,2034.965363208106,0.17096164243875803,3.996113520358008,7.0,dry_forest,subtropical,loam,minimal,buffer_zone,kapok,stream,2.222790638165167,360.85871778860985,0.0,10.590448646755062,6.696435099109648
-90.41399057243618,19.898878669057385,0,66.94672703227683,2.0516586853541234,0.35048713613686255,6.273812642531253,129.00347259662692,379.083877415292,3492.3193613541725,0.3700711187141461,2.7537776145274266,1.0,tropical_rainforest,temperate,sandy,high,protected,palm,seasonal,3.9980339895256485,143.21125718937571,6.66723575831025,23.739957505587626,6.940666959064766
-38.21905828834413,-12.87602980884107,1,60.09611892541674,3.215292427752261,0.38954449850789624,7.001422160346487,85.65855637414487,255.6653740873858,2686.0964388468965,0.6877695249134438,0.24784156774796917,5.0,tropical_rainforest,subtropical,laterite,moderate,unprotected,palm,stream,4.2884936370206646,0.0,9.603956925212696,15.112634380265085,4.55824532849312
-39.89979554366837,-10.932234041166897,1,54.015429587196756,3.5406136848497507,0.6070964975413811,3.707399314472262,214.92075250395726,127.97262105209778,1625.8734755499013,0.1231550631821561,3.3219388579698714,2.0,dry_forest,subtropical,laterite,moderate,protected,kapok,none,1.4088625805122543,0.0,0.0,30.43750805552019,5.756783589987933
-58.09462602813153,-0.9776329103967754,0,63.139969908557624,9.247155425791474,0.16125983474224911,3.436799073320689,179.92350614730069,432.07692214304535,3175.8604951396323,0.32552881471338774,8.336859892246913,2.0,dry_forest,montane,peat,high,unprotected,kapok,none,4.590057790894912,343.0982338842438,1.3472762615742195,17.033430565971976,6.913411934285312
-60.35985944467771,-21.065180676374872,1,53.366892973020924,5.740635720588131,0.532666619393867,6.2369061673471755,242.73850998269978,370.50045916705955,4000.0,0.5602032855359066,6.597826072327156,3.0,cloud_forest,tropical,alluvial,low,protected,mahogany,none,8.406022376390329,692.6878308045032,2.7625964917363004,20.365811743570198,6.562544354723309
-45.06340804656674,-7.132534949583281,0,36.64557469247636,1.5322681031187797,0.47252215965444055,4.077219935558945,68.8241455524683,443.32027797973404,1619.623743184652,0.4959504389830683,3.332223222632777,1.0,dry_forest,subtropical,sandy,moderate,unprotected,bamboo,none,3.1997519721224976,151.47920288632534,7.007646928979509,20.648890885768022,3.066077739368649
-64.76337239447523,-22.5289352070471,1,76.84602941832215,2.949243741557825,0.6824127406313428,6.977552382291375,233.49291337547788,230.95160495642597,1543.046871446553,0.08597345708702617,8.736887531471451,9.0,cloud_forest,temperate,clay,high,buffer_zone,cecropia,seasonal,10.540002460755026,723.3061885119705,4.644691209312559,17.49729378681733,4.2562473682703015
-72.77102388342243,-5.025917837272171,1,63.48371692066429,8.606703847126068,0.5952954963403837,7.250170489734519,238.8677316725155,186.4139144421559,1864.1218279416098,0.3635127543823982,8.001477477974682,4.0,tropical_rainforest,tropical,loam,minimal,protected,bamboo,none,10.120212499478981,346.68221705116855,5.726470422792233,32.01006231962452,5.685733453994041
-71.68662611987072,-44.83685912551144,0,31.978355003390945,1.6916171510955185,0.17084343301125146,5.209826776556912,247.17364144754234,384.510902471818,1343.4065090390295,0.35094960046173385,3.131090379980203,3.0,mangrove,temperate,loam,minimal,buffer_zone,pine,none,5.357664350209778,331.22108086752166,4.303475971901337,50.0,4.1640168865990095
-68.21649517373524,6.197345317277743,0,45.41220474217286,2.5748749004982554,0.08402842229284785,4.459259829582948,264.14197688667167,460.4154309946499,2656.80468794604,0.4513414743094489,9.474487253438662,2.0,secondary_forest,tropical,loam,high,buffer_zone,cecropia,stream,3.640745558153319,511.7345551435731,2.250126888280807,35.39461616520787,6.582773714829758
-47.29247740327084,-19.970362906941567,1,98.81519795445408,3.264600970144747,0.8099292553633975,3.7444411475259263,215.25510922194778,62.23740718696137,2193.3486300256013,0.5097567431293575,10.0,9.0,tropical_rainforest,tropical,peat,moderate,protected,fig,stream,4.951299294464381,10.305795177642718,0.22857514226709208,29.03576546187462,6.772560227283772
-66.12328087480543,-6.878936844681165,1,74.7425266185171,3.1493490818034493,0.6699129338017855,3.5015353751687774,209.67074949191104,340.5512435500427,2570.846656663651,0.401951762828069,2.6841545114148326,4.0,tropical_rainforest,subtropical,laterite,minimal,buffer_zone,palm,stream,8.615844030307423,270.1292230389584,0.9243102661100322,22.919565585948725,6.8886399029109135
-63.01915744102038,8.115301137675509,0,25.170711361715075,4.887130291975124,0.4517280025160172,6.835058470092107,93.00391421449174,92.70210967264578,2237.451381532052,0.6325662742577327,5.355124584704281,3.0,cloud_forest,tropical,loam,high,unprotected,bamboo,river,5.411758483865178,502.4831549436506,2.2860606563842967,10.965061248365863,4.921970016469636
-46.23688495090361,-24.398255135672855,1,87.13818325128014,10.0,0.7504713865067377,7.233749412576738,336.8113288502888,635.0673742165203,2190.8357626226543,0.16934424985258262,1.4441506230819412,10.0,tropical_rainforest,tropical,clay,low,buffer_zone,fig,stream,3.5761905300642316,599.4927702566174,0.0,44.36974073201268,8.233754899981864
-65.64378307589915,-29.513920085921598,1,51.96934347728616,4.083744919287546,0.5404501740643345,7.582301267164174,186.29677076705366,148.01763864112647,1274.1373847470754,0.04362450792853414,4.352263656688975,2.0,tropical_rainforest,tropical,alluvial,moderate,unprotected,fig,none,10.117572403209055,302.1555306001214,0.0,5.0,3.0913651592935762
-68.40329702442983,-23.028190715993034,1,82.85165971103855,3.5123669553087327,0.8326472727141238,5.234566601854486,294.61402606020926,357.82547673605103,2645.2703997621797,0.07732057850182103,5.19862590511343,8.0,cloud_forest,temperate,loam,minimal,protected,kapok,river,15.479717437337266,418.3355354490796,0.3596583952803932,16.91083474778713,5.845718080547117
-91.64602217137843,14.335915844744763,0,30.664650821788385,2.342933279010275,0.8311783173576396,5.751916176541864,116.62908440413659,379.25706208283276,987.0645083946202,0.5777427847978773,2.6375642800760124,3.0,dry_forest,temperate,laterite,high,unprotected,cecropia,none,12.24495843031195,574.7244890126364,1.2749585878830114,29.49269111487316,3.6262977424252885
-62.42624315816641,9.524619293674826,0,27.985415875262596,1.631394559535904,0.4422816030543578,7.927408752858009,179.99325943961784,561.5692739536976,3763.0816776897627,0.6758480003436709,5.7244381396975585,6.0,dry_forest,temperate,sandy,high,unprotected,bamboo,seasonal,7.696580763621513,611.2867821198718,1.1169286839343737,15.358363400727175,6.194414486359779
-69.30980764514354,-17.76704799648943,1,59.66116708217214,2.7110173752539515,0.7934699869050018,6.652132323568286,379.37943478681257,148.86638017093887,2219.190020940424,0.7158221671912308,10.0,6.0,dry_forest,temperate,laterite,minimal,protected,bamboo,river,10.116325297451606,524.3776635367471,4.498140700935063,24.292014681276523,6.7988237321819005
-63.278290484721616,-27.010479533894586,1,90.08562995373265,10.0,0.5677177759492373,7.431091153213021,355.4965728628313,595.84296522814,2386.010685108855,0.3834048999515671,10.0,7.0,cloud_forest,tropical,alluvial,low,protected,pine,river,9.553305520658819,640.7347299729506,7.396562300213327,50.0,5.961509706923524
-88.88430311156998,15.414546188805275,0,50.32910078164214,3.148554149635544,0.40280608803723816,7.937769144307827,23.99472198471868,560.5655390473894,2876.3490261432235,0.7908663192640153,8.995066762420876,6.0,dry_forest,tropical,sandy,high,protected,palm,stream,2.301396378072563,415.05888013618477,0.9709273708549846,28.430667233495434,4.576411737211753
-73.59633490296764,-12.165135703239986,1,59.44695519894736,7.189403512503042,0.45704881452644086,6.71179911858389,55.269463136762084,630.0631304192796,1151.6007872540354,0.29326164225742696,5.010287017681733,4.0,cloud_forest,temperate,alluvial,low,buffer_zone,kapok,river,4.064299310352356,578.3824397879732,2.2885347850604036,8.857583835631097,6.067193923327999
-59.450025654695835,-13.194618723043911,1,57.95635585149681,4.523064412873488,0.665405643464728,8.403713626125988,492.5139416598613,261.9974403645718,1612.203298036868,0.6222544253817398,2.9868361134014516,5.0,tropical_rainforest,tropical,laterite,high,protected,palm,none,8.79423317244946,829.5987217388376,4.352194500781968,29.271515649482197,4.365861387376173
-69.07573433980197,-31.42779174108545,0,36.44973291910335,1.604001012313802,0.35857481120592805,4.481076308258528,315.996220744106,360.2380352457592,2891.5517320003382,0.4287625364032988,3.7200833091941345,10.0,secondary_forest,subtropical,laterite,moderate,buffer_zone,palm,stream,4.874449905708533,155.85965681047554,5.479931117502537,32.086670886080626,5.09524517286426
-67.38919725536165,-22.268634161428167,1,65.42264630210111,3.9907618704293792,0.6456287908802424,6.143973059018744,194.3998586272086,216.3003076194692,2051.615003414765,0.6227569244461567,4.156099365890205,8.0,tropical_rainforest,subtropical,sandy,minimal,protected,mahogany,seasonal,6.704217678269195,879.0838965074765,3.5535943438344786,5.0,6.085894877614146
-67.88675188637036,6.145954984257954,0,46.902573738472256,3.014670578839945,0.7538958278927421,6.985838861126869,358.7375666946666,417.97592725195165,1218.0418666919845,0.6723168864858303,5.214169814965751,8.0,dry_forest,temperate,sandy,high,buffer_zone,palm,seasonal,11.00108937592704,326.9500320746561,3.0196224049762925,5.0,5.135972225244457
-53.589208983719246,-5.4915036864307645,0,51.06102977263663,1.0057090616141175,0.4478087952899038,7.841596031160509,266.51656439423783,518.2230548871684,1020.0297947757768,0.5823743017718435,5.960301195925003,3.0,secondary_forest,montane,clay,moderate,protected,mahogany,none,6.057224200732354,408.92886969214203,1.2435782436976273,11.784122159474027,6.334781467466277
-61.04291627675061,6.622968333412694,0,33.04680544537439,5.023751362141659,0.543605643374576,3.276503431641742,106.63023088684028,444.02096006282557,1433.9728664940667,0.123415474316831,4.4588521048307515,3.0,dry_forest,montane,clay,high,buffer_zone,eucalyptus,river,6.732462525898887,386.6843435509728,1.148147795651542,18.21175065963229,5.322972123866995
-70.67787665485638,-15.164782639279375,1,35.722371138347135,5.346236484305709,0.3692410582829674,7.062253823559888,34.368017892543705,529.2557765080484,2846.7938195430816,0.6551858267439344,2.915926309767836,3.0,cloud_forest,temperate,sandy,minimal,protected,pine,stream,7.390774855538361,448.78421216454535,10.0,10.434553918681257,4.187201662557622
-70.21946495052019,-1.9576738088143513,1,64.15342819209495,3.6558963776799063,0.44416497862317306,5.420882776022087,190.3994065331679,309.131521413157,1440.0602849629965,0.056650638246339736,2.900360851290991,6.0,tropical_rainforest,temperate,clay,minimal,protected,palm,none,2.05399629972383,526.6782886891292,0.0,40.63284812641122,4.017565675986853
-84.46585840273721,15.384556386222636,0,41.582322120636015,1.8158821204381774,0.5732967720780268,5.925611625285772,221.39423010789787,454.3049728064786,1131.8669431168857,0.523947914890943,6.879038339759428,10.0,secondary_forest,montane,loam,high,buffer_zone,bamboo,river,5.978786540864032,429.224640379579,1.8495051302310628,22.48805076067584,4.548144802772815
-65.39198854312198,-12.904145730262712,1,69.93460778180707,3.642528714627561,0.24496057667238236,7.126001982978769,221.66685251245914,169.38873205750832,944.9586919322819,0.2826696608119374,3.8602876451287202,8.0,dry_forest,subtropical,peat,moderate,unprotected,kapok,seasonal,4.913290220298333,404.7955300709101,0.0,13.441305473637104,4.366196249856656
-67.64145107383847,-34.20675452179973,0,23.623146700547753,4.212990312596173,0.3601040356241052,6.176997787395561,31.921210244767686,299.80046436307504,685.8484142437113,0.4155718044590535,2.4934879507239796,2.0,dry_forest,montane,peat,minimal,unprotected,kapok,stream,1.457796065092545,0.0,2.1226584757967575,22.52888439889182,4.982356716367477
-49.937030330856544,-12.839826603007651,1,67.84214581000849,8.209628039757021,0.210582919170254,4.218706280098596,184.549829915641,244.1156169136035,1357.8565728775334,0.7861725725125167,1.7852320363253482,8.0,tropical_rainforest,tropical,laterite,low,buffer_zone,bamboo,stream,6.7679585720305555,627.4445936474749,0.9467851893328689,15.038382631086295,5.708895346868594
-67.43625041726408,-23.571600733707538,1,50.67896682863148,4.692701574887167,0.6441837293547942,3.8801703165431727,285.396892568194,262.1594996614601,2911.768145282722,0.19404069820396336,2.711571937007981,3.0,tropical_rainforest,tropical,sandy,low,buffer_zone,bamboo,stream,8.068788329161864,566.7399398163211,0.0,35.783524296812864,5.708710710990061
-46.29793017960607,-19.670893405467005,1,55.215401864990305,4.672241195761636,0.13247914173631253,5.842149702476253,130.94250117917926,536.9001107837789,2689.987368238252,0.170866507547782,2.5279688216651675,9.0,tropical_rainforest,tropical,laterite,minimal,protected,palm,river,3.9050669717735613,320.7866155507349,0.0,27.799288639075154,7.174302602086932
-85.3614516543489,14.031583468738951,0,45.35031283413891,1.8285306663379082,0.7466986839490322,5.135719625549892,233.9508013487008,416.40820883099985,1188.6254583683867,0.38241633519473694,2.3317428921501584,9.0,secondary_forest,tropical,peat,minimal,protected,bamboo,stream,2.4901784134557436,513.8075264006566,5.659936735771261,17.616666317518458,5.94452174765197
-68.51634360841588,-23.247348673249878,1,78.52784923569514,9.706175727128624,0.7059812531239703,6.434927415033947,74.80925618675647,381.48397059688926,3254.1693809671096,0.6347529991563523,6.884105551278066,1.0,tropical_rainforest,tropical,sandy,minimal,buffer_zone,pine,none,5.51337243969967,519.6809054696403,0.3949732387828157,17.58455255862108,6.529854608350414
-63.35239572555573,-7.831544647025816,0,54.44544117201837,1.3024764427660218,0.6451933698176164,6.945054215274152,189.09358041620828,340.7491849479696,1742.217461774867,0.1896371372084943,4.297994183758501,9.0,cloud_forest,montane,sandy,high,protected,cecropia,stream,4.828674716246175,485.29562038020407,3.15079115040318,10.239599533450443,3.2890869066510646
-63.497281470410705,-15.872737759723998,1,65.06671111981775,5.899431457660589,0.663842533074319,5.73167012860319,262.17907224366746,210.3556298274499,2454.5965103899734,0.5453525202180509,3.770788771211254,2.0,tropical_rainforest,temperate,clay,minimal,buffer_zone,fig,none,10.492543384645366,330.4963696966049,4.292123165945489,29.64923742089196,5.43876164264349
-70.64731101686587,-42.50584976489645,0,32.47658093879251,0.48499163549424695,0.41371496329674806,7.241373003336142,154.51784494468237,520.4986814201391,2084.5634709731544,0.6397102706435698,4.1815616526863195,6.0,mangrove,montane,sandy,high,protected,fig,seasonal,4.415242971217169,498.9808964940076,0.7929680662283605,13.766239001342909,3.2637943072843485
-61.09207452203817,-23.30168983186694,1,68.70480541874772,3.6142670240495813,0.5107152798816664,5.189460722967302,254.45087890551594,50.0,1579.464960692299,0.5969041159059885,10.0,1.0,secondary_forest,tropical,peat,minimal,unprotected,kapok,stream,4.425789954050847,716.0764506554932,0.08455408636023852,17.551715703477168,6.910251437076104
-76.08302950627032,-3.605109823543353,1,68.39051064623595,4.893441552820535,0.2991328564184809,6.58469569024024,444.70984705430556,246.53483984156784,3121.024220057145,0.7638402353919089,9.686620352610884,3.0,cloud_forest,tropical,clay,minimal,protected,cecropia,seasonal,12.780616892894159,570.5730297339882,4.355922667183478,5.0,5.856457094294902
-69.66023504243093,5.0717294808180915,0,51.166804536256905,1.7804994237931733,0.08419170985159488,6.120292213886743,272.12779118743924,637.3439457761967,2899.3059089856683,0.41671406242196307,2.2791013931524122,2.0,secondary_forest,temperate,loam,high,unprotected,kapok,river,7.512103796235437,393.64239230055995,0.6802407774239463,14.731290872837675,4.217729389347998
-59.27734934224651,-27.61353933365715,1,67.05423035584538,8.635583186970514,0.7636384634057092,8.052580049660031,90.6853915953223,459.25279975089137,1485.8349476916553,0.6527357067454059,3.548302303521893,9.0,mangrove,tropical,laterite,low,protected,bamboo,seasonal,3.8739257943133625,198.67936196548908,7.608545683990795,27.581035302930783,3.2342038031011255
-59.83056749215921,-28.805658813936194,1,100.0,2.926439407426988,0.724697244316761,5.958193580570248,123.4916617350062,148.94616722743154,2453.078164677207,0.6499295709249132,3.0610716287738184,5.0,tropical_rainforest,tropical,sandy,low,buffer_zone,pine,river,11.621656667889692,437.61726106924124,4.086576808690474,37.27547415605851,4.001325904034076
-75.28191713583429,-9.994606252001192,1,70.93204529970305,6.613980205984045,0.6479749038662455,7.109098686052721,312.1238769680388,535.3471452803172,2551.8284105107537,0.2681125308499463,1.3304587497014593,9.0,cloud_forest,subtropical,peat,minimal,protected,palm,stream,15.114187897020873,101.3145640083973,5.801098070459458,31.75524088197321,4.27486268362531
-58.03279346519674,-6.158008162673161,0,29.584940379465685,7.140692809314081,0.631519238851368,4.876539210142461,109.28663502376446,128.81344168467726,1764.6859443397789,0.6457546565329763,1.95215647716811,1.0,dry_forest,temperate,alluvial,moderate,protected,cecropia,seasonal,3.8579657447733693,796.7815989491085,8.492172108615812,27.054579412589902,6.234857402907206
-67.4974857325352,-55.12306599955354,0,37.578753384146715,2.5626544846937738,0.5393601369797748,7.871729124886432,218.75297603029304,224.31554617518037,1954.1987458030508,0.4547239731416698,1.274950835001137,9.0,mangrove,montane,laterite,low,unprotected,mahogany,river,3.1118385297869926,288.4057011852256,0.1922419609312862,15.156522921915988,3.4621068741287586
-58.92998709220435,2.557879943160359,0,26.48997131776632,2.826639999501807,0.09750956830782018,4.587026645794846,220.94962477282797,178.60807772019962,2275.7930302136356,0.40170713772247507,1.6920176688906208,8.0,dry_forest,montane,loam,moderate,buffer_zone,bamboo,stream,4.168834312390756,576.3775176386184,1.0525419337442248,16.28439799256768,3.2690280252446655
-45.23012287272135,-9.26952022530754,0,45.45659142432452,2.7489637631716985,0.22479554038194036,6.8398374825395,57.420612925308404,312.94170059072843,2605.8908249671053,0.6271622221789411,2.823806346159717,4.0,cloud_forest,temperate,alluvial,moderate,unprotected,eucalyptus,river,7.721674690182143,83.04350513134011,4.226154521521053,18.620574233261518,4.826259122994557
-84.77855221390092,21.775939900909805,0,41.54876065329423,2.665514130689686,0.23881130773432005,3.407623654642931,10.0,371.4486435776162,2114.418326997512,0.4974733541276988,10.0,2.0,dry_forest,subtropical,loam,low,unprotected,bamboo,river,6.918555978206129,664.9222706045791,10.0,5.0,6.62562362053629
-64.61334174445079,-9.918905015661498,0,29.576119519033956,0.9349587163909396,0.40913849955440285,3.4367020705697215,228.866561654596,516.409031538176,1478.9934522401404,0.1456087699588744,4.339352048940252,8.0,mangrove,subtropical,alluvial,high,buffer_zone,eucalyptus,stream,4.978957236665886,464.5566231544441,7.4518490922391925,25.247948818036956,4.2713791623026385
-45.16209603363212,-12.498639651515507,1,71.31158663741522,6.000088407810843,0.9408916738232822,6.70203058459837,286.4091099381401,439.3844968191959,3164.5659783066685,0.3158405306439939,3.1077240950675726,4.0,cloud_forest,tropical,clay,minimal,protected,kapok,stream,9.516149566985616,398.07905133106055,2.699740577633734,20.25194213343004,6.717732847593576
-64.23452931949473,-19.08919311430583,1,68.23856114178864,5.7186823164489855,0.7622915044303415,6.044258226249408,158.87831665520315,227.91914962547426,2581.653874967516,0.14933922655597565,0.21652351962344796,1.0,dry_forest,tropical,clay,minimal,buffer_zone,kapok,none,13.127188334565925,579.3056205987032,0.0,29.052770563271483,5.158122973622248
-74.75394471948407,4.043239932602995,0,34.566883021057386,3.8711336902932576,0.23493569599303818,7.150716825262971,10.0,341.51447919902415,1838.6951678251287,0.5029944088300227,10.0,5.0,dry_forest,montane,loam,high,buffer_zone,bamboo,seasonal,6.870743535060615,436.80233398605174,0.33990800653393904,23.457942652342588,4.266976612133682
-65.23467767651759,-0.15771943959431908,1,54.0658537613638,2.859101122389917,0.529543561760966,4.954752127760645,274.852527859204,225.61654846487446,1296.4094857260984,0.5946056335576404,4.2253245916119395,6.0,mangrove,temperate,loam,minimal,unprotected,bamboo,stream,4.424711475396547,256.3212504484755,0.6903375627202568,36.08780229498687,3.520611657757067
-62.07423094900232,-19.351727979414154,1,80.99499095392743,4.656100990441317,0.3700831232439457,5.777014017748321,80.31280767593218,297.1236207448081,2012.0421350410843,0.23214920811480003,3.718363408174049,9.0,tropical_rainforest,tropical,sandy,minimal,protected,palm,river,4.99317265728416,537.5390619798104,0.0,18.621869985429406,7.663941954522921
-54.74498646862964,-30.34707494119907,0,38.6482294080916,2.0239679359175238,0.3813171901907765,7.986912469126848,56.28462101887901,513.7213623217668,755.1616249202947,0.37258817792401605,4.681690325088738,3.0,mangrove,montane,laterite,high,unprotected,palm,river,8.190948269744016,554.1559551088014,5.250886206548201,20.204964155038127,4.404310818469259
-61.86572587912939,-16.47655625572341,1,57.08773515333569,4.097919057473848,0.26626619453844824,6.990376843657932,385.84052226061686,248.76193617974818,2170.2606120121322,0.7901306023461017,6.818213031678932,2.0,cloud_forest,subtropical,sandy,moderate,protected,kapok,seasonal,1.2618398622718627,631.4399420307183,3.6828092304749824,19.56058108291168,3.1446413213608078
-80.74930739869939,7.466277864562689,0,43.88968072442031,2.489315620835543,0.4289440469791762,5.609579353411593,172.52155641999326,398.84709856849224,1212.393849019442,0.5308079704283569,2.4416210684877413,1.0,secondary_forest,subtropical,laterite,moderate,unprotected,kapok,seasonal,6.630978023361813,523.4217758379797,1.0193446130516004,22.507121225537176,3.053825728470706
-68.78304039832577,-23.58235982271142,1,58.57851810066245,2.5857295498944746,0.4667976563767981,4.509510766999696,468.36753807382024,301.3594602092333,1858.9579854565975,0.57950551322311,6.282562542395069,10.0,dry_forest,temperate,clay,moderate,protected,palm,none,4.347058030262147,418.1063358238926,4.978788725787753,16.477494038622154,6.822187282206467
-53.68003111005946,-10.633312191881316,1,51.15698713843571,6.143828766407022,0.4108259174623954,4.637378233231456,200.20745910430063,314.025708480274,3278.974562648112,0.6845371468122341,7.366908357876567,6.0,tropical_rainforest,tropical,sandy,minimal,buffer_zone,kapok,seasonal,0.7954767400284407,494.13361781397276,2.9174466162031782,17.0715475367125,7.337770248212635
-64.43214612998389,-1.3685856657191013,0,62.48956011842732,4.155208281924232,0.20041921254790637,3.7746484342236166,178.47991391816512,366.82696696633315,2314.900087348635,0.18085726892306347,9.72100256227591,10.0,secondary_forest,subtropical,alluvial,high,unprotected,cecropia,seasonal,2.980664537027549,459.8908644296221,3.306754062834675,21.610379983089167,5.303623850344463
-46.81046377161244,-9.641715663446739,0,27.07610882286665,2.6560228198218883,0.5023526350844747,5.678983230934721,56.36045908548599,91.55240155268397,2467.488665296471,0.7222108778262215,7.777819521677166,3.0,secondary_forest,montane,laterite,high,protected,pine,stream,9.312603299942865,386.480541443158,0.4236582777056539,6.441920637988868,5.061160958315327
-64.72909954291057,-1.1288371727415447,0,45.30085574896283,2.038384072167147,0.23927308922653365,3.2688756397435785,280.04798391920514,352.7806085077966,3364.7767826222257,0.1918323029513104,2.0403894406847978,2.0,dry_forest,tropical,laterite,moderate,unprotected,bamboo,seasonal,2.489048429269899,491.45153892253774,7.5828655398382026,37.28025673874739,3.132858962235263
-74.51503920929568,-0.689118649459024,1,72.28615111082159,7.040600435916172,0.6198794606529872,7.396133255411277,208.30935052055383,535.1591684004001,1204.7907326612085,0.315289198082096,4.414756796275204,10.0,secondary_forest,temperate,sandy,low,unprotected,bamboo,none,2.028727295234039,519.2622169566177,0.0,23.027142673380588,3.618892433393539
-52.46268328042346,-0.016701776704655863,0,48.38507722449923,1.5893841723135878,0.6482977703710688,6.205431419798292,223.09574510554484,430.60497932997566,1247.9387504512222,0.6121458536324891,2.9665683053947265,5.0,dry_forest,montane,alluvial,high,protected,bamboo,none,3.2642657370253727,488.90296503394825,0.02939176689384848,17.888105636359235,3.0522346175156754
-53.14417129124569,-5.640634806293552,0,39.786808989398075,4.858067146719769,0.580448716163383,7.327875313485604,208.9475521864192,308.81408042128186,2653.7009116491295,0.7775553498037535,1.6691425862146618,7.0,dry_forest,subtropical,alluvial,moderate,buffer_zone,kapok,none,5.142496401679456,345.5068849570168,0.5026632251319975,32.47653719205734,3.7237468616404463
-43.50000971672164,-15.838809362790487,1,38.918518693429334,5.164149373848607,0.7341732924771949,5.353567818228553,244.74592403975467,249.82342413056227,1648.2650386184455,0.37596574570152635,0.20896916185419445,5.0,tropical_rainforest,tropical,peat,minimal,buffer_zone,palm,none,5.711363986421958,710.5873085549304,0.0,19.561890090781038,5.213041174446197
-62.60135396400555,8.074233784722207,0,47.61224958827664,2.768046233666047,0.5934498136782135,3.579667553287532,208.7380312552962,470.45706255118523,1728.8451063522461,0.4870216710505948,1.130801096851005,1.0,tropical_rainforest,temperate,clay,minimal,buffer_zone,bamboo,river,3.2475771565200136,425.87090483235,3.976102569066761,5.0,6.009135019689386
-46.844024946668526,-9.773222046515833,0,27.03122797994858,2.3137701636517978,0.1724120250060909,4.936792448539803,264.0274948513402,311.5517899250914,1778.7877094458995,0.8688214250099281,4.5896965761257436,3.0,secondary_forest,temperate,alluvial,high,unprotected,pine,river,2.9142257316266127,468.30224302928383,2.888744497911687,22.857027654734235,5.482193632104755
-52.66367165276229,-23.457944164866188,1,80.97992470353027,2.579693797250018,0.7322636199916048,6.625267864851832,154.31888743174028,50.0,3454.7014041981342,0.7011588201118111,7.48816104688296,10.0,tropical_rainforest,tropical,peat,low,protected,bamboo,seasonal,8.865417381147395,395.2031033902218,1.7501181997822912,14.541030391386162,6.1324680326714365
-59.47029212907007,-24.07841118915532,1,64.33423901226503,7.653125725953548,0.496592516592828,5.455344395757099,173.23152719243433,455.6035055975743,1601.2624245224154,0.523836145088526,7.236686515741103,6.0,mangrove,subtropical,sandy,minimal,protected,mahogany,seasonal,15.648537250945807,440.56351214479963,5.968331343347886,25.63390208865851,5.857570183723218
-67.61832150827136,-6.200912108062569,1,45.88871044507065,6.7489949466575485,0.7780588218535736,6.390200558144001,234.03901267785446,324.1835100653023,1550.7744629603235,0.48878412271920907,4.69427621345807,7.0,secondary_forest,tropical,laterite,moderate,protected,bamboo,stream,1.6258537301043934,394.3175704175102,4.698315072555939,34.12965438578738,3.396505878705657
-54.61324153837075,-28.8497344044016,1,53.25829452033293,4.226589538481205,0.3867259673849819,6.114029748361567,175.73030125956248,272.3877295711581,2526.1260816830536,0.611648222656638,1.6371432078198178,9.0,tropical_rainforest,tropical,alluvial,minimal,buffer_zone,pine,none,11.481199738673645,604.3872821805255,2.531602981893393,33.32356673970497,4.937623566754716
-40.30543139691717,-6.3992306042090625,0,39.11539172771516,4.187950423380142,0.48705935175582626,6.71188191436319,264.33077805035646,267.5306884674157,2173.389163359714,0.35406147944497013,10.0,8.0,mangrove,montane,loam,moderate,protected,fig,none,0.9663865464092323,247.56540907939473,5.262514375790468,15.437964743014687,5.16283852426225
-72.79416503027659,11.188849699238666,0,5.420908510095553,2.613026784015855,0.34479797349456043,6.156228603808096,139.84160204512884,179.8052497569865,1772.3414037768168,0.6718222536059397,8.197390331558736,1.0,mangrove,montane,clay,moderate,unprotected,pine,seasonal,7.698018272602426,254.01329335673196,6.7378313187754,33.120078768802934,5.357271505362114
-50.358292207235124,-5.305095286440603,0,53.815478951118045,5.739472544343831,0.41331883359783994,5.627930463496503,185.9996901268528,620.9477890756345,1987.6538242520194,0.7808725581490609,2.545617675778509,10.0,dry_forest,subtropical,alluvial,low,buffer_zone,fig,stream,3.9257831044461584,456.5227561067045,6.209747864173147,22.565275191760136,3.0676949602944013
-65.49426128487765,-16.1666287275643,1,64.70266661513851,8.717005229904228,0.7404836575315559,7.045433407119248,128.2745099776275,703.7798748129842,1698.767108471506,0.7458821997153052,1.4796272669209891,9.0,tropical_rainforest,tropical,laterite,minimal,protected,fig,none,11.0938839829809,576.7325289414588,0.0447762153351209,36.736914419435564,3.5186805945072535
-64.05191791299538,-29.867985654426334,1,60.5907501611259,7.473944625969173,1.0,6.5725933983742495,243.99575897045258,487.54819633982675,2511.2919634756126,0.43056952701728396,2.95594963719191,2.0,cloud_forest,subtropical,loam,minimal,protected,cecropia,stream,14.778606865268053,611.208879878848,4.082532014657133,22.536620037906918,5.292856892308798
-61.231130928408966,-20.18363357183705,1,63.575081112449176,4.132308917563639,0.41560979842598256,4.036726455839549,228.5499071188179,370.16148249937544,3676.2719017397126,0.8539914857390941,6.549377159147835,10.0,dry_forest,tropical,sandy,low,protected,palm,seasonal,15.526430918987282,173.41796402494526,0.03225089728219625,37.32808001891151,5.1905111115782585
-62.56150791279062,8.349150199131206,0,19.802757727583572,0.9903955806622072,0.1411972776714354,3.5355625765756185,69.00169638440572,381.1536685851985,1455.8959880881716,0.7952559265060035,4.210063282061331,3.0,cloud_forest,montane,clay,high,protected,eucalyptus,seasonal,5.028301017494445,476.09879426203986,0.30339201943765004,10.64041444311267,6.517520059377932
-73.4425764687462,-11.879177227497442,1,59.27230601804554,6.496445275419092,0.6645585071225053,7.745815350718103,166.68677902696,401.5679898209828,920.6863159143685,0.43666924021807796,4.92662170724656,5.0,cloud_forest,tropical,sandy,minimal,buffer_zone,palm,seasonal,1.2653741517609838,395.415617870881,1.2524457654735297,31.71795288092691,5.361682017061847
-65.66872817704802,-16.34145850995576,1,72.13090220047688,9.795479863157121,0.3335306053349996,6.436930953794037,249.74311415682362,601.2789719429582,1227.12327602064,0.5165975381207549,8.295614242889673,5.0,mangrove,subtropical,alluvial,moderate,buffer_zone,eucalyptus,none,4.696594232717635,686.511990535389,4.482814243695763,38.85622265893211,5.6841989849967955
-75.90627460361567,-5.27935453095094,1,71.91590987819835,4.368524059554094,0.9032237211683773,6.753985708600398,297.707208884533,362.1220183169578,500.0,0.23677266427338514,0.0,2.0,tropical_rainforest,subtropical,clay,low,buffer_zone,palm,none,3.006814267804506,457.2046600472808,0.0,34.60691081461836,4.122449508798162
-80.09147180000586,22.887175005401595,0,50.95948047758169,0.9735111614739678,0.8005903859060051,5.726310636234286,326.1145522217403,310.4971599205393,1966.1392722856112,0.725175632831304,4.633007803592658,5.0,mangrove,subtropical,loam,moderate,protected,pine,stream,4.286854898322683,348.76144552990513,10.0,19.216661606142992,5.94712943260031
-56.37626360573441,4.516961247714725,0,42.09032374220767,2.2692804092408423,0.551810428528931,6.076470595442701,197.91438884388566,487.7211335003191,2008.290490487905,0.1710073374553547,5.007409641871866,2.0,mangrove,subtropical,loam,minimal,buffer_zone,cecropia,stream,12.106323612668191,377.69780962823535,1.413431018307783,7.902558955767521,3.920417220386595
-69.66701036668238,18.005953699792208,0,24.366247662940733,2.7940016406973913,0.3637562379079602,6.404085449767679,143.41327680251845,336.0718524336342,1458.4685118788238,0.5814740326426762,9.484348742312008,2.0,secondary_forest,temperate,sandy,moderate,buffer_zone,eucalyptus,none,2.914188974059137,93.33791301657274,6.390187872926134,9.074296690441315,4.500895187287622
-60.87108016603478,6.808019657903363,0,41.754539581214694,2.076491509858656,0.039668564995614525,5.042183384460283,164.20369767708164,199.95786761920752,996.5683208714344,0.7732367083177121,0.9766038017533053,10.0,mangrove,temperate,alluvial,high,unprotected,bamboo,seasonal,0.8247410310612909,424.5388435864567,2.0690469807302883,25.957748145739494,5.356421623530062
-68.87389852772205,-40.330091980498224,0,38.65236396989791,7.760841735494838,0.4179746947533365,7.2122710218625725,64.97819030879133,377.4096197616418,2797.5234651174874,0.4819593801297973,6.976872015526952,4.0,dry_forest,subtropical,laterite,high,unprotected,pine,none,1.1774805179364,622.046878315721,1.9761048963268144,29.830966472597176,5.324336776063326
-72.65364003001162,18.467248300396196,0,42.846868413114706,2.4168985526692452,0.44971653577148796,3.57656261091004,271.50431070145675,248.87086714928523,2391.038913122435,0.7414650798841623,7.443825676637532,8.0,secondary_forest,temperate,sandy,minimal,unprotected,bamboo,stream,11.50428617402671,305.53575690887135,3.2003289180595713,24.242291366589104,6.502811088763606
-67.43934608936168,18.652069704318684,0,33.71474838465702,1.6133951502855017,0.7190906406383398,6.754866298335529,192.94813070016826,50.0,2551.1967569954763,0.7270263972532174,7.892911377789648,4.0,secondary_forest,montane,sandy,low,protected,palm,stream,6.330611754399039,275.566667190139,2.8862510325720865,24.12023904231709,3.8260202263667193
-66.25071248713611,9.12154404019031,0,38.850553927804484,0.6220766084451603,0.0567583158921727,6.140272655752126,178.7519364813011,254.5739010148175,1915.7527205326835,0.7018538967592209,6.988634730117824,8.0,dry_forest,subtropical,laterite,high,protected,eucalyptus,seasonal,6.049494260679168,601.4512192670358,1.0868257825019998,34.73756511399616,6.709638826249616
-55.05874543807697,-16.486917636934344,1,78.62375208130517,3.536762697669533,0.48858147374501354,6.575616448258086,299.36922352576005,379.4160099804707,554.4030885197234,0.3631109460382469,10.0,1.0,tropical_rainforest,temperate,sandy,low,unprotected,mahogany,seasonal,16.57820369927467,343.69116643190415,3.758035816957242,22.9531556169128,3.812652376735856
-56.988898169459866,-19.408417351431083,1,64.03353359838553,6.345443086585622,0.6682643936794465,7.35274490346784,159.3936136016809,510.6546114170014,2357.6652935857182,0.18345873275908706,4.732718738573225,4.0,dry_forest,subtropical,alluvial,high,protected,pine,river,2.583280961374238,834.2215412017837,0.0,16.808866586338784,6.430420851956132
-66.05587042465235,-24.873343186846807,1,48.115770952758034,5.263890323510198,0.3524307074002685,8.072375530045024,167.2869005471831,372.3265044596566,1978.4289167037907,0.6186579085430388,2.909532275231114,7.0,dry_forest,subtropical,peat,low,buffer_zone,eucalyptus,stream,2.525607075759548,627.9042872661088,1.1063262502644953,12.351537805521547,3.4146808308469
-48.58325493937786,-22.02562309981782,1,66.68870332128881,9.57256420158507,0.6299705490676761,5.799544609775804,323.1545085853252,366.78238369621016,1616.8179208431372,0.19149000812947564,5.4744181864209045,6.0,tropical_rainforest,montane,loam,high,unprotected,pine,river,8.633086322093472,562.287403977014,7.063191565064091,27.495171188079247,6.256106997270992
-63.73698992880184,-29.734175526387848,1,61.96451828053915,7.977563850586227,0.7415491193111653,7.32258280518066,337.56934280298594,309.5015890954575,1954.8333385365197,0.3942882718099055,1.7823322440107563,8.0,tropical_rainforest,montane,clay,moderate,protected,eucalyptus,river,2.8905748800997846,374.7891841310602,0.0,9.745660755009247,3.0053250837924836
-65.84064912636252,-38.25985258523513,0,35.63669401069679,3.9776980935690034,0.48559965815413975,6.896965271221109,202.4071719656143,288.3153785210289,1449.9901029118535,0.6850326567956664,2.5918387920154107,1.0,secondary_forest,tropical,laterite,minimal,unprotected,bamboo,river,5.253162997652017,385.55940237330117,3.4844674524353296,21.37284348040278,6.196319809985835
-64.30436226960127,-19.05317720737493,1,65.3785570991694,2.524087145974927,0.28770486141496643,6.218886544199427,221.0282171207745,196.68083266446598,2199.457122663727,0.579463422985367,6.77147179971059,10.0,cloud_forest,subtropical,sandy,minimal,unprotected,palm,seasonal,2.2787672898576683,190.13892230011936,0.3198882008143422,27.577700471310926,6.4054600435647195
-55.628054758052535,-12.639116970162116,1,70.6746542962279,4.650557589453837,0.8098285357516194,8.099510628299488,302.7179315803558,192.4656076482164,2141.369473331215,0.7785950264917552,3.909030142711623,1.0,cloud_forest,tropical,loam,moderate,unprotected,pine,river,4.224185669891073,567.1946962290248,2.3720751428410143,19.430975312433038,4.7783577000308615
-78.48221228710442,-9.039063244008629,1,67.29476093692759,10.0,0.6514847790351823,7.7844397710267845,376.98956716929234,542.0770472067181,2935.6859053033204,0.3775619327137491,0.8676695326855947,6.0,cloud_forest,subtropical,sandy,low,buffer_zone,kapok,stream,9.940029833503386,467.7813876849447,0.20745949405967057,34.49001879152145,6.883954415979243
-49.96833986067239,0.14255476984495877,0,64.83907486630787,3.6702616317813823,0.34522911501974385,3.046269601084817,49.48721221569428,437.9334012283643,2150.3136182994226,0.508663176812691,3.831686478954663,1.0,mangrove,tropical,clay,high,unprotected,pine,seasonal,6.092227810261274,339.7612741808062,0.41947148549358126,13.397662300294078,6.044978185206207
-62.42809255639767,-2.0093195395673233,0,28.59243192464741,3.1796099797545465,0.2581129342795524,7.881349025164761,91.89021520628104,468.0158181250336,1327.685388688926,0.514988853836277,4.054062298380374,2.0,dry_forest,temperate,loam,high,unprotected,cecropia,river,6.374363813286146,256.3114405272449,2.826521120677656,5.0,4.491792432435961
-69.7865577914231,4.783951419849467,0,35.74219735139866,3.628245682852487,0.3711801539049948,3.7592172282263783,263.22213684855,135.5810449512397,2151.1467282514136,0.31927343882384795,4.7039351680241674,9.0,cloud_forest,temperate,sandy,low,unprotected,fig,none,5.47951428961084,398.9012256305067,0.5538990473930286,5.0,6.328246071637981
-43.271896563749415,-21.49794188744795,1,74.57232469402655,6.4973034329157535,0.4235145308820543,6.132632665875877,242.47611913387698,447.2523892547713,3183.0504922827,0.31702986226366775,8.823422019315373,7.0,cloud_forest,tropical,laterite,moderate,protected,pine,stream,19.074335007805168,317.26055410619887,10.0,25.363349995420112,5.120517018161464
-61.16199435287834,3.0496221113991124,0,53.43025128970519,4.4405240772055645,0.0,7.69819595774789,239.923817625149,472.6468589117586,3682.470182934583,0.235987875945442,5.055071157827534,1.0,secondary_forest,montane,laterite,low,buffer_zone,mahogany,stream,2.8189857321173575,294.2189762194715,9.179206961963054,20.498557695560624,4.6662535977435375
-68.61369915767679,-13.159978366926335,1,60.880148512417584,5.0888869248177055,0.6516886742298483,6.546978817161204,383.7769953887112,362.7338600793758,2796.9525126049766,0.5516873854419266,10.0,10.0,tropical_rainforest,subtropical,laterite,low,protected,palm,river,18.648022269937073,589.6248172388662,1.2654459338092798,23.84198662966313,5.270440990842614
-67.43629052503277,-9.912972421428593,1,65.80859080217053,8.960277935197464,0.8559459379874604,7.892429238784551,311.3938574523824,446.81029523516906,1950.2260647312223,0.5342495859837888,5.263235581021454,3.0,dry_forest,subtropical,peat,low,buffer_zone,bamboo,river,5.9884026511582436,426.8478483474058,0.9109885579640805,35.325960273960966,6.075573821446724
-67.4647900474135,-54.826846441516025,0,39.62343624346714,1.816726911935726,0.1679245156163284,6.015271339662409,174.87971871406413,259.59059768294367,2484.2987154295224,0.5544314478757691,4.80717695457092,8.0,mangrove,montane,peat,low,unprotected,palm,none,13.668502011632807,367.8223423373712,2.9165742717098975,22.519956369758955,5.787138172007012
-59.19375660772222,-27.90751120533476,1,75.43256768949504,4.554207879439453,0.7669343083036527,4.676541990376854,69.45663336641644,611.1499909537321,1259.6875494247222,0.7726946911300036,10.0,1.0,tropical_rainforest,montane,clay,high,buffer_zone,eucalyptus,seasonal,6.041391597228634,301.1859509027902,0.21864368348718488,11.307994311542183,4.324231805955378
-65.56344089490428,-8.500995642162884,1,68.7113011545405,7.106120671100927,0.7305872294476805,4.376951674868063,190.72485620464778,229.99462049656248,2716.9318975105357,0.8142099636533843,3.094309635143478,6.0,tropical_rainforest,subtropical,clay,minimal,protected,bamboo,river,9.205114589617498,525.8883883740826,10.0,24.964004475736573,4.266608427400373
-68.51796585371825,-39.94905473333438,0,37.94037741249524,3.2076221201156203,0.5375290296825163,7.884865813627596,211.66985632258033,459.5281782781702,3263.437261251174,0.31753763707854754,3.9585421937046545,8.0,mangrove,temperate,peat,high,buffer_zone,palm,river,4.548638690277965,765.0409858118467,0.4583693335658962,22.272831080161044,6.9031618245220585
-90.75209711791237,18.96054321064006,0,32.51289710407438,2.3230669099262578,0.6832657642406323,7.260475090235227,368.13349111565896,408.02627293002024,1536.5534871214688,0.1590058461176541,0.619000175494998,9.0,tropical_rainforest,subtropical,loam,high,protected,fig,none,7.474652188922786,71.7412708767243,3.54823484403299,7.622860949060302,4.902599571053216
-55.75143855015041,4.247781896353086,0,30.33272563170838,1.0582222674732422,0.3342106934753656,5.944877173807601,154.78569824094174,188.22442161277993,1947.8997144718062,0.6896942386254925,6.415166020147573,7.0,tropical_rainforest,subtropical,loam,low,unprotected,pine,stream,3.666770596328755,616.1803062386091,7.757131652499337,25.914275186263538,6.512064192696739
-62.97879467258001,-26.707796061136214,1,73.57785585603403,7.01670457219,0.3339241016040059,8.327785428820219,222.403362093536,247.54223813627698,3422.7870372398447,0.37068464792699723,9.680094092860715,7.0,mangrove,montane,peat,low,protected,eucalyptus,river,9.904798454279767,187.83013484111265,2.170500594975656,18.41009716697106,4.670072365424451
-72.1031091614669,-49.61997457560224,0,36.22227717110471,6.348092623136495,0.6663915788849786,6.807536548382618,367.3719767482647,414.8640921253382,4000.0,0.7651639010825034,6.569386896844864,1.0,dry_forest,subtropical,alluvial,moderate,unprotected,mahogany,river,4.048928819457874,141.8470763958709,0.8905561903145675,24.909143210215852,6.965182546305536
-57.8811066361771,-34.16729633641363,0,39.5953454709337,1.7159617544986683,0.19512617313654654,6.388682997903916,349.9514029392778,207.18143867779582,3850.3285038086988,0.34748401143298735,8.320259613060513,1.0,secondary_forest,temperate,sandy,high,protected,palm,none,2.177559281162269,454.77295237646706,2.5215404650679956,19.271953272673233,6.96091041104936
-49.94694674192599,-20.378955522573293,1,74.00649353073877,5.3825550642434035,0.3629551294259826,4.950768174799873,298.11620645961636,477.1227401264447,2037.5820176211732,0.8533527464561903,7.54535229085805,3.0,tropical_rainforest,tropical,laterite,moderate,protected,palm,stream,8.411005123245467,69.81462333116109,0.8396803956529547,25.505020818434506,3.899528642607002
-49.119508883626175,-21.08145952269144,1,76.47754664094077,10.0,0.1115508443499505,4.618377990532268,56.05925342538855,450.0921762517394,2562.4617814019152,0.6385218360594409,3.092226764735702,5.0,cloud_forest,tropical,sandy,low,buffer_zone,mahogany,stream,5.3181598091266,708.1778282069105,1.3652249486219032,14.516953668672173,3.118459145028652
-72.31347707090599,-5.5654512944362535,1,69.94873387458233,6.527850076006336,0.7185457612417729,7.3616102261318295,371.9346232227513,485.9309078046481,2469.4371618227533,0.266070637178969,2.3827944403427557,7.0,cloud_forest,tropical,loam,minimal,buffer_zone,eucalyptus,stream,13.364366809034895,748.7444730729993,0.0,37.06886614943996,4.265392594588764
-75.16704794237073,-2.011292701708499,1,63.40301220176641,5.033223429135571,0.7041670839663329,5.782267015978642,241.79250768033182,290.30717364031267,500.0,0.562888212225343,1.187178273447362,2.0,secondary_forest,temperate,peat,low,unprotected,kapok,seasonal,4.286026367508766,363.76121678198484,2.9697743673911368,24.619543283202486,6.0268806473388254
-46.5878368624638,-9.576871499016352,0,30.76143903377559,2.621650912508407,0.491183785982249,3.3649135736547544,170.3627324302393,150.9341216524274,1036.7283873268193,0.5387231341444001,1.863862303301374,9.0,mangrove,temperate,sandy,moderate,unprotected,eucalyptus,stream,10.852528218219277,328.7880809270074,10.0,24.111669688278468,4.66066166274725
-77.62609970902201,-5.098804431740855,1,62.37339220366265,3.8485633951810874,0.6651439365878142,6.797734975463198,105.90785151828476,322.60562759914416,1527.5833917647844,0.4573074860867413,10.0,5.0,dry_forest,tropical,loam,low,unprotected,mahogany,none,7.360537685550225,678.1195537796,3.1542706194239183,20.295314215384995,4.398804027621166
-61.24129836975705,1.0922809500485926,0,44.86137492252842,2.227601352281193,0.2772102199814841,6.682198210566344,427.54087236928893,225.40010109101695,1374.3493750082685,0.7239094491685972,3.488766927753706,10.0,mangrove,temperate,loam,high,unprotected,mahogany,stream,2.1723697150170698,197.3724636074831,1.057469109288138,24.768932465073156,3.56086234566399
-68.56922292818234,-40.315393424808185,0,53.401046620291716,3.5821111356329842,0.49270274378082457,5.279616368501876,131.8164122443544,178.43996907553182,2086.4810105001325,0.7477481573794095,3.0695224393087397,6.0,dry_forest,montane,clay,moderate,unprotected,fig,river,1.362699024872221,0.0,0.9493609603356125,27.416087335146713,6.730585887063068
-58.26372602766405,-9.955826796194831,0,56.476782832731786,4.814120794065355,0.255578239160159,7.119560637283145,212.16068145694638,218.3406726737283,2207.708932254688,0.47145716819506683,2.00492274742343,2.0,dry_forest,montane,peat,minimal,protected,eucalyptus,seasonal,4.996784210041476,510.39958089414205,0.07136234145509804,15.409796003592227,4.851250817355474
-70.64825090945781,-42.52702068539304,0,43.27645233031594,3.1704963248557525,0.05981925297635088,7.7020839631626306,38.79903964083997,336.98452859997315,2889.8808619385745,0.7767717143135943,5.347267900606321,6.0,mangrove,temperate,loam,low,protected,mahogany,stream,1.7733103439369304,315.8259299335041,5.05974975977562,45.51289116537987,6.204662967288204
-48.18728052624676,-21.913192839991574,1,59.94198583519537,6.974879883475383,0.6689899110388058,7.21538067391338,361.27283711385473,409.28404138379864,1225.3142756947987,0.71662689956338,8.34058731046723,10.0,tropical_rainforest,temperate,peat,minimal,protected,kapok,seasonal,9.181117109137801,447.84987354207755,0.0064315512828929024,28.092970082358853,5.297972180806797
-48.837581713066925,-26.454481894546948,1,66.92610238932264,4.114611879107655,0.46133617724997544,6.007203735707765,283.59553424434756,311.28676360583654,2003.9975958735329,0.7623999129024047,1.8514726408958548,2.0,tropical_rainforest,subtropical,alluvial,moderate,unprotected,eucalyptus,river,6.3914192309328905,362.3349052593971,1.3500378414079497,10.478960368285959,5.984990476190553
-58.13266799804553,-1.2351085239167459,0,33.91372410004994,2.011048432306716,0.09571244294288092,6.151190785530808,78.20021594436486,377.6549995713661,1104.4382251253842,0.7134724075798492,3.7998234582376735,3.0,secondary_forest,temperate,sandy,high,buffer_zone,palm,none,1.5645069004806764,737.299007599072,3.404507694842577,20.26680777561952,5.633837460725799
-75.2374414385411,-12.629143414665817,1,65.17300885452107,5.215828830234498,0.21529916790076184,7.591865269349474,23.994504969346913,249.07167505202216,1560.7762207688945,0.25281095758122535,9.882784298238313,3.0,cloud_forest,tropical,peat,low,protected,kapok,stream,13.318995057382764,684.9861051337643,8.133949200109221,8.456664642666466,4.68712941163982
-69.59545810427741,-31.741634035310284,0,46.07765155912761,0.9956094265023259,0.5929790165073372,6.564027961958452,349.3264821887517,642.4489628527102,1705.513867951439,0.5384524655824852,4.949641242200555,6.0,secondary_forest,montane,loam,moderate,buffer_zone,eucalyptus,stream,11.982206363241993,338.14528051292007,1.1660869325578735,43.902147247098355,4.676773378881055
-69.12419498882167,-31.600863964879803,0,51.40048367058124,2.1964391731356594,0.5069240957459271,5.187826625735713,134.51536470452265,439.49307745726674,1671.4746378092289,0.44972811301141513,7.067051706065485,7.0,secondary_forest,subtropical,peat,moderate,protected,fig,seasonal,7.039233249369858,0.0,0.5030817274645296,40.38395568552309,6.69514595529534
-72.03568662912414,-44.82163996041315,0,33.77266958488048,0.9675710501579285,0.31607017421875194,6.844058281191085,208.7776751521199,278.9818615158758,2711.052652542091,0.631722074500856,10.0,7.0,cloud_forest,montane,sandy,high,unprotected,fig,stream,14.519943893186374,388.00764506728416,3.0540718083406615,17.29054157597386,4.567614382228367
-67.49222043844496,-22.307579741038932,1,77.31115291292818,4.199747940058645,0.5886134255277347,5.546934184082246,385.36337286320645,328.1023335538606,1729.6912132584719,0.8131229136166599,1.8245751616035686,9.0,tropical_rainforest,tropical,alluvial,moderate,unprotected,cecropia,seasonal,2.6180613175268026,532.5302762988897,2.3540908004651984,21.36345149441925,3.7328323165133654
-76.04009725436318,-6.946027871474963,1,73.1773087678915,5.097129321573979,0.4543726371290808,7.639015916491262,267.5404097976117,444.8669071218519,2899.630407546804,0.6160673148650111,7.88578880728944,9.0,tropical_rainforest,tropical,peat,low,buffer_zone,fig,stream,10.733616475415705,620.6576863329883,1.9571689750972128,50.0,6.2603129216994295
-53.01239669025092,-23.506044526684562,1,66.66205865271965,3.6291822434178487,0.5099438389739701,3.5025499450797177,283.38190112628,278.8328331936841,2285.403172572882,0.7556423615863722,2.4783370925515738,5.0,tropical_rainforest,tropical,sandy,minimal,buffer_zone,palm,none,6.523910004604783,677.657170330305,1.777459440670084,19.45859566565759,5.15968162111893
-90.19680660992604,-0.6955909722912539,1,77.53530007072797,7.626675607808716,0.7722262907542746,6.02513544251147,358.99248509336337,327.1195376084388,3376.141378387613,0.25775006373766896,6.750728716038418,9.0,cloud_forest,subtropical,clay,moderate,unprotected,eucalyptus,seasonal,10.880248063640352,182.98707156175703,0.2512519504867427,11.167904478783257,5.198425588214587
-70.60246508483738,-15.621620921310294,1,53.74742393764911,5.342903821021068,0.6123524537241728,5.282710716071361,252.9272954126752,406.72491834533514,1678.62930168575,0.5291836548732444,4.0859816526158195,6.0,secondary_forest,temperate,loam,minimal,protected,cecropia,none,3.9393287867953806,388.48327604587337,0.7036537880822733,27.230963764825173,5.51212559164442
-60.543489026788684,-36.25413196609764,0,18.628034804469756,2.5932863471341645,0.6032627698359325,4.202240627040397,10.0,590.6784419332705,2016.6796802019117,0.5938936563985437,2.888952856924335,8.0,dry_forest,montane,laterite,low,buffer_zone,eucalyptus,stream,6.327140085947332,748.676638536304,3.926654749150343,18.155329204038484,4.718039981107546
-42.07160922434727,-9.96664987120253,0,43.12078950590861,0.926136320097451,0.3347127188716381,6.20855741142144,234.31152797060938,518.9977344558143,2683.408907218893,0.6409363319050408,5.284997696819519,1.0,mangrove,temperate,alluvial,moderate,unprotected,fig,stream,3.9810629240094855,358.4500907031319,2.5367594316262774,16.959567880463613,3.0786222978327333
-68.75070403186054,-4.9810044730180465,1,54.9872263858161,5.88531490607251,0.6980792983314186,5.136468217854436,306.8094696183121,398.3346274401761,1890.0905002001964,0.06674778959025918,7.384296517132627,9.0,tropical_rainforest,temperate,loam,low,unprotected,eucalyptus,river,6.813143957161795,404.5491894335345,4.186658529201015,15.569499127423983,5.290451058077729
-74.6864791352117,-6.345775796122352,1,56.14376445477555,5.002726051849553,0.6633346015473971,5.070073551224175,376.88643405962057,423.9363455621969,2439.4951688241435,0.27971745613326954,2.64655898328227,6.0,tropical_rainforest,subtropical,loam,low,protected,bamboo,stream,11.226176083456766,421.10449892011053,4.090829424545264,36.11898121367279,6.9809782482999765
-61.5211651381115,1.4095115784357501,0,39.10141319706503,4.540154847705378,0.39543109319659187,5.583803171483998,299.8595109440341,368.92747358803956,2381.7154707130953,0.5257066328686644,5.173631653005196,8.0,tropical_rainforest,montane,peat,low,unprotected,palm,river,1.919486796609998,338.253182844755,5.407332499744614,12.222855338833519,6.477118520989469
-61.5839240621018,-19.990025869736993,1,63.360419602235666,5.842437748936973,0.5621593848639836,7.773416040464342,194.41709211069522,439.89787842044336,3338.534024142332,0.4912783989616389,5.552826540842548,4.0,tropical_rainforest,temperate,sandy,high,unprotected,bamboo,seasonal,2.0055371638206747,584.4208270097263,3.8891460982407366,14.761238652956974,5.663698529707355
-67.65778450242553,-31.432197248141698,0,34.4112415504992,1.9837632283871895,0.2509301437268504,7.921545954312678,432.17147523124373,333.6889455464095,1364.7962762524812,0.5493296837538668,9.286362445257652,9.0,tropical_rainforest,montane,alluvial,moderate,buffer_zone,kapok,river,1.0166634140763353,355.5471964684797,0.006771658759330491,36.59743900311191,3.875946930392984
-55.38784703397599,4.206782855376591,0,27.349311031747646,2.6669367842889944,0.18929778231449498,6.769131308465141,427.60790178276665,194.36004566631541,1002.9788591023762,0.20275250245733606,0.630704410927259,10.0,mangrove,temperate,loam,moderate,buffer_zone,kapok,seasonal,12.408014283231246,268.7480720992252,0.834051616007077,35.36111738951589,6.347743219163496
-57.62854005934554,-34.35651894439953,0,25.909836456733558,0.9947138448744579,0.7123015905286032,4.274004122385318,132.7540468815788,387.9828635829733,1418.1995554141588,0.5142230923762581,5.589589608831785,7.0,tropical_rainforest,temperate,sandy,minimal,unprotected,bamboo,seasonal,4.622520712869248,678.3227157687409,5.413028717065129,23.08159038885528,4.431024123077961
-58.674033461189985,-32.610657732243645,0,36.97900452609169,3.5681857036864466,0.6123248234361981,3.985317670221581,313.16858302507234,361.98726567618206,2175.850206435652,0.4683985133850786,2.445817199715162,2.0,dry_forest,temperate,clay,moderate,unprotected,eucalyptus,seasonal,4.0876160303240585,158.41728811812555,2.1492597953776578,24.04058178395998,4.729658460051148
-71.06329660404313,-43.79364164721156,0,42.98656710502257,0.9826062613052569,0.33733362922491505,3.799343276185589,36.63357052796714,335.9316217417477,964.9150703467162,0.6316419903822293,6.19387768605818,8.0,cloud_forest,temperate,alluvial,moderate,protected,fig,none,5.926307930053824,210.68976726095624,2.9208362780690638,23.538674932185764,6.104721556081384
-54.53885010239532,-1.8314391538377057,0,36.16440388584159,2.8633542027392416,0.2139036307408684,7.385059794714268,95.37504701189825,114.09758460907237,1018.3273969003727,0.6574714138245709,9.121123416700774,2.0,cloud_forest,montane,sandy,high,protected,eucalyptus,stream,6.546617554084916,456.7355754176936,1.3700642242645058,35.522303830089925,4.095888797754507
-61.470701998523246,-23.14204061615686,1,56.52176110410517,2.584690236047087,0.6449251677629241,7.23916180467444,347.0315725601516,50.0,2743.9048984702067,0.46184425731141127,0.18198637096089565,2.0,cloud_forest,temperate,clay,minimal,protected,fig,river,12.952327449680098,671.9331976457883,2.0507978293541598,26.29683409096977,5.143508502366447
-73.47929003653923,-37.5354668976775,0,51.504307007885025,1.5671829951346254,0.6160867941599522,6.678443743351022,90.88934339031465,463.9010439203175,1327.0167686708003,0.7918985293397784,6.58951418840755,3.0,mangrove,tropical,clay,moderate,unprotected,fig,stream,4.624330899851636,429.9194456459464,4.228617910137065,41.26502045362261,6.145824778510709
-74.47011740001129,-49.49470196919405,0,22.511772777329764,2.2989193400401446,0.07339152767070817,4.832754690832951,322.3173117718746,559.9807818078651,1138.3358425200058,0.3244435060750859,3.4278894669885505,1.0,secondary_forest,tropical,sandy,high,unprotected,kapok,river,13.292713165286255,424.23597022499695,6.854323552410547,11.213734018927815,4.791962889507766
-62.46937968024848,9.496863079241933,0,38.40423364492844,0.825895308578955,0.4255701242137484,7.563633130441988,276.9536914494699,174.65129627469466,2151.1268562517753,0.3708574520250689,2.544020365714752,3.0,mangrove,tropical,peat,high,protected,pine,river,2.7836905599324795,394.2297466074563,6.086697669101019,21.95419413417739,6.593615611367927
-68.89649768550538,-23.387127490872633,1,90.68716952487149,8.373503380237873,0.7628864501321805,4.775297262347374,255.83906110004673,418.3825881494784,1539.7215151425305,0.3564714211656752,6.789953162538015,10.0,tropical_rainforest,tropical,laterite,minimal,unprotected,bamboo,seasonal,3.2757203834887396,420.7873447383329,1.8125702003918491,25.265980980728482,5.097452696556871
-54.820269144998115,-30.29322271845485,0,59.393898802026776,2.890621301693524,0.4654814029435005,6.532278426582903,160.46965844406807,510.4821957008332,3257.059504362704,0.4889279340058603,5.6185714647693805,4.0,mangrove,temperate,laterite,high,buffer_zone,pine,river,6.298364833994656,412.0130840624093,5.94973078376672,14.672838395766249,5.056928829735465
-65.50872923463072,-29.6474559667985,1,83.4325266184094,2.9441682846441912,1.0,3.5049593223481352,283.23947223602454,438.57399806729336,1818.2544978560863,0.34086810215222274,5.657728994264832,10.0,cloud_forest,temperate,sandy,minimal,unprotected,cecropia,seasonal,6.315820003696606,329.20802514104565,9.698675773720723,5.0,4.806536134685789
-74.44362098653461,-45.36462184013801,0,39.84002181488674,4.204898276023401,0.5394538282192058,7.435348814578674,234.19659799232787,254.2927745985229,2373.9555439660103,0.2976203256765135,0.684999678855668,8.0,mangrove,montane,laterite,minimal,buffer_zone,eucalyptus,stream,4.820074739935377,104.84276875004119,0.5503353758021873,23.006239287028794,4.263405972633825
-54.697031623519806,1.352413946483874,0,46.34681803532899,2.955352191725107,0.6411564771484469,7.582326531162697,154.155493117858,436.5640861905994,1697.0699670005322,0.2768106969758879,10.0,9.0,dry_forest,subtropical,laterite,low,unprotected,cecropia,seasonal,3.81201129433511,450.2552673262565,6.850158862783395,30.55022617546635,6.764262015868889
-53.41235622746555,-5.313688310285364,0,52.814120482845276,6.111214903041615,0.557187996334189,6.485722752051926,139.78860837713944,123.39668737207367,2118.674448445032,0.3606188771174292,2.8647495464899926,9.0,secondary_forest,subtropical,alluvial,moderate,unprotected,kapok,none,6.558535199905364,520.0915290265201,6.003660979054088,25.55490957090575,6.929752138041287
-66.27193056693724,-25.131193190262575,1,84.46437368536469,6.911726432811477,0.4966839514774186,7.709803406168971,335.3792157336866,444.55550032877983,726.3025476194182,0.399775513829685,4.214639214929383,4.0,cloud_forest,tropical,laterite,minimal,protected,mahogany,seasonal,13.108987058496744,656.0613459673054,0.0,24.509840947689042,3.3464820579534815
-70.31578501009533,-2.053289895380399,1,76.39776294914068,4.517224472329948,0.5080656227691928,5.676361194319706,126.11973536821405,335.35018475614726,1606.2481751808282,0.31630730064556023,7.334906024925888,3.0,mangrove,tropical,peat,moderate,buffer_zone,eucalyptus,river,8.628645766355177,446.4724452359337,0.2942092507499047,42.60159520338218,5.929664250740247
-70.88693992932882,-41.73438203189091,0,56.610496722805095,1.751141902702267,0.280864251549072,5.256225266827243,378.913739676118,493.7885478041341,1395.3854380105336,0.49526963009986125,10.0,2.0,cloud_forest,montane,laterite,high,buffer_zone,eucalyptus,none,2.533696712826738,185.94188839018352,2.9182681325660424,15.018110293444497,5.752995620350463
-53.42493036114869,-22.04463902836596,1,68.80125344734374,5.203174928207453,0.4896905891284722,5.142675582981029,126.56206178370681,273.87304186029365,2909.8525679705135,0.5497397035289184,8.897433160090792,3.0,dry_forest,subtropical,laterite,minimal,protected,palm,stream,7.3980723396554575,163.98503873776664,8.558652957467661,20.277998811812147,5.592702543279671
-58.95335488026439,2.3814971878393987,0,47.855517538669865,4.04911251935637,0.5101201056380545,3.5127406296232326,116.77165733563933,50.0,2799.286996296812,0.8674748621665125,4.629946208844634,8.0,dry_forest,temperate,sandy,low,buffer_zone,bamboo,none,8.30890517676583,165.23586234833223,0.03779874083985805,33.07295284998597,5.288280735710824
-51.037371893412356,-7.090162134526543,0,33.47137749866362,2.8257690483227282,0.6650419671429073,3.6551425290614947,99.83981593132086,447.9229836770506,2039.7580744021413,0.46982566041434065,5.674362057147176,6.0,cloud_forest,montane,alluvial,moderate,protected,pine,river,1.1936776316807634,116.8935038114594,0.5913965704723647,33.094594289656555,5.07556670437523
-65.2125875563341,-35.442456139147836,0,42.91760067750412,4.22795658194559,0.689778140575466,4.309107827903995,338.37003872294343,544.0960811758941,1745.1094630889525,0.4423231362779132,1.9929378390619938,8.0,dry_forest,montane,alluvial,moderate,buffer_zone,bamboo,stream,3.447561946943637,408.03397467689723,0.8808438517243663,25.305903229511962,4.272361181248362
-86.26236169343383,13.761370792426328,0,47.72601871811903,1.6087921749399927,0.11004009575581841,6.188557119433567,341.38259911137885,334.5811250393957,2018.5552921814485,0.5772395808136334,1.9610022712169026,5.0,cloud_forest,tropical,clay,high,protected,eucalyptus,seasonal,8.902557736740594,339.38711560910167,8.293307593115099,19.1635156932771,5.777013868540962
-54.689432385125436,-12.2357411194092,1,70.99152876509213,5.519038949673985,0.8629393158568979,6.928718661652418,306.54259139507127,154.73620769794326,1779.1418613597407,0.6019950163901338,2.991386763133807,3.0,cloud_forest,tropical,loam,moderate,protected,kapok,none,10.743903925804014,775.2738120265768,0.5634017410755134,25.99004496965486,3.6061086665972306
-51.30717628041418,-7.390080842391209,0,51.282883974027804,3.528486346341897,0.15607761780483267,7.231386862364596,167.84672420557314,259.3351158262896,2677.302742557447,0.5333679746489869,2.555254197113747,7.0,secondary_forest,tropical,laterite,high,unprotected,pine,seasonal,6.06688675772712,442.03533830403467,2.083425154274486,29.656781877604622,5.723862173596152
-67.23265986532672,-27.455201206510843,1,87.27882089636674,9.290061137371906,1.0,7.462655294532352,272.7551801109357,471.82388482133587,3292.8428791504607,0.4208718521625282,0.9399927772434121,2.0,cloud_forest,tropical,sandy,moderate,buffer_zone,mahogany,seasonal,12.628617080091182,640.7132954802788,4.687722238532043,39.53467362799368,6.53786299159541
-65.63259105936743,-8.555632608174466,1,63.89120099753233,4.917901170895214,0.7554918333734143,6.926053731692345,163.26950621230952,436.45961297579214,2422.22602120351,0.5453222089199408,6.670076773148737,9.0,dry_forest,temperate,clay,minimal,buffer_zone,mahogany,river,10.107876328359012,597.3359284265998,0.014070712886922361,14.270197673497748,6.019058290305296
-77.386368098435,-8.888082191298759,1,69.36113940222448,10.0,0.9096703889212818,8.073449105722387,272.4604508445996,491.8455284821544,1909.1245320588966,0.7505353924030449,3.257031928550827,7.0,cloud_forest,temperate,laterite,low,protected,kapok,none,2.6206871516677093,623.0040138715066,1.4357599717377578,19.74945545158114,6.106715121104729
-67.54652511557882,-33.88203653275202,0,39.11452777657084,5.029734107618867,0.13744185725098956,3.8176310430406017,124.95134249634377,182.26157830255966,2099.649698482358,0.6286055636900696,8.152448318825344,4.0,dry_forest,montane,laterite,low,protected,pine,stream,6.4146103827572505,405.5874362626843,1.552321626366845,18.710595769331686,5.640721045250447
-84.65752763796493,21.83515110586901,0,53.69178299337759,1.2875826057088484,0.6441668838593448,6.742928633559013,113.78365840959603,344.5112862299324,2321.5094131591754,0.565346123799574,6.944220226555907,10.0,mangrove,subtropical,clay,moderate,unprotected,bamboo,stream,3.3927027821255984,460.33100088187376,0.8124825130627216,33.17921640457577,5.45955183441983
-54.928179815963496,1.0806914775819232,0,26.19913112028424,2.269784775889807,0.30987516382596947,6.288981325128747,158.73871574631696,212.4143126251866,2618.644698499344,0.794754015690928,6.761704843432582,7.0,tropical_rainforest,temperate,laterite,moderate,buffer_zone,fig,stream,9.517372776453602,732.2499927943252,0.05134226202605331,18.783213149813882,3.3885428008377922
-68.88180970755799,-5.016890581862434,1,70.63140823093867,2.6509172093906326,0.23218969087184954,4.952547063890945,66.19597130571128,208.81370486301083,1907.1594351213757,0.6152513629138885,10.0,6.0,secondary_forest,subtropical,clay,minimal,unprotected,eucalyptus,seasonal,8.35117227689213,203.9443978194856,1.113941962185004,28.28274947456147,5.652132934843396
-68.98435088355399,-4.73053970994645,1,50.81791759223465,4.0259572885136965,0.3291973539441186,6.5425954910519515,218.44905688748392,320.53332483461816,2443.6651696958293,0.5416309198272328,6.222923241991107,7.0,dry_forest,subtropical,alluvial,minimal,protected,fig,stream,9.546344689393287,99.3492583817595,6.067144936064797,16.464674202364492,6.909705733089939
-65.47016052984807,-0.18175082479240984,1,64.8692819008646,3.9324404520773295,0.6452420631927241,6.645234967935252,225.67143951203903,416.62864764173247,2591.636049717247,0.4120221899204453,3.2741001474359694,5.0,cloud_forest,montane,laterite,low,unprotected,pine,stream,8.878673202002776,612.327192701489,1.265380350544939,19.005177133833705,4.413880938563504
-68.21100942851123,-37.41753416286442,0,61.48213654049658,1.210238256045228,0.08113004814093819,6.476528388011483,296.0503855076791,288.7087679173976,3213.852905920179,0.7280468040623705,5.9114000399731434,1.0,dry_forest,subtropical,loam,high,protected,cecropia,seasonal,1.994674958615526,221.50764714642835,0.1450764014768901,5.726495643251823,6.535929587522377
-51.64140829204276,-30.81092795870056,0,22.99952471813808,3.080391762539307,0.6862538496694066,6.89522435098716,284.7019577145456,183.41431772392983,2744.2386840609965,0.4802177791674968,7.275769109963767,2.0,dry_forest,montane,peat,high,unprotected,fig,river,9.512238755980885,694.2057640269804,0.07038914584261,37.70032377099948,3.1909790271043037
-62.10590161655169,-1.0527226223328687,0,30.487172729830036,5.052854088535926,0.5726013527256897,6.062501889289042,277.2803090098276,558.2658021732636,2577.5566211480173,0.650955879832578,3.2556345285547423,9.0,secondary_forest,montane,alluvial,high,buffer_zone,bamboo,river,7.403790737440326,242.9503985624911,0.22686544215254112,17.733817936903787,3.246242326077645
-64.90600689591908,-32.48898703854022,0,54.57068438184932,2.2802208519529517,0.4789780449303409,6.801356217014169,115.06621519348248,205.60555580400307,2513.6730895918727,0.29649673485279343,10.0,2.0,tropical_rainforest,montane,laterite,high,unprotected,kapok,stream,12.3702962496609,438.56192951926084,5.808919481178971,10.895513190753672,5.338843229125077
-56.35213973081045,4.768824952254104,0,42.60728329016629,1.358014730359378,0.11078543968536939,7.502285363739912,134.12972941956062,436.066065864203,2344.4654651931396,0.7770660960813524,3.80746897132717,3.0,dry_forest,subtropical,sandy,low,unprotected,bamboo,none,8.847713351861646,151.50303783674707,4.6984855159374534,10.37197702349313,6.925835329194361
-67.77450461349301,-31.48482854181924,0,36.54695919026082,1.5660944693822547,0.5292370014334946,3.369608583228818,217.35641755056358,197.85081670366722,2578.801735235014,0.4923466626715961,2.531852896106141,2.0,tropical_rainforest,temperate,loam,high,unprotected,pine,river,8.314869969547797,542.769770870616,0.038208554850347506,23.693640911488878,4.789392239785165
-42.96178102935048,-21.375722800515106,1,78.09152040234582,4.139243064930144,0.9084929253330887,8.378193595488169,269.08393081894064,239.8070132607582,2552.0855528945967,0.4066016175705513,0.2628801477002273,3.0,secondary_forest,subtropical,peat,low,protected,cecropia,none,18.71237777729577,326.4609364529604,2.6715432371849857,38.18775106100517,5.48173902297035
-71.88278804415236,3.4705673462371966,0,35.27012941003429,2.6374354659592796,0.230443686124176,7.6889247840080746,95.21389943506131,382.76517425865273,1630.5387416722217,0.6824759752693251,1.968175538276612,1.0,dry_forest,subtropical,clay,high,unprotected,mahogany,river,2.367527676527626,455.06013246799614,6.962138789737261,20.329624376859066,6.662524865662059
-91.60799609112036,14.72593897486453,0,46.0594388379803,7.272857447681523,0.5267235923119138,6.089537120593243,44.24610951837178,377.8971674742063,1039.8005350639228,0.7521029825217527,9.897667074252256,6.0,secondary_forest,montane,peat,low,unprotected,bamboo,none,5.558539815497172,283.60867936685514,0.41364391016076885,5.0,3.2096487975401877
-46.14245161271886,-24.23877679348271,1,75.51402346367337,6.540231868823973,0.6707308045702588,7.487244600381551,171.86935980462874,364.1763040397513,1855.4395413549512,0.8794109584426772,5.073911177729156,3.0,cloud_forest,temperate,alluvial,high,protected,kapok,stream,4.365111322073031,275.66257075298495,1.2271092328503532,31.51107573230741,4.489999279001711
-67.11218996806487,-23.342367562652196,1,74.94458085957224,6.079064218605221,0.4944326521954594,6.427959126102271,449.21357102521887,202.7550972788728,3606.003905417421,0.5171429459502069,0.8749910095052221,3.0,cloud_forest,subtropical,clay,low,buffer_zone,kapok,river,14.068911328926253,317.1575913288234,2.008216114937326,28.84026821576851,3.3176730603907223
-61.16644935962401,-36.67106064704744,0,37.095080190946824,1.1350025480568202,0.6950430141267273,4.507572676197667,39.479288212293696,225.8877178871275,2058.9438474119547,0.13692860567305737,2.8338100527044983,3.0,dry_forest,montane,peat,moderate,unprotected,mahogany,stream,4.733305538493596,451.276851677027,0.40303692400878127,33.50653760058522,5.382105580604021
-66.16890407145077,-16.91757775070967,1,100.0,10.0,0.6352934416391421,5.33693644575979,186.5391090945673,481.05907823350924,2354.936457504729,0.4175414587791855,10.0,6.0,tropical_rainforest,montane,sandy,minimal,buffer_zone,fig,seasonal,1.4726901588475383,569.6837751889069,0.9045676521790342,26.285546688203326,7.543351810879874
-67.29166251837478,-23.578344464078004,1,82.59856459101033,2.5804669189851994,0.2661460049715695,5.432398749937293,172.99560075829902,50.0,3120.8179025608592,0.6419251575881497,2.3874815566002114,4.0,tropical_rainforest,subtropical,clay,low,unprotected,eucalyptus,river,4.780459241171814,473.9866146450058,6.226603136737495,30.707431836541556,6.997662502790044
-57.660965089141676,-1.2625402387065634,0,48.59816774724447,0.826303969175687,0.47919985645568597,6.244709679761664,328.53701610377254,382.5780960920726,2124.982319847219,0.15651398777919395,10.0,7.0,cloud_forest,subtropical,alluvial,low,buffer_zone,pine,seasonal,10.813548580613054,394.98257618924305,2.2339201368539374,16.3178320127525,3.884316666458737
-51.21668843287252,-4.882840700883057,0,28.58519829036689,1.63731066115361,0.36797799649816665,4.074404860463946,227.7641327534423,611.8543286437501,1013.8978423185383,0.8077181977625453,5.47570126271791,8.0,mangrove,temperate,clay,minimal,buffer_zone,mahogany,seasonal,8.545302559942753,442.20170069424466,10.0,27.683446757807047,4.408175841992426
-57.9003654215797,-1.3032663705796619,0,33.10483379977773,3.369876815684368,0.6193932904622865,4.5198513798550275,195.06393332901553,156.0505229921224,1814.1718625852347,0.37536969145720095,3.974346607380157,8.0,secondary_forest,montane,alluvial,moderate,buffer_zone,cecropia,seasonal,6.499165733979646,378.1086761673228,5.035779091822809,11.896864751432437,5.669273014618042
-60.8736296076101,-36.39544698934028,0,56.22690381745574,2.6572655570315087,0.16159034230429972,7.072684804312962,253.35366393000436,612.9148829260504,1564.76444832283,0.3333996822784804,0.6063526479593474,8.0,secondary_forest,montane,clay,moderate,protected,cecropia,seasonal,2.8504246106614826,367.1958884874725,0.3088602828965906,22.039503234471525,6.793340794668076
-61.05242732065048,6.5997096576331655,0,47.35775176192475,3.3826166770605743,0.21430884206902664,3.9549101527010144,163.51815943209678,270.6203511392828,1610.5193730507503,0.44190366818247245,6.41810895420162,10.0,secondary_forest,temperate,sandy,moderate,protected,bamboo,seasonal,7.589629041195943,392.3230040716429,0.1959859255537505,27.733632194949106,5.345833304366998
